date,sku_id,yhat,yhat_lower,yhat_upper,is_future
2023-01-01,SKU_001,316.3056759185039,280.5796018711961,351.4494344495982,0
2023-01-02,SKU_001,276.94928450114395,242.4261632498946,312.66789719055134,0
2023-01-03,SKU_001,245.58042953058896,209.50547208720135,280.67419414931754,0
2023-01-04,SKU_001,245.49404104248694,211.77555651933687,278.76303052846765,0
2023-01-05,SKU_001,275.8246815100149,239.14203093214817,311.08846491915824,0
2023-01-06,SKU_001,326.944754445497,293.84666450380394,361.02312474261856,0
2023-01-07,SKU_001,336.4430537444496,302.7996228885677,369.1188897277419,0
2023-01-08,SKU_001,313.47648364829496,278.4434356367741,346.0933612963652,0
2023-01-09,SKU_001,273.11161748528644,239.05224826696036,304.1108352255606,0
2023-01-10,SKU_001,240.74663433981243,206.2081604612351,277.9909112169577,0
2023-01-11,SKU_001,239.70309683659488,204.6292079856706,276.1962253851387,0
2023-01-12,SKU_001,269.1408995327355,232.40008813982618,302.2013594077541,0
2023-01-13,SKU_001,319.4557940739031,283.3150120381476,353.18101388322606,0
2023-01-14,SKU_001,328.2573154272651,293.1283719313833,363.6281711463758,0
2023-01-15,SKU_001,304.71995559017535,270.6375107469945,337.20263685899226,0
2023-01-16,SKU_001,263.9242672317976,230.1598168033317,300.1297198632225,0
2023-01-17,SKU_001,231.27844809172913,199.54445345899006,264.9005026359591,0
2023-01-18,SKU_001,230.10987808399656,197.07053161734763,263.1484506201862,0
2023-01-19,SKU_001,259.57994421792813,225.8000463639971,295.43978343401636,0
2023-01-20,SKU_001,310.0815618346474,276.72466871974143,344.10514070740373,0
2023-01-21,SKU_001,319.21721550325617,284.25126815130085,353.769678121866,0
2023-01-22,SKU_001,296.15036173916246,259.82183904090317,329.3872077608193,0
2023-01-23,SKU_001,255.9468686480825,222.37340424709842,292.4095155093187,0
2023-01-24,SKU_001,223.9970330731127,189.37435243638896,257.5596655608687,0
2023-01-25,SKU_001,223.60763435826473,189.42185336533203,257.2745621395058,0
2023-01-26,SKU_001,253.9173448267136,220.40007421256345,290.5524447736337,0
2023-01-27,SKU_001,305.29488862406737,269.8549002080966,338.0033869249245,0
2023-01-28,SKU_001,315.31775422622525,280.2472024252388,350.3327976396859,0
2023-01-29,SKU_001,293.1242838928511,260.66262660929317,327.04835611494303,0
2023-01-30,SKU_001,253.75579607981928,217.1525365392427,288.34955742920346,0
2023-01-31,SKU_001,222.57926259355668,190.3449204392941,255.88063412614352,0
2023-02-01,SKU_001,222.87998162743608,190.01793205476267,256.23875625799775,0
2023-02-02,SKU_001,253.77755010402774,217.41206963636517,286.01857281228786,0
2023-02-03,SKU_001,305.6245121262999,272.44933386395724,340.7190584448612,0
2023-02-04,SKU_001,315.9854760804972,278.7959037757121,350.26668585708364,0
2023-02-05,SKU_001,293.98951348219975,260.8687697331231,324.01563906375577,0
2023-02-06,SKU_001,254.67248813234937,222.0628916438301,290.18691480072783,0
2023-02-07,SKU_001,223.39983287191907,187.39118812251795,258.14369390392005,0
2023-02-08,SKU_001,223.45921362534,190.18750967930188,256.70963576048797,0
2023-02-09,SKU_001,253.97638576002305,218.80165646349275,290.90643916592126,0
2023-02-10,SKU_001,305.31362414461415,270.07369671227303,341.78692768390886,0
2023-02-11,SKU_001,315.04852683811265,280.32640972809634,350.60746362857475,0
2023-02-12,SKU_001,292.32601547557624,257.291729403313,326.8264389611887,0
2023-02-13,SKU_001,252.2001931419408,218.2731398262822,285.1779667525297,0
2023-02-14,SKU_001,220.05659115201152,185.78872047952675,250.61197907931523,0
2023-02-15,SKU_001,219.20426001972427,185.01570236208133,253.71754606579768,0
2023-02-16,SKU_001,248.79102625323574,213.85474198398077,282.03948327863833,0
2023-02-17,SKU_001,299.20131349213096,263.80865849050434,333.84127907458975,0
2023-02-18,SKU_001,308.03434505956795,274.0519928787906,345.12573994774976,0
2023-02-19,SKU_001,284.4555678738442,248.86608880553655,318.92605968419343,0
2023-02-20,SKU_001,243.5379739797599,209.8454930186811,277.0353921698489,0
2023-02-21,SKU_001,210.68386587163948,174.75930917887888,246.42756690060318,0
2023-02-22,SKU_001,209.2165334038768,177.41487364814728,244.29063746870403,0
2023-02-23,SKU_001,238.29517452587262,202.55589336574698,272.1538958074268,0
2023-02-24,SKU_001,288.31246656244844,253.56330423689107,323.38441896118377,0
2023-02-25,SKU_001,296.8726107641456,259.69109373729896,331.60725539853934,0
2023-02-26,SKU_001,273.1426928217449,237.1100858467742,307.6115050493423,0
2023-02-27,SKU_001,232.19403609758308,199.85865851321952,265.57056273787435,0
2023-02-28,SKU_001,199.42409085354996,163.65951637538967,233.1257094098131,0
2023-03-01,SKU_001,198.14832226714498,164.87502563633237,233.19047445518635,0
2023-03-02,SKU_001,227.51542184086205,193.5446488770076,262.83094072826094,0
2023-03-03,SKU_001,277.9052391566227,243.5351664349399,313.97032828230385,0
2023-03-04,SKU_001,286.90724507119586,251.4174613545595,319.36919573528183,0
2023-03-05,SKU_001,263.6723559229534,229.73416236964735,296.8686039956467,0
2023-03-06,SKU_001,223.25478128671838,188.96970224128464,255.69165833304478,0
2023-03-07,SKU_001,191.03442367906695,155.11232263279493,226.72580756092188,0
2023-03-08,SKU_001,190.30927790894538,155.35929001746322,226.937057569579,0
2023-03-09,SKU_001,220.21113981131498,184.4719514780247,253.8150037733781,0
2023-03-10,SKU_001,271.10400710486806,234.27487662695015,306.55051238976796,0
2023-03-11,SKU_001,280.562970331447,243.91875151773434,313.5125066518646,0
2023-03-12,SKU_001,257.726411743892,221.96314756347743,291.5428905851839,0
2023-03-13,SKU_001,217.63816474838652,182.0420609350406,251.1341022690069,0
2023-03-14,SKU_001,185.6701543699936,149.99210649125766,219.54026436613216,0
2023-03-15,SKU_001,185.11496082551164,150.67819786375725,218.47746228477845,0
2023-03-16,SKU_001,215.10161258503706,180.56103195752434,247.17575235553508,0
2023-03-17,SKU_001,265.9939908369786,231.92857032868818,302.5077523971229,0
2023-03-18,SKU_001,275.36964487157286,239.95322663827037,309.99551729477025,0
2023-03-19,SKU_001,252.37184016193308,216.91021647052204,285.0272970510479,0
2023-03-20,SKU_001,212.05149784643996,180.56291378019944,245.3199791242881,0
2023-03-21,SKU_001,179.789554193981,142.53307015215765,212.70418254263961,0
2023-03-22,SKU_001,178.88919186618287,146.01312462049071,214.59607339515466,0
2023-03-23,SKU_001,208.4912605939606,172.0344650591144,243.78626493869868,0
2023-03-24,SKU_001,258.9722813584267,224.2614855896204,293.3729844611236,0
2023-03-25,SKU_001,267.92284645047306,232.7253522712821,302.3499566588275,0
2023-03-26,SKU_001,244.49925028111892,210.820315132434,280.9456184559538,0
2023-03-27,SKU_001,203.765022592497,169.23150984508578,237.7232217071916,0
2023-03-28,SKU_001,171.112905037193,136.29473671019642,208.93670318154028,0
2023-03-29,SKU_001,169.85673441365327,137.45576437524053,205.59328831258853,0
2023-03-30,SKU_001,199.14656038409203,164.11358008418236,231.5234586355699,0
2023-03-31,SKU_001,249.36640041884533,213.55006179683315,284.22410047146275,0
2023-04-01,SKU_001,258.11245118556695,223.1437838140721,291.47392371532106,0
2023-04-02,SKU_001,234.54459611736513,198.97102936298418,268.96539431977993,0
2023-04-03,SKU_001,193.72788353870533,160.79866216509268,227.56573191204882,0
2023-04-04,SKU_001,161.05451687938105,127.08420461146501,195.61473554834066,0
2023-04-05,SKU_001,159.83581855979833,125.19493590315138,195.17801649635496,0
2023-04-06,SKU_001,189.21749211379748,155.71401577543728,222.5182948477656,0
2023-04-07,SKU_001,239.57757873274912,206.69952690779715,274.02884622990916,0
2023-04-08,SKU_001,248.5049209190458,216.4868416267155,279.7896921238906,0
2023-04-09,SKU_001,225.1509636015294,191.28637093353314,258.4133320830269,0
2023-04-10,SKU_001,184.5715570321171,148.2821792800225,219.1664737992915,0
2023-04-11,SKU_001,152.14929196387612,117.38004298674373,188.0194704964745,0
2023-04-12,SKU_001,151.1858172160637,116.89760883001897,185.9474984812979,0
2023-04-13,SKU_001,180.81745202680824,147.01348094699182,214.97637696502667,0
2023-04-14,SKU_001,231.41347875206165,197.55338538188988,265.5651395735477,0
2023-04-15,SKU_001,240.5549167640326,205.44731975174437,277.8764395105564,0
2023-04-16,SKU_001,217.38659831490006,183.80165779835167,251.75950798081433,0
2023-04-17,SKU_001,176.95920178701792,143.30033207975444,209.99564287947908,0
2023-04-18,SKU_001,144.65176551162847,112.59918610409022,182.38901285903424,0
2023-04-19,SKU_001,143.76412666061083,108.60851698973451,177.75244417520648,0
2023-04-20,SKU_001,173.43259389190032,138.29539980560548,209.6991387250077,0
2023-04-21,SKU_001,224.0282375788898,192.4195012627725,258.50437614351637,0
2023-04-22,SKU_001,233.13559877941998,198.9193444216746,269.20205719377765,0
2023-04-23,SKU_001,209.90464003917057,177.37296572282366,243.97496751122117,0
2023-04-24,SKU_001,169.39259770111605,134.16797350590315,203.26601433945098,0
2023-04-25,SKU_001,136.98626495752268,106.8737171469157,172.22541695180158,0
2023-04-26,SKU_001,135.99415779284496,100.02002255703529,169.20842758681377,0
2023-04-27,SKU_001,165.56188149306405,129.18772467881735,197.23710438376585,0
2023-04-28,SKU_001,216.07009160570826,179.85554421000694,251.11539183814364,0
2023-04-29,SKU_001,225.11285710848492,191.16619671342488,260.648771288893,0
2023-04-30,SKU_001,201.84928104401146,166.18703145504506,235.43943750025338,0
2023-05-01,SKU_001,161.34500758511751,126.60443429962025,196.69608691230349,0
2023-05-02,SKU_001,128.99419763323476,90.29178354839557,165.41578326740486,0
2023-05-03,SKU_001,128.1114143960802,93.67633824948739,164.30555911006186,0
2023-05-04,SKU_001,157.84675009522897,123.64747878252908,194.1388017193825,0
2023-05-05,SKU_001,208.58359570613658,174.23063654023073,239.87178609918703,0
2023-05-06,SKU_001,217.91687216683107,183.70351583988216,251.3390688187883,0
2023-05-07,SKU_001,195.0045620975041,158.95966696292265,228.0402352539209,0
2023-05-08,SKU_001,154.90921581338864,122.29284154802036,191.78951469313748,0
2023-05-09,SKU_001,123.01997268946099,89.37935080089824,157.79750470559898,0
2023-05-10,SKU_001,122.6445591898922,86.99399817108146,156.88585992790283,0
2023-05-11,SKU_001,152.92458743945684,117.77161071050384,188.19240591689424,0
2023-05-12,SKU_001,204.23355127936895,170.24516111058938,240.52668744177421,0
2023-05-13,SKU_001,214.15533155561613,177.49988524204733,249.73708256265232,0
2023-05-14,SKU_001,191.83604146407242,159.43143349129113,227.6790874844771,0
2023-05-15,SKU_001,152.32587625419436,117.71162181074956,189.18114285884357,0
2023-05-16,SKU_001,121.00149787630964,85.08853750183741,154.8773902741089,0
2023-05-17,SKU_001,121.15840476437322,86.18599501389916,155.63727135255638,0
2023-05-18,SKU_001,151.92659919095232,116.33995173045275,187.53894398314526,0
2023-05-19,SKU_001,203.66893773472114,168.14758827518975,239.23388235350413,0
2023-05-20,SKU_001,213.95996560167464,179.85266381589983,248.51437637733335,0
2023-05-21,SKU_001,191.93805534526652,158.97262804518908,225.41597035280068,0
2023-05-22,SKU_001,152.6462103510094,118.00801156864918,186.39423806651698,0
2023-05-23,SKU_001,121.45852934533302,88.04703524506081,154.2098144872497,0
2023-05-24,SKU_001,121.66882869576904,87.01668356300948,156.51144839651116,0
2023-05-25,SKU_001,152.40767754498015,116.19640040942778,186.65302556237336,0
2023-05-26,SKU_001,204.04075516338142,168.1596782243398,235.89698962422543,0
2023-05-27,SKU_001,214.1476253960071,179.54657364149944,247.60721805073823,0
2023-05-28,SKU_001,191.87375020138094,156.86685517412025,226.37452209275224,0
2023-05-29,SKU_001,152.27240080905034,115.37296838860586,186.20684401058145,0
2023-05-30,SKU_001,120.72699454142754,86.39983795871481,157.23008794991193,0
2023-05-31,SKU_001,120.54330826512081,85.24146469965417,152.85577565167267,0
2023-06-01,SKU_001,150.86488500097312,116.88276717118603,185.9751206842894,0
2023-06-02,SKU_001,202.07102650581191,168.8192773139055,235.8999863410691,0
2023-06-03,SKU_001,211.75518282713432,177.24220531892215,243.56588085262172,0
2023-06-04,SKU_001,189.07657230341934,153.6226810961471,225.2786087089054,0
2023-06-05,SKU_001,149.101702302857,112.00467605331472,184.89190225271133,0
2023-06-06,SKU_001,117.22633044433202,84.18867859501415,152.4453800558778,0
2023-06-07,SKU_001,116.76732854021137,82.45654475255105,148.75081372308244,0
2023-06-08,SKU_001,146.87777629652072,113.89401912834859,180.33837620437615,0
2023-06-09,SKU_001,197.9446870017001,162.50875243237863,232.67652742691425,0
2023-06-10,SKU_001,207.56718424130048,169.77859823354717,242.35684452662213,0
2023-06-11,SKU_001,184.9079695293463,148.3996776209404,221.76518842155664,0
2023-06-12,SKU_001,145.03475573827373,108.04389398425502,178.25911900806878,0
2023-06-13,SKU_001,113.3422086963635,76.07724969583242,149.92221144781067,0
2023-06-14,SKU_001,113.130903166715,77.49593322856478,146.96065120580434,0
2023-06-15,SKU_001,143.56140176404114,109.45201862540712,179.0889058031637,0
2023-06-16,SKU_001,195.01328949202755,161.47030551579562,230.29902607578825,0
2023-06-17,SKU_001,205.0765435227152,164.47166379290755,241.15251265266045,0
2023-06-18,SKU_001,182.90328789018108,148.54307788582082,217.59027293472803,0
2023-06-19,SKU_001,143.54955583577774,107.99470390170279,175.62506179293675,0
2023-06-20,SKU_001,112.397592145702,79.60113434303662,147.87430370276581,0
2023-06-21,SKU_001,112.74814729821095,77.81689969872788,146.8524869958301,0
2023-06-22,SKU_001,143.7360773142986,109.32500351707137,179.34532444503387,0
2023-06-23,SKU_001,195.7286360940144,163.9361686928646,230.87142441311843,0
2023-06-24,SKU_001,206.304261976392,172.74023436920825,243.22879515869923,0
2023-06-25,SKU_001,184.60467979154774,150.73079626917564,217.74027976129508,0
2023-06-26,SKU_001,145.67697391152137,112.3899827095035,181.8908390505632,0
2023-06-27,SKU_001,114.8961551239052,78.24011502388402,150.30991508917796,0
2023-06-28,SKU_001,115.55766503813079,78.42262531601335,149.85010040412268,0
2023-06-29,SKU_001,146.79312546549917,110.2007189986024,180.74274645228303,0
2023-06-30,SKU_001,198.96871496096946,163.89775891387205,234.5271153656319,0
2023-07-01,SKU_001,209.66397167216002,174.60963723568665,246.13245349855873,0
2023-07-02,SKU_001,188.02384325643197,153.27326333845085,224.6817108499804,0
2023-07-03,SKU_001,149.1006409705514,114.49235652650297,183.0676002248352,0
2023-07-04,SKU_001,118.27642441616128,86.02011748482899,153.42003354767752,0
2023-07-05,SKU_001,118.85526626365815,80.674456954978,153.37289797832798,0
2023-07-06,SKU_001,149.97871179604928,113.58230522637996,184.76730913750995,0
2023-07-07,SKU_001,202.02382442426114,167.37878538303022,238.1214799661972,0
2023-07-08,SKU_001,212.56934804518704,178.95392033545306,247.41452958623972,0
2023-07-09,SKU_001,190.78421092051428,154.09799404443714,223.3806807623473,0
2023-07-10,SKU_001,151.73225471259752,116.43226047925204,184.66884789978636,0
2023-07-11,SKU_001,120.8065126766332,85.98993757141052,155.59550416986747,0
2023-07-12,SKU_001,121.32110572841731,84.41294027135247,156.0600198777444,0
2023-07-13,SKU_001,152.4263613659282,117.07491424304409,186.98183179525253,0
2023-07-14,SKU_001,204.50655738903953,170.9209236715182,239.65724179367675,0
2023-07-15,SKU_001,215.15810944696256,179.48250120398066,249.45995541096178,0
2023-07-16,SKU_001,193.54104259833713,162.34411861033706,229.27878490110484,0
2023-07-17,SKU_001,154.72042232954274,119.88913597612468,188.9660280716225,0
2023-07-18,SKU_001,124.08828823045235,88.81129772209687,158.93649710639076,0
2023-07-19,SKU_001,124.95555419873924,91.75831091686706,159.01228809658622,0
2023-07-20,SKU_001,156.46720195165778,122.71076208359207,193.29872695535911,0
2023-07-21,SKU_001,209.0001679457988,174.55002763429516,242.5170964607444,0
2023-07-22,SKU_001,220.14173877160675,187.11457428384895,256.34893546436246,0
2023-07-23,SKU_001,199.04128922345916,163.93722316273062,235.13036772440861,0
2023-07-24,SKU_001,160.75203067383757,124.8234495075123,192.3235158341413,0
2023-07-25,SKU_001,130.65330351003848,97.7644067251994,167.60722014130974,0
2023-07-26,SKU_001,132.04286673832692,95.7718778681089,164.92667829749348,0
2023-07-27,SKU_001,164.05249975177222,129.23613617637034,199.0445633073549,0
2023-07-28,SKU_001,217.0463039217656,184.98748187285935,251.69482977947285,0
2023-07-29,SKU_001,228.59950635578548,193.77386992873497,267.5341947290878,0
2023-07-30,SKU_001,207.85058740027242,171.8573500641341,242.59425284194748,0
2023-07-31,SKU_001,169.83946084845934,135.77533794129906,204.44385182755707,0
2023-08-01,SKU_001,139.941862002016,105.62694230472222,175.3685091213314,0
2023-08-02,SKU_001,141.45012128775323,106.35783201272528,175.6096060114766,0
2023-08-03,SKU_001,173.49289520961707,138.72750348664474,207.10361988107198,0
2023-08-04,SKU_001,226.43360286492467,191.38728486204218,258.14121212300176,0
2023-08-05,SKU_001,237.84929214549445,203.5234276489567,273.5256612998241,0
2023-08-06,SKU_001,216.88275460443205,184.09234180341085,252.39714651106024,0
2023-08-07,SKU_001,178.58454413785137,143.1785401199977,213.09817054239238,0
2023-08-08,SKU_001,148.33542390177405,113.64052289414013,184.7584354307966,0
2023-08-09,SKU_001,149.43868866226393,116.3306783368779,181.98077805074027,0
2023-08-10,SKU_001,181.03567532299434,149.62992539437235,216.516257242764,0
2023-08-11,SKU_001,233.50385075987788,198.18519051398522,270.09944411749586,0
2023-08-12,SKU_001,244.43528450263693,209.19556282618757,277.16207762142,0
2023-08-13,SKU_001,222.98833661302984,189.0457928422792,256.0691283565525,0
2023-08-14,SKU_001,184.2292283726066,147.40065991523346,217.4964834624447,0
2023-08-15,SKU_001,153.55403338204763,118.05149934899691,187.28484417562424,0
2023-08-16,SKU_001,154.28054978548857,118.6072636875296,189.53593736445325,0
2023-08-17,SKU_001,185.56337980537643,151.7367403941033,221.8037161375482,0
2023-08-18,SKU_001,237.79161868424285,204.6671708032508,271.3067556387789,0
2023-08-19,SKU_001,248.56697266817287,211.8183669713014,279.4162353425974,0
2023-08-20,SKU_001,227.0551472518172,191.82407382513742,259.8459577383871,0
2023-08-21,SKU_001,188.32718258706717,155.20058960715815,220.58436728635175,0
2023-08-22,SKU_001,157.7812811030834,123.62657581368185,195.28414210104728,0
2023-08-23,SKU_001,158.73459284381238,123.52843769563636,193.2297993397371,0
2023-08-24,SKU_001,190.3382905934512,156.06055154314978,224.37287585920137,0
2023-08-25,SKU_001,242.97533202794585,207.42535349845787,278.69005492231196,0
2023-08-26,SKU_001,254.23873243651363,218.89664564368744,288.4972638476943,0
2023-08-27,SKU_001,233.2831824005129,195.909605937405,267.18900157448303,0
2023-08-28,SKU_001,195.16668159206588,160.79724953089132,227.37062717027752,0
2023-08-29,SKU_001,165.27272535817076,128.2370388215069,201.1499528694145,0
2023-08-30,SKU_001,166.90249993313387,130.61972480327077,201.6102801577229,0
2023-08-31,SKU_001,199.19040377709453,164.94322492897305,233.54643692999954,0
2023-09-01,SKU_001,252.50228488727603,213.4970934801227,286.987412415358,0
2023-09-02,SKU_001,264.4141982301603,230.54945734056705,297.8935956098707,0
2023-09-03,SKU_001,244.06450624705948,207.70114155078105,275.5855866125053,0
2023-09-04,SKU_001,206.49597881261263,170.44824101823536,240.57106726786674,0
2023-09-05,SKU_001,177.0784155114961,141.23607358790477,210.91314090905783,0
2023-09-06,SKU_001,179.10123311743294,144.9368085014337,213.13107606922097,0
2023-09-07,SKU_001,211.68932404282722,175.82880683729869,246.60296104530659,0
2023-09-08,SKU_001,265.2015654594942,231.4044470547262,301.72503790493033,0
2023-09-09,SKU_001,277.20977499372424,242.96037123925683,315.7818958792233,0
2023-09-10,SKU_001,256.85092984656734,222.52772623155582,292.66300966972886,0
2023-09-11,SKU_001,219.16930197113822,185.2295423002905,252.94987885158687,0
2023-09-12,SKU_001,189.53903088122317,155.36822231053065,225.3947609332281,0
2023-09-13,SKU_001,191.25657820929194,157.04986607920418,223.95805894500435,0
2023-09-14,SKU_001,223.456373507434,189.56822817358207,258.79777207764704,0
2023-09-15,SKU_001,276.5090371094769,243.57630985246917,310.70095832435305,0
2023-09-16,SKU_001,287.99998423256545,254.06910634974557,323.5552331010078,0
2023-09-17,SKU_001,267.08123784956706,231.28845384329637,300.77438659618167,0
2023-09-18,SKU_001,228.81311427282708,194.8290094607691,264.4637556110305,0
2023-09-19,SKU_001,198.58631708342443,165.20561265470533,234.5303843896691,0
2023-09-20,SKU_001,199.71389746539313,164.69255728078716,235.08069703909408,0
2023-09-21,SKU_001,231.34640532540573,194.77826770834906,267.5754548324847,0
2023-09-22,SKU_001,283.86963191302533,248.76805131364478,318.15072143193845,0
2023-09-23,SKU_001,294.8827627212099,264.3954981133138,330.40485059975805,0
2023-09-24,SKU_001,273.5497815723783,240.22551488578742,306.8482091351631,0
2023-09-25,SKU_001,234.94080304693264,201.1454029343109,269.54940112807043,0
2023-09-26,SKU_001,204.45387909125765,170.0423994819073,239.81113865742134,0
2023-09-27,SKU_001,205.40674718458348,169.7714087811619,239.8015216355935,0
2023-09-28,SKU_001,236.95185113201495,204.08530868948955,272.43884000920866,0
2023-09-29,SKU_001,289.4740395133533,254.3272743644663,323.031465748264,0
2023-09-30,SKU_001,300.56876230865936,263.8449510464306,336.86992934821075,0
2023-10-01,SKU_001,279.3936056919816,246.4574207336017,316.3203900975071,0
2023-10-02,SKU_001,241.00983860672505,207.43248678261918,275.22581132638965,0
2023-10-03,SKU_001,210.80451085502844,176.61332308742757,245.50304451371284,0
2023-10-04,SKU_001,212.08256159840622,176.30834290065266,244.69862672102644,0
2023-10-05,SKU_001,243.98225870254598,208.9513288220192,279.164843892749,0
2023-10-06,SKU_001,296.8733614785956,263.5456434214464,332.7164631375023,0
2023-10-07,SKU_001,308.3358133738861,271.25924099629344,348.68370580973146,0
2023-10-08,SKU_001,287.5117895684415,251.82671196392644,324.3158925141538,0
2023-10-09,SKU_001,249.44775738050666,213.40207578786695,285.2181071524089,0
2023-10-10,SKU_001,219.5170734926904,184.40926328290436,256.62888897540614,0
2023-10-11,SKU_001,221.01256109792595,182.65421199498417,257.6717970768305,0
2023-10-12,SKU_001,253.0623728661095,218.70064119150962,289.48083562304697,0
2023-10-13,SKU_001,306.028518600524,272.2994722294149,343.9927926651608,0
2023-10-14,SKU_001,317.4858522345365,284.23536675907536,348.76039786041696,0
2023-10-15,SKU_001,296.57433320342693,261.5925794419136,331.69251361724025,0
2023-10-16,SKU_001,258.34121251932675,222.1618535732242,290.69487223066585,0
2023-10-17,SKU_001,228.16366240448144,193.07214174057194,265.20996857402963,0
2023-10-18,SKU_001,229.34129054623958,193.33811099698354,263.39407562120357,0
2023-10-19,SKU_001,261.0118451774044,225.59822076141455,297.178472113595,0
2023-10-20,SKU_001,313.54949338315424,279.4098730539492,350.3748910710195,0
2023-10-21,SKU_001,324.54347344817165,287.8581705568824,360.1745954827945,0
2023-10-22,SKU_001,303.14994509421604,268.8851128021441,337.0818614117121,0
2023-10-23,SKU_001,264.4336991483311,226.68514351638308,297.6700381975408,0
2023-10-24,SKU_001,233.7902587973899,199.52518140095106,270.0731740725568,0
2023-10-25,SKU_001,234.53782851669143,200.04312685902568,269.45400035973665,0
2023-10-26,SKU_001,265.8324131977518,232.5006552076628,299.66270137767066,0
2023-10-27,SKU_001,318.065507033561,284.0454224039597,351.90637720113256,0
2023-10-28,SKU_001,328.84217046822295,296.7515747282672,364.12318583092963,0
2023-10-29,SKU_001,307.3323363974929,271.6819086202402,342.45705323616954,0
2023-10-30,SKU_001,268.61202380841934,234.13915845689917,303.6019685360649,0
2023-10-31,SKU_001,238.08500650541575,204.95984504156283,272.3514435888582,0
2023-11-01,SKU_001,239.07440686522344,205.0474087152388,273.1062180498542,0
2023-11-02,SKU_001,270.7375489480149,236.5550934582683,307.64886557474813,0
2023-11-03,SKU_001,323.4634799144269,289.9571118449493,356.86954952827773,0
2023-11-04,SKU_001,334.85098472357095,299.66298294405067,368.23987893412345,0
2023-11-05,SKU_001,314.0599390323182,279.7800834760634,351.95904846298356,0
2023-11-06,SKU_001,276.1526791377993,242.9827664042169,311.95247315354027,0
2023-11-07,SKU_001,246.51593413382653,211.1567595969524,282.2151352983871,0
2023-11-08,SKU_001,248.45278464766832,213.84390251523382,282.1590359647797,0
2023-11-09,SKU_001,281.09797394174115,248.3952631781755,315.4047629544595,0
2023-11-10,SKU_001,334.81596902411695,299.36492088522994,369.0549481757956,0
2023-11-11,SKU_001,347.1795829760896,313.76866286992976,381.23551112182764,0
2023-11-12,SKU_001,327.32198754400156,289.7475783655656,358.4896163736429,0
2023-11-13,SKU_001,290.2787772934349,255.28285524779997,323.7176344284582,0
2023-11-14,SKU_001,261.4106117581237,226.23797734186047,296.42535013432484,0
2023-11-15,SKU_001,263.9958805355146,228.23402772398737,299.4999672268887,0
2023-11-16,SKU_001,297.14669756275345,262.56752333184926,332.96322696812877,0
2023-11-17,SKU_001,351.2076030787758,315.4472338349839,385.29612328861134,0
2023-11-18,SKU_001,363.7347662986615,328.2905620034384,398.17978173248576,0
2023-11-19,SKU_001,343.84850113284006,310.77041669909056,379.8052820580996,0
2023-11-20,SKU_001,306.5757414971341,272.44408499673403,339.60354562333873,0
2023-11-21,SKU_001,277.27299026644243,241.97997267683527,311.264866196619,0
2023-11-22,SKU_001,279.2191771997992,244.70152764028416,314.5070274943531,0
2023-11-23,SKU_001,311.5317254826228,275.78651164873094,345.9999006265931,0
2023-11-24,SKU_001,364.5652020187587,331.1173143775229,400.6060684879578,0
2023-11-25,SKU_001,375.8903446688521,343.6858934094648,411.1259065432757,0
2023-11-26,SKU_001,354.6462818807875,321.9267043616383,390.3341232109236,0
2023-11-27,SKU_001,315.88259827907666,281.811028191695,350.38450115389907,0
2023-11-28,SKU_001,284.98176999917644,249.96566408369878,321.2594078178444,0
2023-11-29,SKU_001,285.2514179045666,251.4180050718639,319.24046049154043,0
2023-11-30,SKU_001,315.8396936823602,283.50049431569664,351.3949329482668,0
2023-12-01,SKU_001,367.1331914846452,331.61967344104477,403.51583785196755,0
2023-12-02,SKU_001,376.7351973651056,345.4979571855257,414.68788271271586,0
2023-12-03,SKU_001,353.81711261650497,317.8889069003103,388.3994984412985,0
2023-12-04,SKU_001,313.45972526799795,279.56109887192304,348.0735883584032,0
2023-12-05,SKU_001,281.07487470603724,244.38744263054332,316.39248232925263,0
2023-12-06,SKU_001,279.9969780215395,243.96457697677246,315.61752642279964,0
2023-12-07,SKU_001,309.39775248487905,273.42297295686717,343.2720752573305,0
2023-12-08,SKU_001,359.6835445847235,325.8098952730946,394.18307648619367,0
2023-12-09,SKU_001,368.47309353026805,335.5618587799467,404.49509316344705,0
2023-12-10,SKU_001,344.9485784145357,311.0936422086696,379.13538288751334,0
2023-12-11,SKU_001,304.19663346928365,269.66482044317274,338.3736686677972,0
2023-12-12,SKU_001,271.6298833407683,237.29267316037667,305.53019370585656,0
2023-12-13,SKU_001,270.5784705516844,235.5420684219367,304.9017531212371,0
2023-12-14,SKU_001,300.20490960835224,267.7412008323302,338.27729220721994,0
2023-12-15,SKU_001,350.90167473482114,317.10802807748627,385.30554393292846,0
2023-12-16,SKU_001,360.2693422531397,323.4736034698364,396.5802103764772,0
2023-12-17,SKU_001,337.4681267005709,305.4048318334428,372.412897453363,0
2023-12-18,SKU_001,297.55948205955536,263.56482894456957,329.63018195154376,0
2023-12-19,SKU_001,265.92830421037974,230.34923697830004,299.6624090290572,0
2023-12-20,SKU_001,265.8751891930094,232.40806314526412,298.7381731671585,0
2023-12-21,SKU_001,296.53206190496786,261.21293184055827,331.91219344199243,0
2023-12-22,SKU_001,348.2605616513557,315.08934542847066,383.74877991084884,0
2023-12-23,SKU_001,358.63098424563566,325.6635060695401,394.3422725614752,0
2023-12-24,SKU_001,336.7745984494477,301.10319802485003,372.7662151347971,0
2023-12-25,SKU_001,297.72598737279094,264.93179361718256,332.06749391657513,0
2023-12-26,SKU_001,266.84593149865253,231.86795214942717,300.7895632415759,0
2023-12-27,SKU_001,267.4142697236342,231.84451513332232,302.7306824545496,0
2023-12-28,SKU_001,298.5460375636736,266.8345771685069,332.38816038348114,0
2023-12-29,SKU_001,350.5902556319081,315.33562554742963,385.41921596705106,0
2023-12-30,SKU_001,361.1091578764221,326.55597593503296,393.9144426944807,0
2023-12-31,SKU_001,339.2306703378253,303.80152464072006,372.7166639679134,0
2024-01-01,SKU_001,299.9907874093565,266.33520018742416,334.6415352377676,0
2024-01-02,SKU_001,268.7563620995461,233.68374743424516,302.6553775351403,0
2024-01-03,SKU_001,268.81774999582797,235.46154741342679,304.40466402829406,0
2024-01-04,SKU_001,299.3046127463512,266.16455047407135,335.0718925761657,0
2024-01-05,SKU_001,350.584264002418,316.54536017662696,384.9957284245141,0
2024-01-06,SKU_001,360.2403600281999,326.4106931248137,395.3769346084619,0
2024-01-07,SKU_001,337.42476097132163,300.23299223631255,370.7924723818381,0
2024-01-08,SKU_001,297.19922710788944,261.04744563895906,329.1117406449653,0
2024-01-09,SKU_001,264.9574854840083,229.70074438570043,298.9613662599785,0
2024-01-10,SKU_001,264.0171266245752,229.04050894625888,299.0882064189596,0
2024-01-11,SKU_001,293.53465778698023,257.5434415576891,329.69230003838817,0
2024-01-12,SKU_001,343.9031158716209,309.1016483443396,377.5001549501722,0
2024-01-13,SKU_001,352.7300623351958,316.9633532216106,387.0034424875335,0
2024-01-14,SKU_001,329.18880463857045,293.70402819666884,363.5012524108929,0
2024-01-15,SKU_001,288.3595255902677,254.1702609184938,320.965697279289,0
2024-01-16,SKU_001,255.6508708957487,220.51908018439462,292.6910130095799,0
2024-01-17,SKU_001,254.39146697963974,219.560681933763,288.55261428668854,0
2024-01-18,SKU_001,283.74470492033106,249.1659189024894,317.89062869813,0
2024-01-19,SKU_001,334.10620032588406,299.0388005158905,367.43797879252634,0
2024-01-20,SKU_001,343.0817543726393,309.8271172267963,377.8041567981481,0
2024-01-21,SKU_001,319.83866054159074,286.14719918984946,354.3615211465336,0
2024-01-22,SKU_001,279.44703495515563,244.49300399247232,313.45178101517195,0
2024-01-23,SKU_001,247.3017140344831,214.6244710433154,281.7595903166872,0
2024-01-24,SKU_001,246.7141819899984,212.48870187451536,280.9293994671879,0
2024-01-25,SKU_001,276.82785177243693,241.13844010627292,309.6674969681117,0
2024-01-26,SKU_001,328.01609478662584,293.0940317665277,364.0710496295067,0
2024-01-27,SKU_001,337.86082818640193,304.226860048507,369.7202449254873,0
2024-01-28,SKU_001,315.5044864666496,278.61546001968884,350.6888510841306,0
2024-01-29,SKU_001,275.99203654488895,242.3508562994989,308.89225002422535,0
2024-01-30,SKU_001,244.69356096111957,210.59038546714316,277.530530294171,0
2024-01-31,SKU_001,244.89685279129208,208.34889374698145,278.60485747993533,0
2024-02-01,SKU_001,275.723327673283,240.20020090933463,308.77400656129697,0
2024-02-02,SKU_001,327.52663120489945,290.6558961927908,359.65811257985024,0
2024-02-03,SKU_001,337.87173522547107,304.154296819561,370.199797606067,0
2024-02-04,SKU_001,315.8873362784435,282.90264289777065,351.12854760086685,0
2024-02-05,SKU_001,276.60820470887904,237.04661519082077,310.0311246434302,0
2024-02-06,SKU_001,245.3980008084724,210.95254266593284,279.0312312365615,0
2024-02-07,SKU_001,245.54199637030447,211.1421218690822,277.8158079723777,0
2024-02-08,SKU_001,276.163004839326,243.5425231014358,310.632625992678,0
2024-02-09,SKU_001,327.6198991724775,295.0184272371773,362.32715203749507,0
2024-02-10,SKU_001,337.48651470314803,303.7820126718553,373.88473126039895,0
2024-02-11,SKU_001,314.9037571475152,278.93944545176697,350.71183098891476,0
2024-02-12,SKU_001,274.921573424772,240.60055652837173,309.7875963722979,0
2024-02-13,SKU_001,242.9213134686227,208.6586515344916,279.62229841078175,0
2024-02-14,SKU_001,242.2079350683208,207.58313780365802,279.10524909311994,0
2024-02-15,SKU_001,271.92537019443597,237.32767506587706,305.3365411933396,0
2024-02-16,SKU_001,322.4544483224863,284.49927765853414,358.57465688083886,0
2024-02-17,SKU_001,331.39119109910035,295.46059128425907,365.19669309632286,0
2024-02-18,SKU_001,307.8983156962819,274.30505193046673,342.1153235892035,0
2024-02-19,SKU_001,267.04662140193454,232.85938032709274,302.1028017220615,0
2024-02-20,SKU_001,234.23680369246313,197.6276050463246,268.26803750600857,0
2024-02-21,SKU_001,232.7911626318396,197.01785650834964,268.04780109963923,0
2024-02-22,SKU_001,261.86853720211406,226.2323477658469,296.43394063481105,0
2024-02-23,SKU_001,311.86187220324354,277.38435963192467,346.34142325110207,0
2024-02-24,SKU_001,320.3762408792296,285.2240787262501,354.7492935235649,0
2024-02-25,SKU_001,296.58016690326184,262.1911054323292,334.71122990637423,0
2024-02-26,SKU_001,255.5469238832982,223.61084895602357,290.1490024433109,0
2024-02-27,SKU_001,222.67635738291358,188.23977494511328,256.7475355811588,0
2024-02-28,SKU_001,221.28669462294062,186.6082962068865,255.6606319662576,0
2024-02-29,SKU_001,250.52966872596343,215.17328712015845,284.512329546092,0
2024-03-01,SKU_001,300.78835723383617,265.03875715698837,336.86923187676825,0
2024-03-02,SKU_001,309.6555487818897,274.2787610072538,345.39149858243616,0
2024-03-03,SKU_001,286.285470364808,252.63236354470348,321.98745643743854,0
2024-03-04,SKU_001,245.7355405489194,211.38777305946596,282.0015180039468,0
2024-03-05,SKU_001,213.38867974770204,178.21527845389053,247.00628245003884,0
2024-03-06,SKU_001,212.54562776501047,176.83894176555114,245.8611359765279,0
2024-03-07,SKU_001,242.34058058979392,207.68636591381198,278.57544803699693,0
2024-03-08,SKU_001,293.13953110594986,256.59422874474524,326.5806594287098,0
2024-03-09,SKU_001,302.5191132057953,266.35066558457737,335.6036844587559,0
2024-03-10,SKU_001,279.6187682984941,245.0649073819845,315.89623382743156,0
2024-03-11,SKU_001,239.48288747480453,204.0362740004056,273.2635217397817,0
2024-03-12,SKU_001,207.4834500388474,172.94638109004447,241.72064754822063,0
2024-03-13,SKU_001,206.9126001765373,172.16188356627336,240.15335762500615,0
2024-03-14,SKU_001,236.89846750113153,201.9160043791736,274.3205991885556,0
2024-03-15,SKU_001,287.8036122413875,253.164988608951,319.93262912467435,0
2024-03-16,SKU_001,297.2038930915827,263.3380271802058,331.28282459660244,0
2024-03-17,SKU_001,274.2405776758118,241.3116584627434,308.428359781398,0
2024-03-18,SKU_001,233.96235223066614,198.60707334300676,266.6641143792086,0
2024-03-19,SKU_001,201.74775678419658,166.90600913614563,234.911023223871,0
2024-03-20,SKU_001,200.89749522434224,164.88468418070713,235.83182976498665,0
2024-03-21,SKU_001,230.54993534705036,194.42033146722454,266.26064289431383,0
2024-03-22,SKU_001,281.0791905907943,245.89259299956996,313.90764052835203,0
2024-03-23,SKU_001,290.0735933823149,257.0227754402288,326.30702223836863,0
2024-03-24,SKU_001,266.68739281093383,232.0797624534408,301.57433962528296,0
2024-03-25,SKU_001,225.98234630200326,191.3088321909587,261.61976350915717,0
2024-03-26,SKU_001,193.34974458433288,159.76541427881494,225.0839006420847,0
2024-03-27,SKU_001,192.10233190072842,159.2592069471383,225.2075268315223,0
2024-03-28,SKU_001,221.38944832761152,187.07616551925236,257.03129136848344,0
2024-03-29,SKU_001,271.5947963823716,235.85984061424065,307.81107780313164,0
2024-03-30,SKU_001,280.3146509936224,246.47702484749925,312.6974207352059,0
2024-03-31,SKU_001,256.70935282919515,221.445861308769,294.05623279004686,0
2024-04-01,SKU_001,215.84476002772848,181.94250322996564,251.80836666160707,0
2024-04-02,SKU_001,183.11420090575282,150.09215596869456,215.02380263340208,0
2024-04-03,SKU_001,181.83039068869255,146.56928075625706,216.97866956039834,0
2024-04-04,SKU_001,211.14063806204763,176.0673524871126,244.40492509864688,0
2024-04-05,SKU_001,261.4247405235119,226.69322171887106,297.50421781770825,0
2024-04-06,SKU_001,270.27338241980635,236.59128832688492,304.1756822427511,0
2024-04-07,SKU_001,246.83986865597228,213.93277479359708,282.37800318673357,0
2024-04-08,SKU_001,206.18186054043144,170.96966069274166,241.63263599698658,0
2024-04-09,SKU_001,173.68364646313768,140.00087498824922,207.20694499451503,0
2024-04-10,SKU_001,172.64839961104354,139.75210039058726,207.987328478734,0
2024-04-11,SKU_001,202.2137370528142,169.28656991624715,237.57288694384687,0
2024-04-12,SKU_001,252.74996750702007,217.82623013558901,284.8559431284551,0
2024-04-13,SKU_001,261.8388298198015,227.79312559170953,296.3231622119817,0
2024-04-14,SKU_001,238.62554453078909,205.55767398749586,273.42956518589557,0
2024-04-15,SKU_001,198.16083419130254,164.14081449925598,231.15562636775763,0
2024-04-16,SKU_001,165.82343624278187,126.72038091459474,199.30953032471456,0
2024-04-17,SKU_001,164.9125528964268,129.00410991504143,198.85900634502343,0
2024-04-18,SKU_001,194.56354629846348,159.35815787911682,228.0307547894432,0
2024-04-19,SKU_001,245.14626203930402,210.64343007049197,278.9249884502153,0
2024-04-20,SKU_001,254.24378105500716,221.18038825037897,291.0231309800953,0
2024-04-21,SKU_001,231.0044215879815,198.98635833266,267.11324478527456,0
2024-04-22,SKU_001,190.4836492018269,156.91533841813109,224.15136565745433,0
2024-04-23,SKU_001,158.06642218850504,123.87782855858127,193.3303069204619,0
2024-04-24,SKU_001,157.0594224811155,122.51126848366158,190.58262922281543,0
2024-04-25,SKU_001,186.60648761909607,149.48811939593534,223.674655839889,0
2024-04-26,SKU_001,237.08663551221696,203.3130524729555,271.56584788424385,0
2024-04-27,SKU_001,246.0924918674472,211.118569610237,278.5170639346169,0
2024-04-28,SKU_001,222.78195258749722,186.19642865814888,257.2707123407357,0
2024-04-29,SKU_001,182.21975026298878,148.0617275366952,219.88060595481457,0
2024-04-30,SKU_001,149.79946335321375,118.47698535645031,186.21732519289225,0
2024-05-01,SKU_001,148.83542920452555,115.30414511631356,183.54405043738012,0
2024-05-02,SKU_001,178.47788691446783,144.29247581701128,209.8621085449328,0
2024-05-03,SKU_001,229.11075134825984,194.69037752118012,261.40106524312307,0
2024-05-04,SKU_001,238.32983652852764,203.2226587574144,275.8348379130581,0
2024-05-05,SKU_001,215.29436759641163,179.0474757362683,249.17851665419286,0
2024-05-06,SKU_001,175.0685111713243,141.15755710049334,208.753485279412,0
2024-05-07,SKU_001,143.0431885590485,108.43933921531814,178.30749002539227,0
2024-05-08,SKU_001,142.52818935768786,106.94342653808569,176.5757191300902,0
2024-05-09,SKU_001,172.66735586350745,137.21671787833247,207.97041337909258,0
2024-05-10,SKU_001,223.83651449127697,188.3709345647815,257.9848036633538,0
2024-05-11,SKU_001,233.62191243030145,197.4992054352033,270.02784385723083,0
2024-05-12,SKU_001,211.1719924578708,175.57666219589032,246.28195302947938,0
2024-05-13,SKU_001,171.53917238337127,134.74709359938367,206.36547836708098,0
2024-05-14,SKU_001,140.1021618781829,106.265456050018,176.06452111399386,0
2024-05-15,SKU_001,140.15826899054258,105.96413527337265,173.05280428482448,0
2024-05-16,SKU_001,170.83901075175265,135.87661005298165,206.2123845699407,0
2024-05-17,SKU_001,222.50841520043443,186.26851025399975,254.64541591667427,0
2024-05-18,SKU_001,232.74181709486112,197.17740164361783,267.5565732907261,0
2024-05-19,SKU_001,210.67796910347158,177.34745107229952,243.95885196217563,0
2024-05-20,SKU_001,171.36112444790209,139.49223121396483,205.51172565710434,0
2024-05-21,SKU_001,140.1636142444607,106.18590288045958,176.62038647571924,0
2024-05-22,SKU_001,140.37836359080535,106.0824440608242,175.30886326035798,0
2024-05-23,SKU_001,171.1346540911831,134.2995781673755,204.8637033470797,0
2024-05-24,SKU_001,222.79651516358354,188.27715736313718,258.0761451052844,0
2024-05-25,SKU_001,232.94154331776517,195.81580293640437,266.47838543077546,0
2024-05-26,SKU_001,210.71297010254796,175.75798828460046,246.32618628680981,0
2024-05-27,SKU_001,171.16163564895356,136.09494593645437,204.49291219410543,0
2024-05-28,SKU_001,139.6683940074033,107.1325217392427,175.10109072523792,0
2024-05-29,SKU_001,139.55775423187362,107.41097432142969,172.56340102607044,0
2024-05-30,SKU_001,169.94929646802748,133.1654127608769,203.80169375529005,0
2024-05-31,SKU_001,221.21980383409817,188.54629533157964,255.06119561307528,0
2024-06-01,SKU_001,230.96036866429503,196.59806044107748,267.3121777678928,0
2024-06-02,SKU_001,208.32807953752777,173.76002992338724,244.10677613368682,0
2024-06-03,SKU_001,168.3876023457106,132.71470905898357,204.7837912767651,0
2024-06-04,SKU_001,136.53319332686323,103.53620606956821,169.70211161570927,0
2024-06-05,SKU_001,136.08060474410993,101.28665562265664,169.71370827400233,0
2024-06-06,SKU_001,166.18220898201577,132.72348430866035,200.82946954896627,0
2024-06-07,SKU_001,217.22474237693012,184.2151072887798,251.70157823446146,0
2024-06-08,SKU_001,226.8074872708691,192.6812305125291,264.2713906665604,0
2024-06-09,SKU_001,204.09373201916745,171.66691812758137,240.76953229419615,0
2024-06-10,SKU_001,164.15218406669788,128.85229697802905,201.8254890464456,0
2024-06-11,SKU_001,132.37887908336933,100.36597885627087,166.92410417185428,0
2024-06-12,SKU_001,132.08904996207087,97.3349580204115,165.71172789457145,0
2024-06-13,SKU_001,162.43228254877764,129.56868060314358,196.46002349774838,0
2024-06-14,SKU_001,213.7903584402968,180.7109273283022,248.7472943904964,0
2024-06-15,SKU_001,223.75560032119677,187.10095336002092,258.1336698074099,0
2024-06-16,SKU_001,201.48255459144067,163.51539613847692,236.42172672569603,0
2024-06-17,SKU_001,162.02967961919143,125.18368200880299,194.96473270813033,0
2024-06-18,SKU_001,130.78157422298355,97.71734127942806,165.51140516096046,0
2024-06-19,SKU_001,131.0412004531019,95.90871169835911,163.42170605704766,0
2024-06-20,SKU_001,161.9454167524852,127.56425925704556,196.18491218392154,0
2024-06-21,SKU_001,213.89872116013748,180.37507922734406,249.65684904719055,0
2024-06-22,SKU_001,224.44545391660793,190.488898193874,261.3792872882817,0
2024-06-23,SKU_001,202.7283907510399,167.65892405367757,240.37076534520244,0
2024-06-24,SKU_001,163.7952751877374,129.39970830279782,198.73397356088967,0
2024-06-25,SKU_001,133.02136783807828,98.50247172833971,167.04271652158943,0
2024-06-26,SKU_001,133.70194608030113,97.2732578892452,167.6347973381961,0
2024-06-27,SKU_001,164.96806172203355,130.5832358898777,199.3876543947858,0
2024-06-28,SKU_001,217.1849385787242,185.04611358762057,252.60032704276827,0
2024-06-29,SKU_001,227.93080846771835,196.34601121410665,262.73510074471136,0
2024-06-30,SKU_001,206.34900536437158,170.8242185025629,241.8308586127854,0
2024-07-01,SKU_001,167.4899734548789,132.38474670065577,201.8993847278898,0
2024-07-02,SKU_001,136.7337139089421,102.49542295593196,170.76766788434733,0
2024-07-03,SKU_001,137.3821177724122,100.7333405926141,172.54779910180122,0
2024-07-04,SKU_001,168.574497707107,133.09132353481027,205.23765312249864,0
2024-07-05,SKU_001,220.6857074884543,186.9315785729341,255.9298699446892,0
2024-07-06,SKU_001,231.30465635479703,196.9481625128621,265.92500572131365,0
2024-07-07,SKU_001,209.58604791838803,175.68427648336782,245.02518825118045,0
2024-07-08,SKU_001,170.59201040129466,137.0563408747016,206.88586918385528,0
2024-07-09,SKU_001,139.71415477515046,105.72731247514277,174.5224905375964,0
2024-07-10,SKU_001,140.26552033416604,106.41830895535139,176.9865053692245,0
2024-07-11,SKU_001,171.39573255779257,138.570347666525,205.84286723072867,0
2024-07-12,SKU_001,223.48877392858478,188.71912867798792,258.15839992388516,0
2024-07-13,SKU_001,234.14118582604812,199.71113709551577,267.31400595918626,0
2024-07-14,SKU_001,212.51354115080125,175.63202784265187,247.12561140657715,0
2024-07-15,SKU_001,173.6959092027854,138.34013940897847,208.54118818100767,0
2024-07-16,SKU_001,143.057625352009,109.27622249495026,177.93533627372267,0
2024-07-17,SKU_001,143.9112919728992,109.1053257581241,180.84385343479383,0
2024-07-18,SKU_001,175.40387660963967,141.6417755772483,211.67951397289465,0
2024-07-19,SKU_001,227.91453985786666,194.55507944992905,263.8161677425433,0
2024-07-20,SKU_001,239.0329635970833,205.3336138374378,275.66617007536786,0
2024-07-21,SKU_001,217.91101578370152,182.4670868055139,251.22816678593998,0
2024-07-22,SKU_001,179.60442164956163,144.9666620815253,214.4898385215704,0
2024-07-23,SKU_001,149.4949774115659,114.69628027398922,186.08072346964994,0
2024-07-24,SKU_001,150.8827620095317,116.38463885998365,185.54224578386447,0
2024-07-25,SKU_001,182.90166427215303,146.2821124178955,217.78767331676073,0
2024-07-26,SKU_001,235.91761548757987,201.84049460780003,270.93660857762774,0
2024-07-27,SKU_001,247.5073318920723,211.71983580664187,281.38788123649533,0
2024-07-28,SKU_001,226.81039059742025,187.60208417093062,258.9757445127489,0
2024-07-29,SKU_001,188.87129611730924,155.399108025256,222.97709381998953,0
2024-07-30,SKU_001,159.0620613087409,123.2617304178419,194.48926222657195,0
2024-07-31,SKU_001,160.67474671574945,126.38834514621465,194.7672183750829,0
2024-08-01,SKU_001,192.83726531791004,158.51094543402309,228.5774177161125,0
2024-08-02,SKU_001,245.91183369922356,212.13326265059206,278.0343242444288,0
2024-08-03,SKU_001,257.4738669217929,225.3499466414104,291.1917503688189,0
2024-08-04,SKU_001,236.66413534521382,201.45657172279203,270.4327076002077,0
2024-08-05,SKU_001,198.5308374091748,164.9936660193937,231.9711449527574,0
2024-08-06,SKU_001,168.45211127851536,134.48429051730335,205.7736708251668,0
2024-08-07,SKU_001,169.73297809626126,135.33159480331474,204.79215968080283,0
2024-08-08,SKU_001,201.50729052157584,166.1846359491032,236.03530599111008,0
2024-08-09,SKU_001,254.14954723001634,216.42250516443445,290.2761823130308,0
2024-08-10,SKU_001,265.2489045425939,232.34335739906075,297.7170593053825,0
2024-08-11,SKU_001,243.96094992085048,209.43847717404375,279.61815632259265,0
2024-08-12,SKU_001,205.3493549955897,170.98872819053648,241.66067038406717,0
2024-08-13,SKU_001,174.80794325454679,141.4884434783218,210.9155385065551,0
2024-08-14,SKU_001,175.65263078563277,141.9070445060089,210.4170696127533,0
2024-08-15,SKU_001,207.036564160962,171.95677704643379,243.97741392898192,0
2024-08-16,SKU_001,259.34785575465435,224.07228597164422,295.45107440408793,0
2024-08-17,SKU_001,270.1877346676385,236.97342554398304,305.33957402000846,0
2024-08-18,SKU_001,248.72195340434948,214.38255305547344,286.027099464915,0
2024-08-19,SKU_001,210.02212656296538,176.58288623716427,243.7615116064531,0
2024-08-20,SKU_001,179.48754638120516,145.67735114226346,214.63614234367896,0
2024-08-21,SKU_001,180.43694146366101,145.4121906833172,215.16283168127842,0
2024-08-22,SKU_001,212.02350866905385,177.36802056861745,245.76279088140282,0
2024-08-23,SKU_001,264.6326221207603,231.35172417796636,300.344084601329,0
2024-08-24,SKU_001,275.86003883764124,245.80820427055454,313.073712255591,0
2024-08-25,SKU_001,254.863440054174,218.31614770553355,288.6244531131974,0
2024-08-26,SKU_001,216.70398103603821,184.17466709850467,248.69273508857066,0
2024-08-27,SKU_001,186.7683884843974,151.21632713523238,220.34566973322532,0
2024-08-28,SKU_001,188.36106397561167,155.4595971965896,224.26276373877874,0
2024-08-29,SKU_001,220.6195136246596,184.82850464744917,254.42762790642024,0
2024-08-30,SKU_001,273.91249651890877,240.11251143442803,308.26948636196266,0
2024-08-31,SKU_001,285.818698701272,250.76227905252085,321.0936323962398,0
2024-09-01,SKU_001,265.4787581396518,229.8871400639188,300.98451531160026,0
2024-09-02,SKU_001,227.9372993199184,192.06247755991964,263.68679097126454,0
2024-09-03,SKU_001,198.56550229437676,166.6894883515486,232.4610250019404,0
2024-09-04,SKU_001,200.65365068560533,168.0409939712448,235.44504700284003,0
2024-09-05,SKU_001,233.3269656274957,199.52806306787176,267.204387486239,0
2024-09-06,SKU_001,286.94410611661743,251.90510856947355,320.77079465334947,0
2024-09-07,SKU_001,299.07613198352215,262.94419738705244,335.4840419283684,0
2024-09-08,SKU_001,278.8587461703878,242.41391762480166,313.68982693456803,0
2024-09-09,SKU_001,241.33446829713887,207.8807620111409,275.88986159886775,0
2024-09-10,SKU_001,211.87525999601843,177.3636423341121,249.65175003747083,0
2024-09-11,SKU_001,213.77504460247113,179.69958703271186,247.18135654281974,0
2024-09-12,SKU_001,246.16542878474135,211.02222949549306,281.5875226867621,0
2024-09-13,SKU_001,299.4140096962649,264.68930748974685,331.2843889489464,0
2024-09-14,SKU_001,311.1030693922544,274.81871155924046,343.7867919715542,0
2024-09-15,SKU_001,290.3814810048702,253.8761187311325,324.70004776523405,0
2024-09-16,SKU_001,252.30648851727275,217.08642227328252,286.85181176515607,0
2024-09-17,SKU_001,222.26589224138428,186.46112797413244,254.95025945167274,0
2024-09-18,SKU_001,223.57009564051276,187.93758499227258,260.0398671203867,0
2024-09-19,SKU_001,255.36733517745404,221.7954940468065,292.5269667917857,0
2024-09-20,SKU_001,308.0414914986984,273.1290849312537,343.48548454928954,0
2024-09-21,SKU_001,319.19029861607646,283.7545174239287,356.8428877817935,0
2024-09-22,SKU_001,297.9767902402757,262.8153817068156,332.078022486262,0
2024-09-23,SKU_001,259.4706590806486,224.1068663286468,292.46446293275676,0
2024-09-24,SKU_001,229.07007406235337,193.5266696912043,261.10872770461975,0
2024-09-25,SKU_001,230.09342244632046,193.72454295001637,262.5896753651547,0
2024-09-26,SKU_001,261.6943080164148,224.99043703979189,298.3645784202136,0
2024-09-27,SKU_001,314.2592109730023,276.6966659053988,350.474029856938,0
2024-09-28,SKU_001,325.3856311395846,288.8327516228761,360.7298916120807,0
2024-09-29,SKU_001,304.23355602782965,269.9672126796819,338.5733575574989,0
2024-09-30,SKU_001,265.8669293307942,231.16844601498707,301.3399907712156,0
2024-10-01,SKU_001,235.67566190096733,201.24806348120737,271.29619530840444,0
2024-10-02,SKU_001,236.9676467236485,202.18864607155155,275.33210761159967,0
2024-10-03,SKU_001,268.8841011432276,235.6444658204252,302.6320929752833,0
2024-10-04,SKU_001,321.7976318569367,286.90558935010756,353.6182748166926,0
2024-10-05,SKU_001,333.29083223622354,296.4448645390913,365.13820261534454,0
2024-10-06,SKU_001,312.5082398904576,279.8945917994636,346.71654874047556,0
2024-10-07,SKU_001,274.4983152295089,239.8537118150143,308.39441893312227,0
2024-10-08,SKU_001,244.63596752288754,209.51323472395444,280.4183436249855,0
2024-10-09,SKU_001,246.21507410974783,213.20788637259707,278.53205432107575,0
2024-10-10,SKU_001,278.36430035429,243.45833344233824,313.51919714231025,0
2024-10-11,SKU_001,331.4456008437537,293.5580821609294,363.76753824888607,0
2024-10-12,SKU_001,343.033197484339,311.8542364352622,378.4036325458462,0
2024-10-13,SKU_001,322.2658500370096,286.8213085670301,358.3326121260898,0
2024-10-14,SKU_001,284.1890693964396,250.66856894322578,319.4337357219415,0
2024-10-15,SKU_001,254.17779190251497,218.8944823578045,287.7900777133926,0
2024-10-16,SKU_001,255.5289546471369,219.79439834594223,288.9125787169131,0
2024-10-17,SKU_001,287.37727638535137,252.99156441956143,322.1598383264262,0
2024-10-18,SKU_001,340.09362438826736,304.07524144209185,375.7407934387813,0
2024-10-19,SKU_001,351.26376558620154,317.8054398054807,385.3316371399719,0
2024-10-20,SKU_001,330.0403230545928,296.7699084342511,363.216331375981,0
2024-10-21,SKU_001,291.48459631669414,255.57168050635073,327.6310314427286,0
2024-10-22,SKU_001,260.98877439547215,225.38003870151476,297.14713765931805,0
2024-10-23,SKU_001,261.8679943864291,227.03508101830514,295.1930105038536,0
2024-10-24,SKU_001,293.2755647927573,256.72225052312865,328.13140232942925,0
2024-10-25,SKU_001,345.60074999764555,310.0964235797558,380.899902938648,0
2024-10-26,SKU_001,356.44693121708224,321.6102181434027,392.68861344869333,0
2024-10-27,SKU_001,334.98298244347404,300.4728327016134,372.8881506674237,0
2024-10-28,SKU_001,296.28453727394646,260.01606410535237,333.7704565862417,0
2024-10-29,SKU_001,265.7556924253293,230.19557648666537,299.1199394960807,0
2024-10-30,SKU_001,266.7206165348814,230.12184634399298,302.6614060249741,0
2024-10-31,SKU_001,298.3383977876061,261.531831260921,334.82466812936303,0
2024-11-01,SKU_001,351.0005391041746,316.3009492448016,385.32214945250655,0
2024-11-02,SKU_001,362.3089262519905,329.08469112937354,399.228227228493,0
2024-11-03,SKU_001,341.4271147646077,307.1857146153554,373.1546298726548,0
2024-11-04,SKU_001,303.42161604845126,270.28818723770434,339.3885427965664,0
2024-11-05,SKU_001,273.68372990959756,238.37606160394466,312.3506028720475,0
2024-11-06,SKU_001,275.52139040601776,237.57151307301825,311.0152319402557,0
2024-11-07,SKU_001,308.07435375685213,273.0412862047103,342.98982997913333,0
2024-11-08,SKU_001,361.71212922437195,325.7634230218197,394.98749367175,0
2024-11-09,SKU_001,374.01246769448994,338.6924075746595,406.6579169548821,0
2024-11-10,SKU_001,354.1132406528035,319.5523382634048,391.33360078530865,0
2024-11-11,SKU_001,317.05437455671665,281.9617682112325,352.7952745659494,0
2024-11-12,SKU_001,288.2003706622125,254.16939346669807,320.40885140198395,0
2024-11-13,SKU_001,290.8328587261392,259.99471164336336,327.13906335365823,0
2024-11-14,SKU_001,324.06649402005735,287.98992871220247,359.1100765554629,0
2024-11-15,SKU_001,378.24757900153986,347.07347372368565,413.4322224686911,0
2024-11-16,SKU_001,390.9332050789088,354.80812366610144,426.8723629424311,0
2024-11-17,SKU_001,371.2437286921374,337.26841648101157,406.6298041442963,0
2024-11-18,SKU_001,334.20522958562685,296.8327572845782,367.6938711678506,0
2024-11-19,SKU_001,305.1724660431168,271.8368902628025,339.9210740939493,0
2024-11-20,SKU_001,307.4217624980582,274.7728663071379,343.64779716741083,0
2024-11-21,SKU_001,340.06712861142165,304.2159507238015,376.14196657673756,0
2024-11-22,SKU_001,393.45898379270443,360.7447453275306,427.61303610880697,0
2024-11-23,SKU_001,405.16327843162566,370.30981200098813,439.26725211137557,0
2024-11-24,SKU_001,384.3138252378674,348.5464968957959,418.0735144240846,0
2024-11-25,SKU_001,345.95449112872944,311.04861564297863,381.62102402443884,0
2024-11-26,SKU_001,315.46177034534213,282.0112422119451,349.97497003362383,0
2024-11-27,SKU_001,316.1371833211205,282.9935514059922,350.4465125871651,0
2024-11-28,SKU_001,347.12281247804333,311.1217103689789,382.6877099880445,0
2024-11-29,SKU_001,398.7993636710271,366.59399835050004,431.9905177586937,0
2024-11-30,SKU_001,408.7645615567473,373.7923797894403,441.77188349036317,0
2024-12-01,SKU_001,386.1847111034002,350.2929113994043,419.755252430044,0
2024-12-02,SKU_001,346.1360958126718,312.1069850397067,380.3133972352636,0
2024-12-03,SKU_001,314.0267542135191,278.7764190011631,348.26698191155356,0
2024-12-04,SKU_001,313.188100227157,280.0899181384337,349.8059799481399,0
2024-12-05,SKU_001,342.7897192618349,308.6926527502597,377.6068712899242,0
2024-12-06,SKU_001,393.23674848656236,359.60942616462546,425.58034358893497,0
2024-12-07,SKU_001,402.14766778296246,366.6244396657998,435.90512451498887,0
2024-12-08,SKU_001,378.70534982155635,344.02286517874654,411.6086136127503,0
2024-12-09,SKU_001,337.99805359511913,302.86471765805334,373.42997723813653,0
2024-12-10,SKU_001,305.44091390532276,269.33620258901584,338.93908403216784,0
2024-12-11,SKU_001,304.3674001883253,270.5441810957913,338.49716744505554,0
2024-12-12,SKU_001,333.94408096702574,299.0767223702478,369.98558726037714,0
2024-12-13,SKU_001,384.56810331443893,350.2163443376198,419.5326857487917,0
2024-12-14,SKU_001,393.84521124832656,361.50632520609264,429.4340715551405,0
2024-12-15,SKU_001,370.94114546665713,339.3512247315522,405.40797058143954,0
2024-12-16,SKU_001,330.9230994305111,293.34121317145826,366.5146410367742,0
2024-12-17,SKU_001,299.1817719247028,261.74812380996093,336.0986428197319,0
2024-12-18,SKU_001,299.023474413918,263.53563216739997,336.64951692933994,0
2024-12-19,SKU_001,329.5856121222928,295.5965774005013,364.33636647570125,0
2024-12-20,SKU_001,381.23492904489365,345.36690917928223,417.2638994274835,0
2024-12-21,SKU_001,391.54632034269264,358.3537021076132,427.6407344750057,0
2024-12-22,SKU_001,369.6550333289323,334.0680488614627,403.2742359654602,0
2024-12-23,SKU_001,330.598910699112,296.0538761697572,365.28205423097825,0
2024-12-24,SKU_001,299.7411952123794,266.66963468848417,333.76239382522317,0
2024-12-25,SKU_001,300.36333421520305,265.23683301206535,334.4604819910194,0
2024-12-26,SKU_001,331.58108455945137,296.7322275436743,365.01509019079197,0
2024-12-27,SKU_001,383.7432917834335,348.2548397068193,417.5301280874303,0
2024-12-28,SKU_001,394.41113315021516,359.17052067796783,427.306855242724,0
2024-12-29,SKU_001,372.71063475849814,337.5212383185694,406.75577349675973,0
2024-12-30,SKU_001,333.6751085201188,300.657106638285,369.58034055343484,0
2024-12-31,SKU_001,302.66802371755176,268.90700491590707,337.8406476981123,1
2025-01-01,SKU_001,302.975750495754,267.01418275856514,336.4414160512031,1
2025-01-02,SKU_001,333.72347828568644,298.4806304274462,368.0287977605482,1
2025-01-03,SKU_001,385.2736888699329,351.3570446662505,417.4637514098226,1
2025-01-04,SKU_001,395.2049827539777,361.37588002609954,429.6876890502145,1
2025-01-05,SKU_001,372.66408108442886,339.0509015523458,405.55276348288163,1
2025-01-06,SKU_001,332.7076635546193,298.3586456128833,367.56225802028536,1
2025-01-07,SKU_001,300.724573857083,266.1839915384677,336.85672981006337,1
2025-01-08,SKU_001,300.02784861501993,261.7406538207433,333.959396213254,1
2025-01-09,SKU_001,329.7698925670865,294.30705325010234,364.7073604049744,1
2025-01-10,SKU_001,380.34020016043195,343.96228136277404,412.90186869932506,1
2025-01-11,SKU_001,389.3434427408029,354.19053789999134,423.08777608036434,1
2025-01-12,SKU_001,365.9507636339765,329.77594054611995,401.61400910792815,1
2025-01-13,SKU_001,325.2409605841373,291.68939333159443,357.4766896510459,1
2023-01-01,SKU_002,261.9862649041553,241.73501034007248,280.84486479757624,0
2023-01-02,SKU_002,230.84846584894842,210.3571009879215,250.9466721734026,0
2023-01-03,SKU_002,200.351531657697,180.79399055777475,221.0375861366615,0
2023-01-04,SKU_002,201.19192509698703,182.48594444253382,220.76550013395106,0
2023-01-05,SKU_002,226.04954198495628,205.22510665236533,246.6100487661265,0
2023-01-06,SKU_002,258.3159205617927,237.56551440994747,278.3556162628274,0
2023-01-07,SKU_002,273.16979660324944,253.84985896577666,294.6825751179751,0
2023-01-08,SKU_002,256.4228613701733,238.036831884751,277.37696148655544,0
2023-01-09,SKU_002,225.50156245562684,205.46854913951358,245.9001245099121,0
2023-01-10,SKU_002,195.25850497970902,174.66601889025344,216.33158450594885,0
2023-01-11,SKU_002,196.37977059966082,175.32586170430216,216.26343110073722,0
2023-01-12,SKU_002,221.53467757599478,201.09339688839356,242.12485524478535,0
2023-01-13,SKU_002,254.10429215324604,234.6151501779072,275.1493726715236,0
2023-01-14,SKU_002,269.25727500926223,247.942851061077,288.12638907271923,0
2023-01-15,SKU_002,252.79591155079194,231.42487363847738,272.41520893221434,0
2023-01-16,SKU_002,222.13815848296605,201.6016232946572,241.15602144860964,0
2023-01-17,SKU_002,192.12925735370297,171.45638380511866,213.34629305775968,0
2023-01-18,SKU_002,193.449226880245,172.9447294210813,213.8324042414562,0
2023-01-19,SKU_002,218.7627528742594,197.92390135116824,237.80057870236868,0
2023-01-20,SKU_002,251.44778295516772,231.1763964329854,272.39743971298924,0
2023-01-21,SKU_002,266.67140817376895,247.26481972684408,285.9464716532109,0
2023-01-22,SKU_002,250.23588015409672,231.5015448377889,271.1583815048887,0
2023-01-23,SKU_002,219.56059747155743,199.31603303424666,240.03323736825496,0
2023-01-24,SKU_002,189.4936146597885,169.04007023961512,210.1834575396786,0
2023-01-25,SKU_002,190.71898965758933,170.81511048290528,210.04841879991434,0
2023-01-26,SKU_002,215.90649366040174,196.134876536176,237.00879761901518,0
2023-01-27,SKU_002,248.43999679735242,226.5089552902228,267.1141246242194,0
2023-01-28,SKU_002,263.49311869450844,243.19568460849936,283.13015298867435,0
2023-01-29,SKU_002,246.87500013922545,226.972005133944,265.9618657343506,0
2023-01-30,SKU_002,216.01203749443593,195.8861338260802,236.71284979982573,0
2023-01-31,SKU_002,185.7591413056317,165.28668640969286,205.49227857915258,0
2023-02-01,SKU_002,186.8068428164816,166.71911578869623,206.2079917589329,0
2023-02-02,SKU_002,211.8307799269245,190.35822455355174,232.23402023164147,0
2023-02-03,SKU_002,244.21988289616417,224.35551236581173,264.0248374194131,0
2023-02-04,SKU_002,259.151855033541,239.26729364112902,277.38183294434316,0
2023-02-05,SKU_002,242.43880970253096,222.47523325215226,263.6665069501685,0
2023-02-06,SKU_002,211.50890928823046,192.55256967741926,232.52934192909382,0
2023-02-07,SKU_002,181.21757031084854,161.14199830120398,200.90744925949863,0
2023-02-08,SKU_002,182.25455980891005,163.31492973008747,203.1805905719179,0
2023-02-09,SKU_002,207.29351456583325,187.82627522742987,226.58979584166096,0
2023-02-10,SKU_002,239.72020216236012,220.05106007899133,257.78389422344566,0
2023-02-11,SKU_002,254.7081164606731,234.82817157010714,273.5294449564599,0
2023-02-12,SKU_002,238.06426499043647,218.0325956705689,259.1873974762288,0
2023-02-13,SKU_002,207.21098892132153,187.18280903909366,227.62745765588707,0
2023-02-14,SKU_002,176.99737390304867,157.62990496239354,198.39979322774914,0
2023-02-15,SKU_002,178.1065702322494,158.12641799352306,198.21447494156027,0
2023-02-16,SKU_002,203.2055467087753,181.12587467910774,223.0033923352669,0
2023-02-17,SKU_002,235.67358962229622,215.24324615049258,254.29417776953235,0
2023-02-18,SKU_002,250.6781318401993,230.81061369857787,270.7980756362921,0
2023-02-19,SKU_002,234.0207620013306,214.97815423165923,254.0998140567118,0
2023-02-20,SKU_002,203.11924733128015,183.16800908930506,222.94212317919994,0
2023-02-21,SKU_002,172.819121883654,152.48836654253688,194.27301788542033,0
2023-02-22,SKU_002,173.80115290648408,153.74807463195646,194.75067847404452,0
2023-02-23,SKU_002,198.73120492468016,178.7348925929044,219.48869247566952,0
2023-02-24,SKU_002,230.98880932284374,209.89008366061887,251.40574757388026,0
2023-02-25,SKU_002,245.74302196257298,225.32758582388786,267.7785437148892,0
2023-02-26,SKU_002,228.79841766803634,207.45090262549456,250.03216209500698,0
2023-02-27,SKU_002,197.57705533712289,177.4618423695152,218.4423473191163,0
2023-02-28,SKU_002,166.92996693737297,146.63825939859905,186.49603568770283,0
2023-03-01,SKU_002,167.54448590248708,146.28995136265593,186.4648718565881,0
2023-03-02,SKU_002,192.093938495522,172.12029783028893,211.88219684456988,0
2023-03-03,SKU_002,223.96601097655298,203.61830536585273,244.96046348508565,0
2023-03-04,SKU_002,238.33838108092317,218.91501794188162,258.4248809379503,0
2023-03-05,SKU_002,221.02446935143988,199.85878599455975,240.6114284324204,0
2023-03-06,SKU_002,189.455151326391,170.61115976582616,208.80901090742253,0
2023-03-07,SKU_002,158.48999140248478,137.45693131285137,178.18438424699428,0
2023-03-08,SKU_002,158.82432153563718,138.59618916632598,179.35416996785565,0
2023-03-09,SKU_002,183.13869584988842,161.87567748978844,203.45990731995448,0
2023-03-10,SKU_002,214.82704112451066,194.96705316298943,235.21860997802176,0
2023-03-11,SKU_002,229.07209821652594,208.70801464766726,250.34892229287715,0
2023-03-12,SKU_002,211.6910157267578,191.55239254597006,231.0397126096647,0
2023-03-13,SKU_002,180.11694171816006,162.26943946889782,200.31030114797224,0
2023-03-14,SKU_002,149.2101780443246,129.27510831983128,169.29091414940592,0
2023-03-15,SKU_002,149.66522289688012,129.14433773514114,170.96795963102926,0
2023-03-16,SKU_002,174.160233907898,153.54849654305627,193.99043984469202,0
2023-03-17,SKU_002,206.0852316451021,184.56174173982834,226.36068943269223,0
2023-03-18,SKU_002,220.61763713216607,199.3663806064028,240.0865873093076,0
2023-03-19,SKU_002,203.5680020000462,183.43057586018153,222.68292442482348,0
2023-03-20,SKU_002,172.36177318504392,151.1549117123088,191.49745690319725,0
2023-03-21,SKU_002,141.85065173002172,122.39351954521086,161.2540788840757,0
2023-03-22,SKU_002,142.71986544722682,123.39433509988996,162.47370233378157,0
2023-03-23,SKU_002,167.63788107049007,147.75563382605017,188.38245254829184,0
2023-03-24,SKU_002,199.98486855324788,180.87704423539722,219.28729600617447,0
2023-03-25,SKU_002,214.92850359529515,194.3506787416633,234.20480654369732,0
2023-03-26,SKU_002,198.2699593444975,177.15360311903413,218.62759214268578,0
2023-03-27,SKU_002,167.42592165120985,147.217805139384,188.1551128192018,0
2023-03-28,SKU_002,137.24018022544573,117.3088342827186,157.3532244989332,0
2023-03-29,SKU_002,138.39110880828267,118.19283289145726,159.64267063330462,0
2023-03-30,SKU_002,163.54155408424634,142.05946818871502,184.05111443447598,0
2023-03-31,SKU_002,196.0674410149087,176.22584156412955,215.00502984305604,0
2023-04-01,SKU_002,211.13367676523674,191.62753438580273,230.6315657480292,0
2023-04-02,SKU_002,194.54020144602342,173.45229741841277,215.54037374250615,0
2023-04-03,SKU_002,163.70401857750923,143.11381982895006,182.99336801739162,0
2023-04-04,SKU_002,133.47075745747077,113.39709961141922,152.91395761976153,0
2023-04-05,SKU_002,134.52208165506303,115.42769536764497,154.6805081256172,0
2023-04-06,SKU_002,159.52546583824352,138.7740570795895,179.58867601768782,0
2023-04-07,SKU_002,191.86265200775102,170.58968747402676,211.91196818429069,0
2023-04-08,SKU_002,206.70537213709954,186.2453656192177,227.91501232344027,0
2023-04-09,SKU_002,189.86119092747325,169.9023134605265,209.80607129128077,0
2023-04-10,SKU_002,158.7553079340235,137.89093241060016,180.1610467353934,0
2023-04-11,SKU_002,128.24187814841562,109.04063367123797,149.2360925095534,0
2023-04-12,SKU_002,129.01117252749248,108.01107826059629,148.96249304779556,0
2023-04-13,SKU_002,153.73910798001688,132.78158366774676,174.0813171656582,0
2023-04-14,SKU_002,185.815465363945,166.2378445357247,206.91987316626262,0
2023-04-15,SKU_002,200.41938931088038,180.5757446162213,220.4101724688222,0
2023-04-16,SKU_002,183.36503015491806,164.8977714585435,204.15328086546646,0
2023-04-17,SKU_002,152.08317297362328,130.32357455000042,171.37700209515668,0
2023-04-18,SKU_002,121.4324177140383,101.29642621518137,142.72781652592747,0
2023-04-19,SKU_002,122.10623575730604,101.0813188636573,142.7291806657328,0
2023-04-20,SKU_002,146.78243516055977,126.13933159158442,166.57641025361357,0
2023-04-21,SKU_002,178.85135464273594,158.29270606190792,200.88094909950476,0
2023-04-22,SKU_002,193.49138038750283,173.36800666750852,214.24036864337145,0
2023-04-23,SKU_002,176.51464494961775,157.27424669331157,196.37978136609004,0
2023-04-24,SKU_002,145.34875105372961,123.18412993829413,165.13568437102035,0
2023-04-25,SKU_002,114.84808090294194,94.74974571432433,136.19074690430855,0
2023-04-26,SKU_002,115.70101195566745,97.00396593691592,135.86363848783364,0
2023-04-27,SKU_002,140.57956612068656,119.70186833413139,160.56375339306248,0
2023-04-28,SKU_002,172.86780641794732,152.7384138216247,191.633622389632,0
2023-04-29,SKU_002,187.73755935156112,166.81203566516373,207.40022456345653,0
2023-04-30,SKU_002,170.99436175171314,149.7398909454746,191.89327692994368,0
2023-05-01,SKU_002,140.0593751410806,121.27466941607315,159.8904622226162,0
2023-05-02,SKU_002,109.78091405864856,90.911813991169,129.2773914637654,0
2023-05-03,SKU_002,110.84185634425558,91.29363950631486,133.8055196737105,0
2023-05-04,SKU_002,135.9094655255257,115.88149904128817,156.72954027097646,0
2023-05-05,SKU_002,168.363933990547,149.3064721078235,187.14284479714195,0
2023-05-06,SKU_002,183.37422996586255,162.30787050889253,204.1627644486214,0
2023-05-07,SKU_002,166.7440972101515,146.5958038589818,186.85540371135605,0
2023-05-08,SKU_002,135.89404083846287,115.34602329319122,155.3586887180056,0
2023-05-09,SKU_002,105.67285180853625,86.15797698964553,126.11802653781976,0
2023-05-10,SKU_002,106.76498448576461,85.30161683412543,126.94806437612601,0
2023-05-11,SKU_002,131.84030942844225,111.57580611139556,150.7581272371761,0
2023-05-12,SKU_002,164.2825525305762,146.63510374028954,184.42287743310249,0
2023-05-13,SKU_002,179.2650070994612,157.86343802618885,199.78380210974643,0
2023-05-14,SKU_002,162.5963723230293,143.4847491256732,184.41402858796508,0
2023-05-15,SKU_002,131.70255693950529,111.48152025660244,152.11128979261593,0
2023-05-16,SKU_002,101.43800670612055,82.02653913551728,122.35901519454828,0
2023-05-17,SKU_002,102.49287663922406,81.35898161950948,122.93366965260168,0
2023-05-18,SKU_002,127.54257699689995,108.91517598159648,148.9603176984416,0
2023-05-19,SKU_002,159.97601102967317,140.43692254394705,180.44212485156115,0
2023-05-20,SKU_002,174.9710978091992,155.07270516088317,194.92939836149722,0
2023-05-21,SKU_002,158.34043994398314,138.5370585575279,177.4415634356113,0
2023-05-22,SKU_002,127.51251769433028,107.19461526532677,148.8757364640983,0
2023-05-23,SKU_002,97.34428849901488,76.73959693583878,118.53724533805251,0
2023-05-24,SKU_002,98.52688616951016,78.34295504292989,119.62330006884915,0
2023-05-25,SKU_002,123.7355825524614,103.08965136066283,144.4826276794437,0
2023-05-26,SKU_002,156.35801614280427,136.35257286751803,176.48799242295198,0
2023-05-27,SKU_002,171.56974466997676,149.57024526560537,192.00393760258714,0
2023-05-28,SKU_002,155.17998083685626,134.32605236179285,175.53726349317415,0
2023-05-29,SKU_002,124.613353927511,102.93310859064441,143.28833237733707,0
2023-05-30,SKU_002,94.7212578243575,74.28230520211903,116.90363065098795,0
2023-05-31,SKU_002,96.18910630824877,77.40225365709486,116.3729388392057,0
2023-06-01,SKU_002,121.68602247565369,102.47155272415466,140.1057697134724,0
2023-06-02,SKU_002,154.5932761571214,135.62042542291906,176.974578620889,0
2023-06-03,SKU_002,170.08005663401678,148.98912496531239,191.57503611485174,0
2023-06-04,SKU_002,153.94943274268786,133.3089082867635,174.15264602529382,0
2023-06-05,SKU_002,123.62033576671104,103.50527308547098,143.35752732194632,0
2023-06-06,SKU_002,93.93911834508607,74.62953273264472,114.77346681419316,0
2023-06-07,SKU_002,95.58700319047696,74.986541713598,115.37902320603871,0
2023-06-08,SKU_002,121.22994182997179,101.19692511892748,141.62863912046706,0
2023-06-09,SKU_002,154.2471913026386,134.84606897044986,175.79623582320153,0
2023-06-10,SKU_002,169.80719102319347,149.02284160991945,189.1853437234252,0
2023-06-11,SKU_002,153.71358785178825,133.66782174748835,173.21083161253486,0
2023-06-12,SKU_002,123.38724189202024,104.41287649432343,142.88334803511987,0
2023-06-13,SKU_002,93.6777646440674,75.27903693492475,112.94648340353487,0
2023-06-14,SKU_002,95.26877633984718,75.71173848719992,115.4882232567599,0
2023-06-15,SKU_002,120.83403734928837,100.66919860033616,142.26859146186538,0
2023-06-16,SKU_002,153.75949693513462,132.88592686880418,176.30945566295125,0
2023-06-17,SKU_002,169.2211124556898,149.22761930165643,190.3138347664599,0
2023-06-18,SKU_002,153.03065845653364,133.60279334133557,173.49398389386164,0
2023-06-19,SKU_002,122.61749091348898,100.82925786878482,143.90655665463999,0
2023-06-20,SKU_002,92.83982517475049,73.79553280762632,112.9761482755785,0
2023-06-21,SKU_002,94.3918487624015,73.83729757951933,113.31790731831937,0
2023-06-22,SKU_002,119.95319844888506,100.61305485760182,139.89481170891634,0
2023-06-23,SKU_002,152.91712034277134,134.0097463591534,174.3156113827494,0
2023-06-24,SKU_002,168.46590727388494,149.87506423942307,187.640912966954,0
2023-06-25,SKU_002,152.4164745351667,132.908867313624,172.01727786028985,0
2023-06-26,SKU_002,122.20192007521734,100.9363145243221,143.47907007588367,0
2023-06-27,SKU_002,92.68263449094768,74.45314780550494,113.72608833797133,0
2023-06-28,SKU_002,94.55328782498121,73.86825050426009,112.79667365770517,0
2023-06-29,SKU_002,120.49222728233946,99.96755702895074,141.87456164277512,0
2023-06-30,SKU_002,153.88960799830218,133.44270478949414,173.35140925267558,0
2023-07-01,SKU_002,169.922853123928,149.9363430880193,189.60119125677917,0
2023-07-02,SKU_002,154.4023047631195,133.14847372654694,174.63296657572772,0
2023-07-03,SKU_002,124.75291079702875,104.39987425141248,143.5558872363294,0
2023-07-04,SKU_002,95.82551036136599,75.7657088344642,116.52943775711972,0
2023-07-05,SKU_002,98.30404092680082,78.02546521072266,119.25659193782133,0
2023-07-06,SKU_002,124.85519567111042,104.81089522548275,144.81731153577442,0
2023-07-07,SKU_002,158.856846615004,138.6996695404196,177.3866323649028,0
2023-07-08,SKU_002,175.46945759950927,156.04149188592518,195.1171348965449,0
2023-07-09,SKU_002,160.49516246897224,140.13807575640925,178.6087427476584,0
2023-07-10,SKU_002,131.34669955410348,112.61503853797255,151.68543335759045,0
2023-07-11,SKU_002,102.86340048527246,83.5049201844947,123.54440468908152,0
2023-07-12,SKU_002,105.71872430753493,85.76349905173205,127.5547547387933,0
2023-07-13,SKU_002,132.57022066368071,112.95134593082089,151.72988246144956,0
2023-07-14,SKU_002,166.78822859654636,146.43949157772605,186.7396591604242,0
2023-07-15,SKU_002,183.53189132496973,164.3116827653918,204.63836608636157,0
2023-07-16,SKU_002,168.59533275208713,148.41770286733538,188.77687889822244,0
2023-07-17,SKU_002,139.38982554288998,118.32561782842251,159.0477870921232,0
2023-07-18,SKU_002,110.75549937314027,91.55702799846806,131.17221002934733,0
2023-07-19,SKU_002,113.36889957486746,91.359709264912,132.41909131003078,0
2023-07-20,SKU_002,139.89291396769588,120.96412992600696,159.7953557247835,0
2023-07-21,SKU_002,173.7053746092355,152.6300979222099,195.03484209522037,0
2023-07-22,SKU_002,189.97491670241078,170.18083572921634,209.55827685392475,0
2023-07-23,SKU_002,174.5069439591672,154.22571994313458,194.5879095347045,0
2023-07-24,SKU_002,144.7255353800488,123.7444159369975,163.69867210467476,0
2023-07-25,SKU_002,115.48484861118023,95.58099239986396,136.69158234412603,0
2023-07-26,SKU_002,117.47633794190622,98.15493160463166,137.99655218674658,0
2023-07-27,SKU_002,143.3783136283296,123.10387296807679,163.03724768984216,0
2023-07-28,SKU_002,176.58415899255525,157.04835787619794,197.69967291686243,0
2023-07-29,SKU_002,192.27779780444158,171.88501022393635,212.35477785542258,0
2023-07-30,SKU_002,176.2792717820096,155.6356419439401,196.43493744540683,0
2023-07-31,SKU_002,146.02245214582862,125.69251118185933,166.40493068324093,0
2023-08-01,SKU_002,116.37755825646289,95.30300921536083,136.56277526564136,0
2023-08-02,SKU_002,118.04659562651474,97.96372326151564,139.3880528583935,0
2023-08-03,SKU_002,143.71646405060173,125.54451851336704,165.55954969924449,0
2023-08-04,SKU_002,176.78695219895252,157.59587458773288,197.5014423328128,0
2023-08-05,SKU_002,192.44603894847015,172.72597870793308,211.38689639524435,0
2023-08-06,SKU_002,176.5153659901214,155.6005476714241,196.87658486181806,0
2023-08-07,SKU_002,146.43173022224744,126.34687592794675,165.4508373303902,0
2023-08-08,SKU_002,117.05816256841983,96.4366568667592,137.3785375245807,0
2023-08-09,SKU_002,119.09092034687376,99.95757149569809,137.76021816948847,0
2023-08-10,SKU_002,145.2089262813323,125.36340335966143,165.39275499486587,0
2023-08-11,SKU_002,178.8019741368609,158.76409336407696,197.92018737163397,0
2023-08-12,SKU_002,195.04629406409506,174.5802241282405,216.24390678338602,0
2023-08-13,SKU_002,179.75033506074362,159.42425395975627,200.92808165546356,0
2023-08-14,SKU_002,150.33660466110996,130.626977662588,170.48064092751224,0
2023-08-15,SKU_002,121.65312305051651,100.24397471188988,142.69941663951596,0
2023-08-16,SKU_002,124.38080851245704,103.77674485214376,143.48822173014653,0
2023-08-17,SKU_002,151.18331658518792,131.60298204894565,171.8881773240593,0
2023-08-18,SKU_002,185.43564200538776,164.9808125378198,205.69881929575803,0
2023-08-19,SKU_002,202.30006572338746,182.5775678582401,221.56128069008278,0
2023-08-20,SKU_002,187.57229402135522,167.4935407100971,208.77964866917145,0
2023-08-21,SKU_002,158.66362016301906,140.17873361364218,179.94136121524917,0
2023-08-22,SKU_002,130.41265707354685,109.64129616842963,149.04737352465523,0
2023-08-23,SKU_002,133.48994068739455,112.83643025027673,153.6617525822823,0
2023-08-24,SKU_002,160.55696923256943,141.49910973603244,181.83041896334893,0
2023-08-25,SKU_002,194.98588519358375,175.43637708525478,215.62167884488963,0
2023-08-26,SKU_002,211.9384773938793,192.12254929046415,233.6159864777692,0
2023-08-27,SKU_002,197.21230035754132,178.13216835074434,217.10273761400248,0
2023-08-28,SKU_002,168.22275206018304,147.82103228898035,187.39683532763152,0
2023-08-29,SKU_002,139.81466125432743,120.0906036041847,160.8413646377788,0
2023-08-30,SKU_002,142.66969820176632,120.86732793480138,162.9133868986773,0
2023-08-31,SKU_002,169.45613112632546,149.15618404723767,189.3786737175934,0
2023-09-01,SKU_002,203.5572404261832,183.05225193181798,223.72028936434558,0
2023-09-02,SKU_002,220.14697881009593,199.8720677031516,240.33305211199394,0
2023-09-03,SKU_002,205.03573302791955,184.8858359050838,225.95617149951394,0
2023-09-04,SKU_002,175.6520287661508,155.1734474980412,196.33037321931403,0
2023-09-05,SKU_002,146.85374053290738,126.8901345223068,166.92966413157805,0
2023-09-06,SKU_002,149.33513108912513,128.86099691468038,169.20877282890822,0
2023-09-07,SKU_002,175.77625324504686,156.6348824895637,194.91727227371393,0
2023-09-08,SKU_002,209.57103604392208,188.35342412348072,229.9528032148366,0
2023-09-09,SKU_002,225.90265268223536,207.0854686888276,247.08456205896388,0
2023-09-10,SKU_002,210.58903395146808,191.48383000308485,232.48384551991373,0
2023-09-11,SKU_002,181.06437560204736,161.26654612836506,201.30874647895627,0
2023-09-12,SKU_002,152.1902067903668,130.18428485984373,172.050753754456,0
2023-09-13,SKU_002,154.66234787438378,133.9442852387739,173.99342122060605,0
2023-09-14,SKU_002,181.16029234736624,161.46952124577814,200.85481668665255,0
2023-09-15,SKU_002,215.07533511355257,194.8164122903336,234.44298262465463,0
2023-09-16,SKU_002,231.5850798172102,209.77630002527104,250.59998357168624,0
2023-09-17,SKU_002,216.50200084548953,197.3325075264939,237.540332082488,0
2023-09-18,SKU_002,187.25227307418197,166.00427472063885,208.86669871935376,0
2023-09-19,SKU_002,158.68806041134332,136.8863486060332,178.9625278054315,0
2023-09-20,SKU_002,161.4947684671979,142.21053624919998,182.21749083735972,0
2023-09-21,SKU_002,188.34075034939906,167.87380136951094,208.24544290781606,0
2023-09-22,SKU_002,222.60577815167156,202.67992317369,242.47580628342263,0
2023-09-23,SKU_002,239.45686571939146,218.41288832302035,259.1733920733147,0
2023-09-24,SKU_002,224.69429273886297,202.73472580514792,244.04560940156247,0
2023-09-25,SKU_002,195.7336632510777,176.75514726430836,217.5366827887141,0
2023-09-26,SKU_002,167.41754933614754,148.0351074837165,187.48326163938867,0
2023-09-27,SKU_002,170.4230311769486,148.75419367971804,188.92800873962486,0
2023-09-28,SKU_002,197.41165110246126,177.3002291472703,216.32810965017123,0
2023-09-29,SKU_002,231.75808698018938,211.30650003085307,252.4789019706819,0
2023-09-30,SKU_002,248.62612472308552,228.60932181114833,269.4260437572687,0
2023-10-01,SKU_002,233.8147756804503,213.13097889692614,252.554099125809,0
2023-10-02,SKU_002,204.74036940850226,185.4364795581733,223.57844982971355,0
2023-10-03,SKU_002,176.24817169320542,155.39413225555398,196.93969786252163,0
2023-10-04,SKU_002,179.01983992867483,158.96284377780748,199.0383812364147,0
2023-10-05,SKU_002,205.7232360761285,187.5569744298168,226.3583896333258,0
2023-10-06,SKU_002,239.74090685323992,218.84666110879897,261.2167117270513,0
2023-10-07,SKU_002,256.24581672266913,236.59121666174187,276.55891596383105,0
2023-10-08,SKU_002,241.0471866152311,221.00941286080507,261.2998995402742,0
2023-10-09,SKU_002,211.57227717393675,191.65602076403778,230.7596691134055,0
2023-10-10,SKU_002,182.67767565062468,162.62524848575552,202.8456649933284,0
2023-10-11,SKU_002,185.05640829278045,165.65401362346978,205.83893578267973,0
2023-10-12,SKU_002,211.38740872259967,191.25376536480502,230.9615591659769,0
2023-10-13,SKU_002,245.06366213048085,224.01372317444884,265.1093892974086,0
2023-10-14,SKU_002,261.2676208274745,239.27149904340922,280.68441857303077,0
2023-10-15,SKU_002,245.81675351089532,225.08588974922188,265.31581739352714,0
2023-10-16,SKU_002,216.14507563682213,195.03193475242844,236.07179908901597,0
2023-10-17,SKU_002,187.1142275033376,166.91691911254256,206.50070310928157,0
2023-10-18,SKU_002,189.42042821465157,168.39602176749705,209.85542236146765,0
2023-10-19,SKU_002,215.74384067976845,195.4030514053489,236.0531437870829,0
2023-10-20,SKU_002,249.47667065876416,229.66589045485773,269.799863920054,0
2023-10-21,SKU_002,265.79859682345216,246.31073127992596,286.4262501051387,0
2023-10-22,SKU_002,250.5223938700726,229.9247288060367,271.61798584492726,0
2023-10-23,SKU_002,221.07559402068264,201.1147814797025,240.58583560036632,0
2023-10-24,SKU_002,192.31174977856327,173.73426063193844,212.02308433963952,0
2023-10-25,SKU_002,194.91762079635802,172.07358702704528,214.52679431651615,0
2023-10-26,SKU_002,221.5628132798896,200.764320423436,242.94019644065065,0
2023-10-27,SKU_002,255.62818698738045,235.1991138915063,274.41759575031426,0
2023-10-28,SKU_002,272.28161784070846,252.41341419208953,291.58222335569786,0
2023-10-29,SKU_002,257.32396851081063,237.3914722859239,277.79765552145665,0
2023-10-30,SKU_002,228.17110217688932,207.6137097112385,247.69745377844941,0
2023-10-31,SKU_002,199.6654920376192,180.05145678415064,220.8206400370537,0
2023-11-01,SKU_002,202.48373928994502,181.69624547044512,223.79554004393978,0
2023-11-02,SKU_002,229.2865182535195,207.81725271882868,249.66548068714675,0
2023-11-03,SKU_002,263.44725477114594,242.7983770570176,284.0150603293649,0
2023-11-04,SKU_002,280.1281178239891,260.13438517057887,299.5714110455385,0
2023-11-05,SKU_002,265.12616995392267,245.2774735865023,285.06171422847854,0
2023-11-06,SKU_002,235.85550629715178,215.81153414268292,256.02954701691186,0
2023-11-07,SKU_002,207.15893098767424,185.8876509550081,228.0132531763346,0
2023-11-08,SKU_002,209.7154814986461,188.06498605581527,230.32942165887152,0
2023-11-09,SKU_002,236.19031923550392,217.68009666319483,256.8795191557945,0
2023-11-10,SKU_002,269.96329380882963,250.565829883059,290.7026039115674,0
2023-11-11,SKU_002,286.2047640698146,267.0826021292795,306.4043480876145,0
2023-11-12,SKU_002,270.7215261808682,251.54361967200884,291.48384545751094,0
2023-11-13,SKU_002,240.938684741628,221.43057708803101,262.09048417592163,0
2023-11-14,SKU_002,211.71102325858988,191.7807991133912,232.20776555408435,0
2023-11-15,SKU_002,213.73019316049678,192.14907435925676,234.1861665434041,0
2023-11-16,SKU_002,239.67424916409885,220.6696853958878,260.74212922604426,0
2023-11-17,SKU_002,272.9358484942808,254.42732802002755,294.48433412253183,0
2023-11-18,SKU_002,288.69770741415437,267.811995368893,308.59965573360427,0
2023-11-19,SKU_002,272.7781757068124,252.0185262517339,294.23144102554915,0
2023-11-20,SKU_002,242.61277520657433,224.3594173769484,263.64350688817416,0
2023-11-21,SKU_002,213.06526815176213,194.88045126145627,232.0007911541081,0
2023-11-22,SKU_002,214.8345831939462,192.98301262352072,235.31529012138188,0
2023-11-23,SKU_002,240.60413439522506,220.88794589726226,260.16649909820785,0
2023-11-24,SKU_002,273.7698569288176,253.73949668224955,293.88766122410016,0
2023-11-25,SKU_002,289.5155576370629,268.18643603924346,311.5246764185048,0
2023-11-26,SKU_002,273.6584442094176,254.04735825086755,292.6268692645275,0
2023-11-27,SKU_002,243.63068041423833,224.36818477089162,263.5728338755578,0
2023-11-28,SKU_002,214.29053279364166,194.27825744020788,234.75367287275986,0
2023-11-29,SKU_002,216.32943453144648,196.63427888395455,236.57956565555267,0
2023-11-30,SKU_002,242.42149802900485,222.31586950159843,261.1553367856408,0
2023-12-01,SKU_002,275.9517945326978,255.56124137724535,295.3599505721462,0
2023-12-02,SKU_002,292.0919922098008,272.00023380208114,311.44683211933307,0
2023-12-03,SKU_002,276.6462084013993,256.5676833956576,298.0638925630209,0
2023-12-04,SKU_002,247.0329145380141,227.7280721559973,268.9988187571971,0
2023-12-05,SKU_002,218.0964493945223,198.49645907122903,237.66029087171094,0
2023-12-06,SKU_002,220.51445622285718,200.84476141967215,240.98313426274245,0
2023-12-07,SKU_002,246.94776496368485,226.67838732153004,267.6626826913878,0
2023-12-08,SKU_002,280.76902766870006,262.1788069129375,301.33960788890886,0
2023-12-09,SKU_002,297.13868873671606,277.66731448405545,317.77855393545394,0
2023-12-10,SKU_002,281.8511365895644,259.7224938248105,300.87385614729516,0
2023-12-11,SKU_002,252.3168671175319,232.7651016292145,272.88170895244235,0
2023-12-12,SKU_002,223.3742075883662,202.36000372446193,244.70201138634334,0
2023-12-13,SKU_002,225.69691094260492,206.48290118666753,246.7324840554606,0
2023-12-14,SKU_002,251.94413757953032,232.7971435539477,271.9898025227751,0
2023-12-15,SKU_002,285.4891302982685,263.41017352967333,305.9216917623078,0
2023-12-16,SKU_002,301.49516321640687,281.6682752783092,321.2755517108464,0
2023-12-17,SKU_002,285.7616122229333,264.956216424405,305.5500629949731,0
2023-12-18,SKU_002,255.7059799071442,235.2782827048348,275.3757818968128,0
2023-12-19,SKU_002,226.17542773047,205.86318949758336,246.73903440803917,0
2023-12-20,SKU_002,227.8541312223886,207.81723721854317,248.34936993369016,0
2023-12-21,SKU_002,253.41298201355187,232.66593300301957,274.9529784051743,0
2023-12-22,SKU_002,286.2379504922177,264.36471399583746,307.8208715116086,0
2023-12-23,SKU_002,301.505698750726,281.38703019150427,321.7589876820854,0
2023-12-24,SKU_002,285.029300834652,265.4740560579205,304.3965472023364,0
2023-12-25,SKU_002,254.2399129922893,233.5778302637267,273.4030266708686,0
2023-12-26,SKU_002,223.99795661885113,202.86780471379657,242.62559965273175,0
2023-12-27,SKU_002,225.00013903618373,204.9129048052221,245.10245694041433,0
2023-12-28,SKU_002,249.92884520525158,229.71572087068995,271.2503670699226,0
2023-12-29,SKU_002,282.1802223545986,261.9535536877672,303.2260476666822,0
2023-12-30,SKU_002,296.93955451786854,275.2065879038142,315.9400803006941,0
2023-12-31,SKU_002,280.0267901059914,259.25764747865895,300.1801235243014,0
2024-01-01,SKU_002,248.87806996302817,229.19189290728448,269.44370512739425,0
2024-01-02,SKU_002,218.35682186783353,198.70955345888976,239.00251226025523,0
2024-01-03,SKU_002,219.16074832621246,198.97126311010553,239.11257804630418,0
2024-01-04,SKU_002,243.97124085638097,224.43487401021736,263.9022532463351,0
2024-01-05,SKU_002,276.18154127069124,254.91801015813567,295.91651948726445,0
2024-01-06,SKU_002,290.9722439397193,269.3598133356164,311.5900966798793,0
2024-01-07,SKU_002,274.1569977285237,254.0754373726785,293.70698400488675,0
2024-01-08,SKU_002,243.16424934225003,224.25710509084251,263.7952098907055,0
2024-01-09,SKU_002,212.848587219155,192.30396343251365,231.78332799204296,0
2024-01-10,SKU_002,213.8980051219464,194.32955952470687,234.32569840906498,0
2024-01-11,SKU_002,238.98361016439867,219.150616013006,258.9023331680418,0
2024-01-12,SKU_002,271.4880871725725,250.94665705916157,290.6853690826767,0
2024-01-13,SKU_002,286.581504255088,266.2327653654855,306.4544082649657,0
2024-01-14,SKU_002,270.0673095436812,250.1320263781314,290.3940202501201,0
2024-01-15,SKU_002,239.36435237943556,220.77401401402818,259.7311547311303,0
2024-01-16,SKU_002,209.31848025362,188.5377998945482,230.29881388507533,0
2024-01-17,SKU_002,210.6100236512382,189.209468654674,230.6304552772889,0
2024-01-18,SKU_002,235.90368767108086,216.41855386515044,256.03749175518885,0
2024-01-19,SKU_002,268.5771573984301,247.96721153254364,287.7313264587962,0
2024-01-20,SKU_002,283.79699866802923,264.200208887539,302.3445705260627,0
2024-01-21,SKU_002,267.3647020914627,247.50868881501256,287.04133961410463,0
2024-01-22,SKU_002,236.69870310668935,216.07029456082407,257.01561810202054,0
2024-01-23,SKU_002,206.64593028914507,188.30865790863916,226.9503771770054,0
2024-01-24,SKU_002,207.8891964173377,187.6270507599057,227.77806974119144,0
2024-01-25,SKU_002,233.09695485373305,213.64160838596476,253.79386606694877,0
2024-01-26,SKU_002,265.6517331093417,246.8245854631265,284.3803324749746,0
2024-01-27,SKU_002,280.7258311765516,260.1180833637722,299.9883291885148,0
2024-01-28,SKU_002,264.12713930943534,244.13941613340418,284.9246627044128,0
2024-01-29,SKU_002,233.28091546807852,212.5982959863269,251.74500204791067,0
2024-01-30,SKU_002,203.04108253282956,182.35308399824646,222.70519205825536,0
2024-01-31,SKU_002,204.09736782719926,185.33054719982985,224.4326647992676,0
2024-02-01,SKU_002,229.12481547932524,209.11731413296988,250.20731780533768,0
2024-02-02,SKU_002,261.511991154896,241.13073633235612,281.49114936511234,0
2024-02-03,SKU_002,276.436473806276,256.43402102063334,295.5696941935543,0
2024-02-04,SKU_002,259.71049556028703,239.5217530578176,278.95967404848744,0
2024-02-05,SKU_002,228.76257526663582,208.9809206427594,248.3697783685617,0
2024-02-06,SKU_002,198.4487101547047,178.7681055469128,219.9443827113332,0
2024-02-07,SKU_002,199.4594511893203,178.71057334594803,218.83993353889585,0
2024-02-08,SKU_002,224.4693944028284,204.80264014837027,246.3581052479849,0
2024-02-09,SKU_002,256.8654081079123,235.94605206565592,275.85565029788216,0
2024-02-10,SKU_002,271.82218969965186,251.3519763948509,291.36923575198,0
2024-02-11,SKU_002,255.14801076519979,235.40449583637766,274.96914609410703,0
2024-02-12,SKU_002,224.2664925498452,202.91246407820734,245.12286679775335,0
2024-02-13,SKU_002,194.0279714829853,173.02441578330337,213.98932454653718,0
2024-02-14,SKU_002,195.1167746784767,174.56710104836964,215.41448659113712,0
2024-02-15,SKU_002,220.2009311947516,199.68412923235226,241.03684591463377,0
2024-02-16,SKU_002,252.66063186344346,232.83149786744949,274.57391227448505,0
2024-02-17,SKU_002,267.6640239157483,246.27731462788603,287.76466925288344,0
2024-02-18,SKU_002,251.01319149405526,229.14696883528146,270.9855226902251,0
2024-02-19,SKU_002,220.12615654955098,200.06695440801147,240.35703682784472,0
2024-02-20,SKU_002,189.848452599452,168.8538756506331,209.62071068938582,0
2024-02-21,SKU_002,190.86058456036292,170.07675800092593,210.269984644712,0
2024-02-22,SKU_002,215.82789449437416,196.07520749182993,235.2446448502431,0
2024-02-23,SKU_002,248.12914104731914,227.29100040315103,268.9165388002589,0
2024-02-24,SKU_002,262.93237485533746,241.20001632559965,282.73308019461706,0
2024-02-25,SKU_002,246.04095825838937,227.21278676487267,265.06637605782123,0
2024-02-26,SKU_002,214.87556234362972,194.57476034649224,234.80768867641075,0
2024-02-27,SKU_002,184.28569365062148,162.81837403791928,205.12079240334845,0
2024-02-28,SKU_002,184.95706493039276,164.56426505705653,206.27150477394898,0
2024-02-29,SKU_002,209.56133227660484,188.82125121340346,230.95266312496517,0
2024-03-01,SKU_002,241.4845100969427,220.74092759895558,260.74933610780465,0
2024-03-02,SKU_002,255.90265100225503,235.66824021890605,274.70073705293703,0
2024-03-03,SKU_002,238.62764470817496,217.99989978820994,257.29170332797287,0
2024-03-04,SKU_002,207.08897551743522,187.0623406005493,228.7931022699341,0
2024-03-05,SKU_002,176.14499784180546,157.1558307230496,196.5964829215226,0
2024-03-06,SKU_002,176.49005166620165,155.43022765732027,197.00750055364333,0
2024-03-07,SKU_002,200.80394790990857,180.44735790861674,220.61464645428617,0
2024-03-08,SKU_002,232.48014272187186,212.95130394458434,253.34979829825238,0
2024-03-09,SKU_002,246.7011950306652,226.15997122519266,266.2092197759635,0
2024-03-10,SKU_002,229.28436815957008,209.56435729570447,248.51146859787093,0
2024-03-11,SKU_002,197.66322105426397,179.78098178276386,218.26449423292743,0
2024-03-12,SKU_002,166.69875364710873,146.71605362440272,187.68496375417521,0
2024-03-13,SKU_002,167.08643225883637,146.2706493307157,187.58395877228023,0
2024-03-14,SKU_002,191.50562780383956,172.06549543934676,212.20156877689624,0
2024-03-15,SKU_002,223.3477873761007,203.04452105772725,243.8807610799274,0
2024-03-16,SKU_002,237.79193376037006,217.8639810797056,258.3161166758137,0
2024-03-17,SKU_002,220.65035257603563,199.94426974545587,241.10482592595227,0
2024-03-18,SKU_002,189.35031021489013,167.90025002839297,208.95991093684032,0
2024-03-19,SKU_002,158.74536348363807,138.29962959319602,179.18479788512934,0
2024-03-20,SKU_002,159.52258215220886,139.37561198436416,178.95299415845,0
2024-03-21,SKU_002,184.35221140492357,164.12430130049484,206.1411477905389,0
2024-03-22,SKU_002,216.6160884485825,196.27905391220514,236.01403045559124,0
2024-03-23,SKU_002,231.48340057189864,211.14616519161893,251.59379432918544,0
2024-03-24,SKU_002,214.75663696159924,193.9921467496245,236.31493376767023,0
2024-03-25,SKU_002,183.85356977078575,164.20712361927414,203.71608146104145,0
2024-03-26,SKU_002,153.6188177580591,132.0487035976713,173.34119475115997,0
2024-03-27,SKU_002,154.73130637385262,133.8230020603493,176.12595637889294,0
2024-03-28,SKU_002,179.8541445673224,160.07027597801056,199.43271881806407,0
2024-03-29,SKU_002,212.36322629753118,193.01229321519776,232.06473139864798,0
2024-03-30,SKU_002,227.42313898613293,208.55816927658867,247.2970674426181,0
2024-03-31,SKU_002,210.83322694643547,191.7729823025067,231.84987953008093,0
2024-04-01,SKU_002,180.00964226872227,158.83111616535678,199.48425974997411,0
2024-04-02,SKU_002,149.79693469469967,130.08788525402565,169.17603773679133,0
2024-04-03,SKU_002,150.87549385772803,131.09188589267401,169.87064540851358,0
2024-04-04,SKU_002,175.9113649726075,154.96545505868644,196.950092344787,0
2024-04-05,SKU_002,208.28474803694414,188.24594517896855,230.2220018090359,0
2024-04-06,SKU_002,223.16576606904107,202.95527892804583,242.39924892110108,0
2024-04-07,SKU_002,206.3603548080495,187.97072780773422,227.03709403199616,0
2024-04-08,SKU_002,175.2921117150704,155.64386321020092,195.54245247242216,0
2024-04-09,SKU_002,144.8136619698946,125.05930305825254,165.30279869245248,0
2024-04-10,SKU_002,145.6138616171955,125.60199472756938,164.83635190202398,0
2024-04-11,SKU_002,170.36736613169512,150.756035208059,190.24202986515968,0
2024-04-12,SKU_002,202.462882981139,181.4411891118195,224.22023678792166,0
2024-04-13,SKU_002,217.07869536021687,197.89197676390313,236.89513128283374,0
2024-04-14,SKU_002,200.02832800616272,179.06880800959857,220.60205639714925,0
2024-04-15,SKU_002,168.7421881706204,149.498033503829,189.20263573923447,0
2024-04-16,SKU_002,138.07875110020774,117.68140703572216,156.70190348689195,0
2024-04-17,SKU_002,138.73161416431046,118.7529121223662,159.27931550789395,0
2024-04-18,SKU_002,163.3789520321239,143.98802965699952,185.14578825934908,0
2024-04-19,SKU_002,195.41169335616416,177.1936861564545,216.32769419870334,0
2024-04-20,SKU_002,210.0090136546675,189.55563290558464,231.39249944249045,0
2024-04-21,SKU_002,192.98400448655937,173.88025957193207,214.46447066581408,0
2024-04-22,SKU_002,161.76536270048504,141.96164321269606,181.33406310325606,0
2024-04-23,SKU_002,131.20866149933545,110.16051109039745,150.73062620809836,0
2024-04-24,SKU_002,132.00352551954177,111.66635834795693,150.88532460056658,0
2024-04-25,SKU_002,156.82323817512153,137.29533987743372,176.15119244462994,0
2024-04-26,SKU_002,189.05309664845694,169.53886723026986,209.19496444639196,0
2024-04-27,SKU_002,203.86610336443084,183.39668362007615,225.20037504840246,0
2024-04-28,SKU_002,187.068847602413,167.25415952787142,207.12892892907882,0
2024-04-29,SKU_002,156.08341420048703,136.25819741504006,176.66972108714077,0
2024-04-30,SKU_002,125.75887409378525,105.45799662546986,144.41847555485526,0
2024-05-01,SKU_002,126.77867193174225,107.24553128968655,145.9777983128159,0
2024-05-02,SKU_002,151.81043233095852,132.03715434155012,171.64280782489018,0
2024-05-03,SKU_002,184.23449392153603,163.68101214127503,205.6473867051497,0
2024-05-04,SKU_002,199.21975446111514,179.13070241554067,218.55999890159978,0
2024-05-05,SKU_002,182.5696759423425,162.76051337186342,201.67324492695712,0
2024-05-06,SKU_002,151.7042990639988,132.14537469683876,171.01186106853484,0
2024-05-07,SKU_002,121.47173833065007,99.0172908949851,143.19660470755505,0
2024-05-08,SKU_002,122.55563319328374,102.86298876965584,141.78370362602547,0
2024-05-09,SKU_002,147.62491488505387,126.12960622226355,168.23716788855256,0
2024-05-10,SKU_002,180.06227990085696,159.79826696253582,200.82033543259712,0
2024-05-11,SKU_002,195.03993939720846,174.16645259397495,215.21838667740536,0
2024-05-12,SKU_002,178.3654967264107,156.82698193105034,198.49931880945235,0
2024-05-13,SKU_002,147.46379062378108,126.44867298867288,167.96631850366845,0
2024-05-14,SKU_002,117.18826133152834,96.23271445388552,138.97671958050006,0
2024-05-15,SKU_002,118.2281593464445,97.48633596047532,139.84617475110164,0
2024-05-16,SKU_002,143.25812453764428,123.10527438027854,164.29345066413651,0
2024-05-17,SKU_002,175.66645254673057,153.86507874572678,195.91148111835838,0
2024-05-18,SKU_002,190.6306408009642,170.98242500528943,211.9962766701335,0
2024-05-19,SKU_002,173.96307314969903,154.4707093834325,193.03004941405933,0
2024-05-20,SKU_002,143.09268710692047,124.15595077411947,162.7895518183471,0
2024-05-21,SKU_002,112.87618692970533,90.68871495418522,132.19339702983234,0
2024-05-22,SKU_002,114.00512743701418,93.63423199290634,133.35909894074035,0
2024-05-23,SKU_002,139.1554006516209,120.00434509606353,158.82573347748718,0
2024-05-24,SKU_002,171.7154454768189,151.60570541184714,191.56947040401263,0
2024-05-25,SKU_002,186.86177489918205,166.39347855807733,207.57326960575517,0
2024-05-26,SKU_002,170.40468066723085,150.3764593923359,191.32180857143453,0
2024-05-27,SKU_002,139.76995911940784,119.12495026293155,160.30154931734674,0
2024-05-28,SKU_002,109.81021982008355,91.19121207394944,129.5589629313956,0
2024-05-29,SKU_002,111.21783745200116,91.18255610967996,131.8209811408366,0
2024-05-30,SKU_002,136.6573835228468,116.74168828487332,156.69268679920145,0
2024-05-31,SKU_002,169.51123638285745,150.47795012050497,187.9372026314081,0
2024-06-01,SKU_002,184.9495750194387,164.80124445440336,205.63594350109247,0
2024-06-02,SKU_002,168.77630168606186,149.50128388431907,189.24141897979302,0
2024-06-03,SKU_002,138.410991717686,117.32745830227368,159.8623613031486,0
2024-06-04,SKU_002,108.70042491111897,88.2537043990498,129.90571819179416,0
2024-06-05,SKU_002,110.32601326132459,88.38229707265135,129.51344971307614,0
2024-06-06,SKU_002,135.95364606325,117.37756040395774,156.71495825045642,0
2024-06-07,SKU_002,168.96226089790014,147.39620727318106,188.8306418935643,0
2024-06-08,SKU_002,184.5197230526428,163.73196454728557,202.79962494444982,0
2024-06-09,SKU_002,168.42886150350364,148.17320891819796,187.65046816670366,0
2024-06-10,SKU_002,138.10949380866083,116.09083221220106,156.70587460398943,0
2024-06-11,SKU_002,108.40999111160149,87.79950608620933,128.37926221927572,0
2024-06-12,SKU_002,110.01469611379808,89.95726720629463,131.19219901466099,0
2024-06-13,SKU_002,135.5937144349325,114.8264823872451,153.46460488162575,0
2024-06-14,SKU_002,168.53138864739282,148.01482848293318,187.37693159717844,0
2024-06-15,SKU_002,184.00203967163537,164.5622462278219,203.87230199956244,0
2024-06-16,SKU_002,167.81582710608774,149.16611634521865,187.90098769133084,0
2024-06-17,SKU_002,137.40056551765625,117.71266349413891,157.57427799039675,0
2024-06-18,SKU_002,107.61305366681272,87.00840281295059,127.45419306726421,0
2024-06-19,SKU_002,109.14623624315155,86.8781975012284,129.11828680332965,0
2024-06-20,SKU_002,134.67872599324153,114.25116639904752,156.3145609549148,0
2024-06-21,SKU_002,167.61294853373815,147.44206375731923,187.9510493284442,0
2024-06-22,SKU_002,183.12077778047095,162.91586618449932,203.11572045255343,0
2024-06-23,SKU_002,167.01897200717772,147.52741013415366,187.1618602595235,0
2024-06-24,SKU_002,136.7408056061492,116.71303549864128,156.81691902121753,0
2024-06-25,SKU_002,107.14718626768219,86.00481247384532,127.23701492235925,0
2024-06-26,SKU_002,108.93363915217788,88.58867149842973,128.00301766298597,0
2024-06-27,SKU_002,134.7796920393618,115.7610355013875,154.9109341822545,0
2024-06-28,SKU_002,168.07698373964192,147.22198182215243,187.73393387235987,0
2024-06-29,SKU_002,184.0046924799081,162.73791090581093,204.3439933069384,0
2024-06-30,SKU_002,168.3751465262983,149.504388578681,188.50028178808287,0
2024-07-01,SKU_002,138.61546306474435,117.84014421803563,159.06301656684252,0
2024-07-02,SKU_002,109.57877933564049,90.1188876983075,129.6607446022727,0
2024-07-03,SKU_002,111.95140040280678,91.08032841900292,130.098069573534,0
2024-07-04,SKU_002,138.4023938419997,117.03730450693376,158.07697161462357,0
2024-07-05,SKU_002,172.31194854403412,153.14384771350916,192.5675324309955,0
2024-07-06,SKU_002,188.84708797583738,168.2538735118758,207.97430482484268,0
2024-07-07,SKU_002,173.80759269538925,154.73648801656307,193.79431415707955,0
2024-07-08,SKU_002,144.6079697736192,125.06823573608922,163.88671696415437,0
2024-07-09,SKU_002,116.08902408414446,96.16373940550707,136.30504771204647,0
2024-07-10,SKU_002,118.92534638989247,99.24121963839163,139.54296718058063,0
2024-07-11,SKU_002,145.77523891509543,125.10022937566205,166.12712210649968,0
2024-07-12,SKU_002,180.00938612503637,159.44087158221956,202.78273501969576,0
2024-07-13,SKU_002,196.78685199116237,176.3121874853771,218.07501356800694,0
2024-07-14,SKU_002,181.9012501317464,160.81164063808998,201.39529786936305,0
2024-07-15,SKU_002,152.77689217546543,132.3414490399944,174.26165202413895,0
2024-07-16,SKU_002,124.23858707471192,104.2637279883212,144.23461590990215,0
2024-07-17,SKU_002,126.96115305189399,106.65695867136434,147.61896537484813,0
2024-07-18,SKU_002,153.60540757780421,133.35490256428096,173.67867988681206,0
2024-07-19,SKU_002,187.54681706862553,166.7532361300132,207.19438720325257,0
2024-07-20,SKU_002,203.95141216444546,184.65256988281567,224.02712194118382,0
2024-07-21,SKU_002,188.6218164363797,169.81140856650183,208.57842863389274,0
2024-07-22,SKU_002,158.97922182850627,139.54438058990948,179.94228308017458,0
2024-07-23,SKU_002,129.8748641792015,110.70088017215923,149.77739343042632,0
2024-07-24,SKU_002,131.99731495618795,111.87119589462002,152.76424206744426,0
2024-07-25,SKU_002,158.02211390612325,136.9912452957237,176.82039697371889,0
2024-07-26,SKU_002,191.34005707549917,171.45018610161213,211.38701400717875,0
2024-07-27,SKU_002,207.1327307779384,185.91752531569776,226.96025495158824,0
2024-07-28,SKU_002,191.21814951211297,169.3004931647449,210.7240657020315,0
2024-07-29,SKU_002,161.0323416327913,140.25970920123902,179.5768115531099,0
2024-07-30,SKU_002,131.44044666717213,110.5281593527233,151.42921404736475,0
2024-07-31,SKU_002,133.14365070521842,115.14021233060006,153.21831604875996,0
2024-08-01,SKU_002,158.8284943292407,139.3314455949838,179.33359664454355,0
2024-08-02,SKU_002,191.8948764844967,172.79667590758677,213.01268230422764,0
2024-08-03,SKU_002,207.5313527458609,187.40412201464255,226.92494569827448,0
2024-08-04,SKU_002,191.56059256688675,172.07044717378804,212.3459252031074,0
2024-08-05,SKU_002,161.4208444174604,140.92880759531232,181.93818566858909,0
2024-08-06,SKU_002,131.97697616434118,110.56791785576262,154.05013426263318,0
2024-08-07,SKU_002,133.93673181731242,112.24556395245537,153.64233875303992,0
2024-08-08,SKU_002,159.9721742274235,139.4108180617086,179.60406050545097,0
2024-08-09,SKU_002,193.47576490864452,174.74985290105923,213.48601885681668,0
2024-08-10,SKU_002,209.6265461957842,188.46668763176697,230.05219806504502,0
2024-08-11,SKU_002,194.2358498788672,173.4504737482514,214.917367933738,0
2024-08-12,SKU_002,164.72906147570433,145.01348573863567,184.56232970382817,0
2024-08-13,SKU_002,135.9569993964418,116.03824804312372,155.5908235671268,0
2024-08-14,SKU_002,138.60322795670712,119.65428822831997,158.6193685290046,0
2024-08-15,SKU_002,165.33382858630168,145.20391770191662,185.1575291505523,0
2024-08-16,SKU_002,199.52594016126216,179.98763885651107,220.4340292703541,0
2024-08-17,SKU_002,216.34365241336903,195.49611328831966,236.06042481091671,0
2024-08-18,SKU_002,201.58410089007884,182.23652311353226,220.41013366295533,0
2024-08-19,SKU_002,172.65959507627036,153.08004775008885,192.63125619327607,0
2024-08-20,SKU_002,144.40932905156671,125.20618529349605,164.3812044717196,0
2024-08-21,SKU_002,147.50698467053846,127.18127776357022,168.61936377883708,0
2024-08-22,SKU_002,174.61074380588983,152.98351897767222,194.40016583148213,0
2024-08-23,SKU_002,209.09201415693536,187.3411570208406,230.2904268743182,0
2024-08-24,SKU_002,226.11144771278245,205.5687541195461,248.15562981089732,0
2024-08-25,SKU_002,211.46509717568472,190.8720082198417,232.02933709432838,0
2024-08-26,SKU_002,182.5665405725182,164.5887931716835,203.4170231783209,0
2024-08-27,SKU_002,154.25852386594633,135.01742194837493,176.36540812614135,0
2024-08-28,SKU_002,157.22043379694745,135.58003690143073,177.47311060404078,0
2024-08-29,SKU_002,184.11812148310096,163.4143678418684,204.19865076107627,0
2024-08-30,SKU_002,218.33238688532361,197.47123361602848,239.65552455566004,0
2024-08-31,SKU_002,235.0347103017151,215.76794314309726,257.1216382880068,0
2024-09-01,SKU_002,220.03308453086328,199.8312205747796,239.117352292448,0
2024-09-02,SKU_002,190.75378728069526,169.90345821061422,211.03251862109835,0
2024-09-03,SKU_002,162.0526537431087,140.13221130009765,182.3997729691369,0
2024-09-04,SKU_002,164.62217213493582,143.04233278242046,184.2214355173074,0
2024-09-05,SKU_002,191.1409334622301,169.75117164678753,212.43560776198922,0
2024-09-06,SKU_002,225.0017562070911,204.40914689406415,243.938913676274,0
2024-09-07,SKU_002,241.38708224016187,220.09411532604977,260.78560348090963,0
2024-09-08,SKU_002,226.11450700731396,204.9409958444653,246.002536270237,0
2024-09-09,SKU_002,196.61829197419874,175.71305617808238,217.27590425818127,0
2024-09-10,SKU_002,167.76042641828442,147.10850760010078,188.2714489260416,0
2024-09-11,SKU_002,170.2375670954848,149.39804806113008,189.5448007091779,0
2024-09-12,SKU_002,196.73039116371712,175.1018610785876,216.3165230630375,0
2024-09-13,SKU_002,230.63168547668144,210.00797090207595,251.231063296952,0
2024-09-14,SKU_002,247.12176918096947,227.39912508721983,266.74212211858793,0
2024-09-15,SKU_002,232.01411150553963,210.7385602669236,252.09844495221031,0
2024-09-16,SKU_002,202.73698981277536,183.5026345366523,221.59076178228057,0
2024-09-17,SKU_002,174.14475042147342,153.2111232572452,194.64409362445497,0
2024-09-18,SKU_002,176.92499462175886,157.37978835952902,197.02945572516907,0
2024-09-19,SKU_002,203.74821780951726,183.82820066101175,224.53742444788324,0
2024-09-20,SKU_002,237.99621627125265,218.7459934942976,257.73425885412985,0
2024-09-21,SKU_002,254.83784909400333,235.29736052629013,275.3883755842539,0
2024-09-22,SKU_002,240.07500702822216,219.6133810741001,259.84248859060284,0
2024-09-23,SKU_002,211.12462301109832,191.02144517252174,230.47897589423818,0
2024-09-24,SKU_002,182.83027648609533,160.72244857300697,202.83084297561373,0
2024-09-25,SKU_002,185.86970386678001,164.67361405406967,206.47335828891403,0
2024-09-26,SKU_002,212.90473358656595,193.32037269366012,234.0893902260149,0
2024-09-27,SKU_002,247.30995164143803,226.75610952416173,266.62570838177646,0
2024-09-28,SKU_002,264.24867759301105,244.28319231762177,284.618796790738,0
2024-09-29,SKU_002,249.51909667617605,229.82150001273558,268.2076933877375,0
2024-09-30,SKU_002,220.5363780460259,200.88304023669238,242.04464602354173,0
2024-10-01,SKU_002,192.1443282651936,171.27151556937625,211.20186931842812,0
2024-10-02,SKU_002,195.02289107054875,173.72670144365605,215.35936667712906,0
2024-10-03,SKU_002,221.83801231493942,202.85695985267432,240.7090779592725,0
2024-10-04,SKU_002,255.97017818635464,236.94905246812237,276.8733994043483,0
2024-10-05,SKU_002,272.5902105500601,251.6370981094189,291.6960173508307,0
2024-10-06,SKU_002,257.5051704959262,236.51117099387037,277.04144549552603,0
2024-10-07,SKU_002,228.14020696573166,209.22515306800423,247.06801394809764,0
2024-10-08,SKU_002,199.34990760529055,179.76801028867555,220.4426526241686,0
2024-10-09,SKU_002,201.8254718814152,180.15070426873825,220.85249895540588,0
2024-10-10,SKU_002,228.24423506786917,208.0304570638869,248.8869100253965,0
2024-10-11,SKU_002,261.99786132025673,241.68349998173474,282.88102827936234,0
2024-10-12,SKU_002,278.26779992451657,257.1033636488722,298.4640409794219,0
2024-10-13,SKU_002,262.87086585874175,243.05496884096982,282.71074170341336,0
2024-10-14,SKU_002,233.2407911257686,213.5843571783628,252.0950154970866,0
2024-10-15,SKU_002,204.2393128282373,184.8924238689716,224.04303258105884,0
2024-10-16,SKU_002,206.56312584018994,185.73301524972575,226.63183619352827,0
2024-10-17,SKU_002,232.89323525102117,212.96148676677083,252.42047481223779,0
2024-10-18,SKU_002,266.6230319407729,247.1354871471995,286.1890274343761,0
2024-10-19,SKU_002,282.93368892219445,263.8024729543359,303.15628322580835,0
2024-10-20,SKU_002,267.6397414593803,247.18979638566117,286.4297227790221,0
2024-10-21,SKU_002,238.17069753751693,218.37064294676375,258.5658249722401,0
2024-10-22,SKU_002,209.38224303290312,189.5678993267138,228.71127846415786,0
2024-10-23,SKU_002,211.9633661093203,191.17276367858634,232.0157584788598,0
2024-10-24,SKU_002,238.58593108734073,219.31561831965158,258.8455053079097,0
2024-10-25,SKU_002,272.63301875052866,253.15553469578236,292.6389954981217,0
2024-10-26,SKU_002,289.27462305760207,267.7535918096337,310.0973548102482,0
2024-10-27,SKU_002,274.313558546612,252.39858335723144,293.93863476976935,0
2024-10-28,SKU_002,245.16741548350038,227.10286104728593,265.1512526505915,0
2024-10-29,SKU_002,216.68011705675852,195.6702903079912,237.5370714253914,0
2024-10-30,SKU_002,219.52939286863764,199.96333045654433,241.25715920235373,0
2024-10-31,SKU_002,246.37668875258984,225.09453514359197,267.3160588784696,0
2024-11-01,SKU_002,280.5958200372994,260.8548334088236,301.2871297996331,0
2024-11-02,SKU_002,297.34894902396377,276.9904241021405,315.62321751863277,0
2024-11-03,SKU_002,282.4327326821486,262.8233222007734,302.4759855759184,0
2024-11-04,SKU_002,253.2604704920301,233.76366811448457,273.5056252615871,0
2024-11-05,SKU_002,224.6738009761716,205.78540243991142,243.7577049096776,0
2024-11-06,SKU_002,227.35025694612276,209.18734076144762,248.4322570627133,0
2024-11-07,SKU_002,253.95319692529168,234.67400935827658,274.40951207130377,0
2024-11-08,SKU_002,287.86041903316993,267.4682307202135,307.2985718852812,0
2024-11-09,SKU_002,304.2400390216693,283.1134801445396,324.51103411378983,0
2024-11-10,SKU_002,288.8964811230198,268.02115601182453,308.0282719971827,0
2024-11-11,SKU_002,259.2524159564776,238.3069752019416,278.8010481516316,0
2024-11-12,SKU_002,230.1601998830916,211.4210791168014,249.27168119681622,0
2024-11-13,SKU_002,232.30913305476759,212.0538528393973,252.597519232627,0
2024-11-14,SKU_002,258.37506199876447,237.71211150294832,279.67543056322154,0
2024-11-15,SKU_002,291.74864232268806,270.75945158926663,312.2027829120102,0
2024-11-16,SKU_002,307.6108531892419,288.26239078270885,327.9970313782735,0
2024-11-17,SKU_002,291.7786225438143,273.17711798885995,311.3434377231931,0
2024-11-18,SKU_002,261.6864077428019,241.44560191868825,282.4106605219016,0
2024-11-19,SKU_002,232.19729614745182,212.03295464173394,252.8948227788008,0
2024-11-20,SKU_002,234.00995258965668,212.8551172144145,255.06735672366347,0
2024-11-21,SKU_002,259.80794842008225,239.63127577982914,279.8178387013501,0
2024-11-22,SKU_002,292.9877955480867,272.3456637824872,313.66952918023946,0
2024-11-23,SKU_002,308.7342836793291,288.0722629538356,329.44058728741726,0
2024-11-24,SKU_002,292.86598483677517,272.29110591999995,313.83289424947463,0
2024-11-25,SKU_002,262.8167733157212,242.4518743470681,282.29287252305573,0
2024-11-26,SKU_002,233.44692744459232,214.73414206963946,253.29897801676373,0
2024-11-27,SKU_002,235.4501401151735,215.23437456250383,256.2851902233831,0
2024-11-28,SKU_002,261.5029711016932,242.33716154327752,280.99947314546637,0
2024-11-29,SKU_002,294.9930611935981,275.6161661281928,314.63699673777705,0
2024-11-30,SKU_002,311.0947013597378,290.7552169752884,331.3003722145014,0
2024-12-01,SKU_002,295.6146145866355,273.6665544523904,315.90154579610015,0
2024-12-02,SKU_002,265.97379083357697,245.04760909148422,286.1821541820442,0
2024-12-03,SKU_002,237.01893271177465,216.76242167441367,257.99803441354294,0
2024-12-04,SKU_002,239.42982929483526,219.3218865814547,259.8667271424375,0
2024-12-05,SKU_002,265.8691809945064,246.16459697185948,286.4043538509015,0
2024-12-06,SKU_002,299.7111852041784,280.35289242147076,319.68171796288476,0
2024-12-07,SKU_002,316.1174656560782,295.4967755443273,336.86589299503,0
2024-12-08,SKU_002,300.88319321463496,280.14640011454543,320.72804497744977,0
2024-12-09,SKU_002,271.4192292439155,250.89963763429736,290.51937010780193,0
2024-12-10,SKU_002,242.56384074414868,222.23412376825397,263.4493834315233,0
2024-12-11,SKU_002,244.9902973676617,225.95069080685454,265.54228814837427,0
2024-12-12,SKU_002,271.35686727640706,252.03637357603657,292.3939926064735,0
2024-12-13,SKU_002,305.035517052766,283.42955779828134,324.36530158199525,0
2024-12-14,SKU_002,321.18789572871333,300.9629501485659,341.9932701146935,0
2024-12-15,SKU_002,305.61144945120145,285.97348579812177,326.22362336248904,0
2024-12-16,SKU_002,275.7214984230935,255.40990167624918,295.7145545405249,0
2024-12-17,SKU_002,246.36282749835715,227.37353895555742,265.70440530474247,0
2024-12-18,SKU_002,248.21710433599566,228.43767206671575,267.1017990816403,0
2024-12-19,SKU_002,273.9526473633332,255.08726538331763,295.21085510076307,0
2024-12-20,SKU_002,306.95285538427527,286.25947537392136,327.6411470573653,0
2024-12-21,SKU_002,322.391886660609,302.6778234101597,342.4640542718126,0
2024-12-22,SKU_002,306.08044265907256,285.6683471177234,327.21596646028024,0
2024-12-23,SKU_002,275.44749743697685,254.2582933870755,295.7756485770582,0
2024-12-24,SKU_002,245.35153377076688,226.011444581652,266.38185280670535,0
2024-12-25,SKU_002,246.48760976254857,225.68653060914008,265.84254793453096,0
2024-12-26,SKU_002,271.53678784249416,251.23457464578067,291.14394368777954,0
2024-12-27,SKU_002,303.89424722146407,282.6813247906639,324.50549026509384,0
2024-12-28,SKU_002,318.74467613642844,298.6519865874554,338.70153626281325,0
2024-12-29,SKU_002,301.9078066623613,282.5435318437275,321.71414005004243,0
2024-12-30,SKU_002,270.819939486193,251.35004107728312,291.0837344945796,0
2024-12-31,SKU_002,240.34502485500843,220.0481042149531,259.8202470308567,1
2025-01-01,SKU_002,241.18162708042576,221.134961342489,260.3232820110237,1
2025-01-02,SKU_002,266.012306617558,244.5177785405498,286.53331407478856,1
2025-01-03,SKU_002,298.2317412773282,276.16719164570344,318.67464469680124,1
2025-01-04,SKU_002,313.0221818295033,293.6200613891302,334.7775116411847,1
2025-01-05,SKU_002,296.1991021342245,276.08159169383333,316.8108764812204,1
2025-01-06,SKU_002,265.19288711005504,244.47709223739758,285.35580196809116,1
2025-01-07,SKU_002,234.860119338928,215.75546520759394,254.70397017237025,1
2025-01-08,SKU_002,235.89078513009272,214.0763766357401,257.3223210599749,1
2025-01-09,SKU_002,260.9579265449541,241.6102921015228,280.9948106507688,1
2025-01-10,SKU_002,293.446052713771,273.54028523181603,315.54986772481794,1
2025-01-11,SKU_002,308.52689699268,287.718468812029,327.85035329666283,1
2025-01-12,SKU_002,292.0053711800229,272.41879444677426,312.71001223801903,1
2025-01-13,SKU_002,261.3015512292985,241.36788904635972,282.4163863539054,1
2023-01-01,SKU_003,139.40271871888316,125.93506231529562,153.50098199308886,0
2023-01-02,SKU_003,122.07545970980448,108.06485688956462,136.05126505150196,0
2023-01-03,SKU_003,108.13661693148799,94.96229241509239,122.8144246762179,0
2023-01-04,SKU_003,108.43481639531917,94.77258881149999,121.57384466992815,0
2023-01-05,SKU_003,119.89507680695338,105.71963776364257,133.89610602054015,0
2023-01-06,SKU_003,136.56448172765195,122.93357181031327,150.98459960888528,0
2023-01-07,SKU_003,147.23899487029223,133.15464581596146,160.795743137501,0
2023-01-08,SKU_003,137.68048134820597,123.81707256511874,152.36306023933946,0
2023-01-09,SKU_003,120.58788576277175,106.22203089492824,134.03645315598177,0
2023-01-10,SKU_003,106.86962583701336,94.76143346285382,120.14269306614243,0
2023-01-11,SKU_003,107.36653734830574,93.8382479097852,122.65719860299565,0
2023-01-12,SKU_003,118.99671846519102,105.93117495638002,132.66845304245905,0
2023-01-13,SKU_003,135.80139214884395,122.01866133407775,148.42715097100816,0
2023-01-14,SKU_003,146.571878094419,133.44468997570613,159.85072351791862,0
2023-01-15,SKU_003,137.0667326939153,123.6053368223689,151.04221116706955,0
2023-01-16,SKU_003,119.98300471360359,106.38129910814817,134.185303765825,0
2023-01-17,SKU_003,106.22866342476027,91.87705903365726,119.50534784498078,0
2023-01-18,SKU_003,106.64553425832895,93.47020165660564,120.5373700332065,0
2023-01-19,SKU_003,118.15409070154789,104.8437132456081,131.69042813660795,0
2023-01-20,SKU_003,134.79922298437404,120.66239835371702,147.55727166239146,0
2023-01-21,SKU_003,145.37707813374425,132.63920877045334,160.09046752057327,0
2023-01-22,SKU_003,135.65203409614958,120.83949910825967,149.35459585154328,0
2023-01-23,SKU_003,118.32776083133726,105.64871588786364,131.4077707084457,0
2023-01-24,SKU_003,104.3194311567746,91.17503059372082,118.08295238789412,0
2023-01-25,SKU_003,104.47642310639856,91.21004419172762,118.78303211427975,0
2023-01-26,SKU_003,115.7268696530178,101.70033119438929,130.86578820117674,0
2023-01-27,SKU_003,132.12318373801406,118.3377707337909,145.7291960206284,0
2023-01-28,SKU_003,142.46866056056157,128.94359796717785,155.755523458157,0
2023-01-29,SKU_003,132.53422702599033,119.57496181490896,147.09644001062475,0
2023-01-30,SKU_003,115.02929802592197,101.20922595363062,128.47942687823243,0
2023-01-31,SKU_003,100.87380848574297,86.66608219236133,114.17685287851765,0
2023-02-01,SKU_003,100.92076829287346,87.34230893784813,114.56067052525893,0
2023-02-02,SKU_003,112.10070036351134,97.55604825667653,126.04300367396316,0
2023-02-03,SKU_003,128.46709307861832,115.29639650421876,143.09044777192943,0
2023-02-04,SKU_003,138.8229711854233,125.65341524641369,153.11289153956548,0
2023-02-05,SKU_003,128.93765593142703,115.62242484158322,142.57617461926262,0
2023-02-06,SKU_003,111.51767371185423,99.0929198427315,124.55190271504844,0
2023-02-07,SKU_003,97.47888051462671,83.39602110026063,110.48308881271348,0
2023-02-08,SKU_003,97.66914641773187,84.43741674814794,111.83216261150086,0
2023-02-09,SKU_003,109.01295641695658,96.09184067009984,122.6024367335195,0
2023-02-10,SKU_003,125.5570538347101,112.2039567251526,139.12565786871465,0
2023-02-11,SKU_003,136.0972245725407,121.96932181887395,150.76397010995373,0
2023-02-12,SKU_003,126.39528646743494,111.87417769855543,140.2734519263055,0
2023-02-13,SKU_003,109.15023603931328,95.87300838537404,122.24529146506278,0
2023-02-14,SKU_003,95.27061265107449,82.58497527734325,108.46393825991986,0
2023-02-15,SKU_003,95.59741701570948,80.78709286146658,109.15278565883776,0
2023-02-16,SKU_003,107.04893317295318,93.73728454324899,121.02706427238043,0
2023-02-17,SKU_003,123.66657340652597,110.95378449405429,138.1654182044353,0
2023-02-18,SKU_003,134.24183816542586,120.90830930094594,147.03163139496087,0
2023-02-19,SKU_003,124.5334498308145,111.1119835912336,137.9344601715383,0
2023-02-20,SKU_003,107.23860808914695,93.70250964920633,120.95479367850841,0
2023-02-21,SKU_003,93.26542352356209,79.82161425186499,106.41554992291944,0
2023-02-22,SKU_003,93.45586408148999,79.68326893799819,108.11538814756064,0
2023-02-23,SKU_003,104.73056251577988,91.49816643556524,118.24204727162676,0
2023-02-24,SKU_003,121.13460452003717,108.25132091262255,135.54958827508952,0
2023-02-25,SKU_003,131.46439113784263,117.94655414067739,145.11388677037084,0
2023-02-26,SKU_003,121.48463701351953,107.79011212908644,135.5271925767522,0
2023-02-27,SKU_003,103.89945615921788,90.48142833762167,117.71061830034516,0
2023-02-28,SKU_003,89.62459674118217,76.17714366077652,102.63517337768825,0
2023-03-01,SKU_003,89.51016536596636,76.57767788128157,103.50353496909631,0
2023-03-02,SKU_003,100.48519548817357,86.62487445131185,114.8180459456173,0
2023-03-03,SKU_003,116.6031867147384,103.31920991027373,130.80529944751655,0
2023-03-04,SKU_003,126.66871595873899,113.25936972020818,140.03756632445385,0
2023-03-05,SKU_003,116.45418948493818,102.57931326512384,130.93557080984,0
2023-03-06,SKU_003,98.67069487661696,84.34048253229012,112.20047956471448,0
2023-03-07,SKU_003,84.24002144338085,70.69435236911801,98.39787342293782,0
2023-03-08,SKU_003,84.01719602130788,70.83353063065302,97.17256762209159,0
2023-03-09,SKU_003,94.93489451852047,81.58468721436573,109.66303749829727,0
2023-03-10,SKU_003,111.04886080153902,96.98881023848756,124.42380182229677,0
2023-03-11,SKU_003,121.16443764179185,107.70272136197111,134.66344785858396,0
2023-03-12,SKU_003,111.05328135949384,98.70511177660292,125.1081778287716,0
2023-03-13,SKU_003,93.42422041182087,80.30397522841385,106.8024611653037,0
2023-03-14,SKU_003,79.19532714546156,65.89086371481052,91.768926259858,0
2023-03-15,SKU_003,79.21654712655737,66.04145325334846,93.1747848036513,0
2023-03-16,SKU_003,90.41424518300528,77.3369570975043,103.21583768521378,0
2023-03-17,SKU_003,106.8367954029844,93.31233153459182,120.93445095016692,0
2023-03-18,SKU_003,117.28131514000422,103.59800268281964,130.1605831120258,0
2023-03-19,SKU_003,107.51060891168386,94.15355523695436,120.22114645899921,0
2023-03-20,SKU_003,90.22427602962684,77.73708309746988,104.63828089766699,0
2023-03-21,SKU_003,76.3310433969536,62.80067160361668,89.28027979653164,0
2023-03-22,SKU_003,76.67166164959653,63.98640580148758,90.48583191449454,0
2023-03-23,SKU_003,88.16371478061475,75.71594475241308,102.29430153152363,0
2023-03-24,SKU_003,104.8474634853344,91.43388223439321,117.84917379066927,0
2023-03-25,SKU_003,115.5128147706256,102.7653095350264,129.23149731707477,0
2023-03-26,SKU_003,105.91647682550078,92.13231998437752,119.95478706583548,0
2023-03-27,SKU_003,88.75324679522198,76.39736829129576,102.89340050944415,0
2023-03-28,SKU_003,74.9284875688238,61.7884451490774,88.65957223384753,0
2023-03-29,SKU_003,75.28112746330137,62.3582272293178,89.11342774534586,0
2023-03-30,SKU_003,86.72852980577201,72.68640266857857,100.24523279516477,0
2023-03-31,SKU_003,103.31235076510173,90.51498095991447,116.89509503982373,0
2023-04-01,SKU_003,113.8254773963153,99.92626632813682,127.2100630354003,0
2023-04-02,SKU_003,104.02910564549352,90.13695666643459,117.17116254246406,0
2023-04-03,SKU_003,86.6239080120417,72.95424859634558,101.34085118871552,0
2023-04-04,SKU_003,72.5223502873909,58.78566838020598,86.09294611567479,0
2023-04-05,SKU_003,72.57149564128521,59.38639521143497,86.2181759216601,0
2023-04-06,SKU_003,83.69764893791648,70.73423207001122,96.97516672685153,0
2023-04-07,SKU_003,99.95196523228441,85.98273387182748,113.57661880883929,0
2023-04-08,SKU_003,110.13712223939955,96.94487304510209,124.3428497555321,0
2023-04-09,SKU_003,100.0241236860571,87.3056549493537,114.0715381366228,0
2023-04-10,SKU_003,82.32319113580687,69.05288743579979,94.61338388299323,0
2023-04-11,SKU_003,67.9558115703052,54.5783769310197,81.01255406780969,0
2023-04-12,SKU_003,67.77728675413647,53.84814930651742,80.9673581572091,0
2023-04-13,SKU_003,78.72114416171941,65.06996769004482,92.1860344782373,0
2023-04-14,SKU_003,94.84454085033019,81.72563369800238,107.87276664226005,0
2023-04-15,SKU_003,104.95476516438607,92.033276295423,118.13035931125351,0
2023-04-16,SKU_003,94.82590845245785,81.28416749494687,109.5013932221231,0
2023-04-17,SKU_003,77.16966808306562,63.91762987399442,90.7202048712125,0
2023-04-18,SKU_003,62.90735159152874,50.00633536119149,76.66817510409997,0
2023-04-19,SKU_003,62.892429237034264,48.14238576419121,75.78665893424196,0
2023-04-20,SKU_003,74.05499466784654,60.69123867220008,88.46071727599619,0
2023-04-21,SKU_003,90.44726366852368,76.44641368880454,103.51006713201248,0
2023-04-22,SKU_003,100.870213173018,86.52019922420543,113.59963586091467,0
2023-04-23,SKU_003,91.09042881664868,78.35462877659293,104.2998405224258,0
2023-04-24,SKU_003,73.81111730205726,60.55545325807668,88.09528017144761,0
2023-04-25,SKU_003,59.94434745084785,45.23215472983195,73.25949430488275,0
2023-04-26,SKU_003,60.33386047656164,45.9521037553814,74.15079196383216,0
2023-04-27,SKU_003,71.89980184727493,58.581224219220275,85.1384327742646,0
2023-04-28,SKU_003,88.68449700539277,74.85525958853246,102.70140022856093,0
2023-04-29,SKU_003,99.47936493865095,85.4510135956346,112.7641466142396,0
2023-04-30,SKU_003,90.04203174365655,76.5084370355885,103.10543928542842,0
2023-05-01,SKU_003,73.067589650968,59.181749057741754,86.88738704136127,0
2023-05-02,SKU_003,59.461061714575074,46.268503407772926,73.84668544087329,0
2023-05-03,SKU_003,60.06040477258914,44.76200336037844,73.58685272368052,0
2023-05-04,SKU_003,71.7813979913832,57.01014073925232,85.13455933305086,0
2023-05-05,SKU_003,88.66353491910523,74.7460246004878,101.89590782538,0
2023-05-06,SKU_003,99.49701019148534,86.67433355296573,113.51525810445597,0
2023-05-07,SKU_003,90.03985944586739,76.76625562467008,104.70471345356226,0
2023-05-08,SKU_003,72.98920060156699,58.75201638792581,86.97108591200696,0
2023-05-09,SKU_003,59.25363408900893,45.085574707861134,73.79776368666147,0
2023-05-10,SKU_003,59.676138280437385,46.77865446450617,74.2748031167103,0
2023-05-11,SKU_003,71.17881032582339,58.02551268659487,85.4555215027857,0
2023-05-12,SKU_003,87.80857468046537,74.4978836766823,100.7815355530904,0
2023-05-13,SKU_003,98.36395583687919,85.03757769564758,112.7758247312175,0
2023-05-14,SKU_003,88.61198003558587,74.64835548139837,101.16950417758628,0
2023-05-15,SKU_003,71.25916100420682,56.99661861934292,85.22384004231411,0
2023-05-16,SKU_003,57.22363466225338,44.05091417400358,70.82921341068959,0
2023-05-17,SKU_003,57.357786657545354,43.62183226598919,70.88596347533829,0
2023-05-18,SKU_003,68.59273058367886,55.19161523659206,81.55333366226473,0
2023-05-19,SKU_003,84.98376662432882,71.16993345709223,99.29130850281577,0
2023-05-20,SKU_003,95.33692419710327,82.6712334872907,108.84682520805053,0
2023-05-21,SKU_003,85.42565982701207,73.20372831104697,99.37357464401605,0
2023-05-22,SKU_003,67.9616448009243,54.5477637135813,81.42739862769577,0
2023-05-23,SKU_003,53.86684310565478,40.04934202574351,68.39078539545648,0
2023-05-24,SKU_003,53.99596547437855,40.69674537831953,66.78779721459136,0
2023-05-25,SKU_003,65.28092154033999,51.04529306041124,78.53375662504776,0
2023-05-26,SKU_003,81.77627021886933,67.66171234302368,95.62917186223149,0
2023-05-27,SKU_003,92.28579800358455,77.83572877195158,105.04799907406533,0
2023-05-28,SKU_003,82.5792950831473,68.95507356304589,97.01420136302787,0
2023-05-29,SKU_003,65.36348745211185,51.66933948273836,79.33538023097012,0
2023-05-30,SKU_003,51.5541909891689,38.58419115757425,65.67756787817244,0
2023-05-31,SKU_003,51.99903029193757,38.51194432312479,65.43033659552931,0
2023-06-01,SKU_003,63.62207697924404,49.56302854150236,77.63212437872116,0
2023-06-02,SKU_003,80.46953209767483,66.56001330278981,94.56478210401094,0
2023-06-03,SKU_003,91.33654929301966,78.33312919526182,105.39088291726328,0
2023-06-04,SKU_003,81.98426146610512,68.62467661864629,95.42712114485947,0
2023-06-05,SKU_003,65.11096178129836,50.75085200297988,79.71757124367107,0
2023-06-06,SKU_003,51.62449779085421,38.98080948543412,65.47243607691367,0
2023-06-07,SKU_003,52.365214559246574,38.93977566727671,65.78699279493571,0
2023-06-08,SKU_003,64.25079509798911,50.71771727184436,77.3044446182461,0
2023-06-09,SKU_003,81.32211703684375,67.92675710653116,93.63130622860542,0
2023-06-10,SKU_003,92.37021733201068,78.90892722580837,105.25570217483128,0
2023-06-11,SKU_003,83.15342386170703,69.81023303786755,97.23495592321402,0
2023-06-12,SKU_003,66.3686020048039,53.01795852881173,80.05747088727789,0
2023-06-13,SKU_003,52.92357336378545,39.10628645272772,66.01257179414416,0
2023-06-14,SKU_003,53.66004063310026,40.10491701707118,67.2639385094497,0
2023-06-15,SKU_003,65.49837522666618,51.76412838657666,79.09356278996518,0
2023-06-16,SKU_003,82.48337365112786,69.12911627718788,96.86169640563314,0
2023-06-17,SKU_003,93.41109250882943,79.89808927788722,107.72471350092262,0
2023-06-18,SKU_003,84.04581765636522,71.37426034864419,97.20598906379563,0
2023-06-19,SKU_003,67.09112215297827,53.94347585997349,79.82662167874999,0
2023-06-20,SKU_003,53.46207594085189,39.42153864335215,66.74334153642856,0
2023-06-21,SKU_003,54.0079490991728,41.072040520118485,67.50041771450005,0
2023-06-22,SKU_003,65.65676452439604,51.75037091824672,79.89540125055662,0
2023-06-23,SKU_003,82.46082786516195,68.91927289591723,95.76701753909529,0
2023-06-24,SKU_003,93.22333649873332,79.22056483483323,106.97861339877923,0
2023-06-25,SKU_003,83.71513717088807,69.11360890947593,97.16937981611139,0
2023-06-26,SKU_003,66.64559162765858,52.17477890568533,79.75862295372288,0
2023-06-27,SKU_003,52.934618759575244,39.91601120743658,67.26533546928374,0
2023-06-28,SKU_003,53.43525990541668,40.5027461328655,67.49236566681252,0
2023-06-29,SKU_003,65.07812706189472,51.740987952477724,79.75040802029726,0
2023-06-30,SKU_003,81.91686469997234,68.74409067985587,96.21121996200148,0
2023-07-01,SKU_003,92.75472874569407,78.91259309923126,106.15482737542902,0
2023-07-02,SKU_003,83.36135297076765,69.05751530916478,96.79942890691741,0
2023-07-03,SKU_003,66.44366158494879,52.85995875324272,80.05193194048734,0
2023-07-04,SKU_003,52.91799487723526,39.69546393871649,67.08990823411723,0
2023-07-05,SKU_003,53.63279179832228,41.07616714722725,67.93074353058402,0
2023-07-06,SKU_003,65.51318548355795,52.79314309462344,78.55451498355666,0
2023-07-07,SKU_003,82.60663779364377,68.66426538049384,96.24616867014159,0
2023-07-08,SKU_003,93.709697884221,79.85759848980653,106.78786079594319,0
2023-07-09,SKU_003,84.58501508654751,70.97759830179322,97.75868205140645,0
2023-07-10,SKU_003,67.9324266562187,54.39484140870077,81.0170883638607,0
2023-07-11,SKU_003,54.66131265067896,40.901716969446824,67.64623885823436,0
2023-07-12,SKU_003,55.61348935720906,41.36705908948706,69.38629055643825,0
2023-07-13,SKU_003,67.70800414414498,52.96985287748059,80.81827152207079,0
2023-07-14,SKU_003,84.98695188148325,71.48698560459711,98.56376863444837,0
2023-07-15,SKU_003,96.24240575636705,82.92664965969763,110.03776573254127,0
2023-07-16,SKU_003,87.23352214865794,73.66807981274705,100.54125467013559,0
2023-07-17,SKU_003,70.65776823993625,56.91580611288552,84.63267807562784,0
2023-07-18,SKU_003,57.42332985534204,43.12747639233687,70.7695375009778,0
2023-07-19,SKU_003,58.37203512315754,45.652699568000436,72.57753292475482,0
2023-07-20,SKU_003,70.4241429324515,56.158540687802954,83.77859697114542,0
2023-07-21,SKU_003,87.62411674095623,74.02433261457699,101.86282250229374,0
2023-07-22,SKU_003,98.76747805870133,84.53661958184728,112.27481223612389,0
2023-07-23,SKU_003,89.6178018123401,75.18462140509467,102.82372177455363,0
2023-07-24,SKU_003,72.87780576703324,58.83348966673658,85.66753630808986,0
2023-07-25,SKU_003,59.46159585425819,46.40973422563385,72.57399076767884,0
2023-07-26,SKU_003,60.21740805810983,46.139845910985066,74.04426669371827,0
2023-07-27,SKU_003,72.07220146428494,58.63849393486058,85.92345086205289,0
2023-07-28,SKU_003,89.07722903417951,75.43457783068814,102.85565171841854,0
2023-07-29,SKU_003,100.03468664188033,86.20907154423503,113.40508539771206,0
2023-07-30,SKU_003,90.7145088039231,77.6377408706712,104.08221602454645,0
2023-07-31,SKU_003,73.8252683732553,60.32247606415233,87.93609583559828,0
2023-08-01,SKU_003,60.28625250825196,47.248475454824245,73.28573219621556,0
2023-08-02,SKU_003,60.95005118418067,46.74737121456663,74.9715270703161,0
2023-08-03,SKU_003,72.74702687114447,57.614105737614,86.37019071206423,0
2023-08-04,SKU_003,89.73079082343679,76.38854265477303,103.03942660302079,0
2023-08-05,SKU_003,100.70479020227049,85.99068800171068,113.8426143195109,0
2023-08-06,SKU_003,91.43907618328053,77.75606073786362,104.03399259036175,0
2023-08-07,SKU_003,74.64121194016346,61.51241403287266,88.43075926151415,0
2023-08-08,SKU_003,61.228387637602694,48.13823386656374,74.52574922294838,0
2023-08-09,SKU_003,62.05008677937459,48.609556505480164,75.2467164103462,0
2023-08-10,SKU_003,74.03266052061191,60.2341996979729,87.94554683000618,0
2023-08-11,SKU_003,91.22493675605685,78.2072410823788,105.5148222514892,0
2023-08-12,SKU_003,102.42496302607324,90.0507596398296,115.72542754654988,0
2023-08-13,SKU_003,93.39694847118061,80.93439666890482,107.65130903656694,0
2023-08-14,SKU_003,76.84235826750191,62.732004469035644,91.0233697621979,0
2023-08-15,SKU_003,63.6722218453162,50.70203109598385,76.98360713229616,0
2023-08-16,SKU_003,64.72999321391438,50.446278984501085,78.60176647767712,0
2023-08-17,SKU_003,76.9363139722697,63.13835824235761,90.55173511548348,0
2023-08-18,SKU_003,94.33479996695155,80.29785157269872,108.03283816180397,0
2023-08-19,SKU_003,105.71894514445235,92.35575075914117,121.2656832152715,0
2023-08-20,SKU_003,96.84920286375304,83.03863782675418,109.4142620485756,0
2023-08-21,SKU_003,80.42419381001312,67.66721744495504,94.46305166168086,0
2023-08-22,SKU_003,67.35309833263281,53.43920242914262,80.03046956467196,0
2023-08-23,SKU_003,68.47856896042967,55.88174872499964,82.1215938525545,0
2023-08-24,SKU_003,80.7215121273871,66.50637938881113,93.94539802483607,0
2023-08-25,SKU_003,98.12685948902009,83.97708477133483,111.18091781816493,0
2023-08-26,SKU_003,109.49042295412264,96.54017447466865,122.69984728753191,0
2023-08-27,SKU_003,100.57589523929784,87.37448581626448,114.43163901736484,0
2023-08-28,SKU_003,84.08594765136746,70.17744916069476,97.735957310917,0
2023-08-29,SKU_003,70.9344863929076,57.51737269309578,84.04504359541077,0
2023-08-30,SKU_003,71.96940742905853,58.67837963599982,85.43858288873646,0
2023-08-31,SKU_003,84.1172038748942,70.30794662311051,96.91863278386309,0
2023-09-01,SKU_003,101.42855181312234,87.76045145589495,115.2250278676711,0
2023-09-02,SKU_003,112.70497444473921,98.56535439551266,124.70197680519341,0
2023-09-03,SKU_003,103.71565241116927,90.70899479477502,116.68404373286859,0
2023-09-04,SKU_003,87.16833798197892,73.56896998780991,100.17421660815808,0
2023-09-05,SKU_003,73.98144020258113,61.536461295865834,87.74229468603224,0
2023-09-06,SKU_003,75.00662646389381,60.98532209157291,89.22389972596842,0
2023-09-07,SKU_003,87.17329933509569,73.10976964850946,100.87413970868172,0
2023-09-08,SKU_003,104.53407875470066,91.21044532953242,117.44988204433295,0
2023-09-09,SKU_003,115.89139284510894,103.32103171901417,128.91853758607806,0
2023-09-10,SKU_003,107.01424761686702,94.50537274804427,120.59512624079586,0
2023-09-11,SKU_003,90.60913468019629,77.2555007610726,104.61365953165617,0
2023-09-12,SKU_003,77.59214442104775,64.09131682079995,91.0236828667904,0
2023-09-13,SKU_003,78.81162940002609,64.73051516399659,93.29712099020372,0
2023-09-14,SKU_003,91.19277505763293,77.28936751530435,105.0619061092075,0
2023-09-15,SKU_003,108.78320506131683,95.52697649234761,122.60717358297548,0
2023-09-16,SKU_003,120.37972087997946,107.36451746997224,133.92044423635718,0
2023-09-17,SKU_003,111.745241361747,97.41138900227145,124.89645744129174,0
2023-09-18,SKU_003,95.57989626138271,82.24085247924228,110.1466126167582,0
2023-09-19,SKU_003,82.79333548963311,69.6474566737717,96.08426864418902,0
2023-09-20,SKU_003,84.22759280400203,71.24178597004763,97.64775071148517,0
2023-09-21,SKU_003,96.80185482322263,82.07402992136029,109.62167591140317,0
2023-09-22,SKU_003,114.5582565239961,100.34615728713591,128.22137771119813,0
2023-09-23,SKU_003,126.28879684351391,112.54481421790993,140.77873858001487,0
2023-09-24,SKU_003,117.7524345972389,104.51723615855617,131.13804110581543,0
2023-09-25,SKU_003,101.64631366759725,87.6095397098616,114.48827921139188,0
2023-09-26,SKU_003,88.878174965901,74.91694683277943,101.95804137747874,0
2023-09-27,SKU_003,90.28929048014244,76.93654948236686,102.73515355306152,0
2023-09-28,SKU_003,102.79926785618369,88.67696841057693,116.95885162650383,0
2023-09-29,SKU_003,120.45184528330935,107.00049644821542,133.38582611998237,0
2023-09-30,SKU_003,132.04177002084285,119.15554652924502,146.04376066661925,0
2023-10-01,SKU_003,123.33182160088771,110.64199982782196,136.75114434485647,0
2023-10-02,SKU_003,107.02393058824414,92.79013566501506,119.9775547071893,0
2023-10-03,SKU_003,94.03145336546984,80.30298370877067,107.5957419751999,0
2023-10-04,SKU_003,95.20194218677211,81.96630747822314,108.20699101213033,0
2023-10-05,SKU_003,107.46176372583302,93.82332038011602,121.0848044216627,0
2023-10-06,SKU_003,124.8616913767255,112.15815433168014,138.35491705990304,0
2023-10-07,SKU_003,136.20357067912897,122.41159582574168,149.99928174482275,0
2023-10-08,SKU_003,127.25712531011519,113.84045185970952,139.41130283065564,0
2023-10-09,SKU_003,110.73086110651928,96.94096554204879,124.56220825995877,0
2023-10-10,SKU_003,97.54413514051639,83.59289661960786,110.10256572338294,0
2023-10-11,SKU_003,98.54973545894939,84.33691327954905,112.26350820054074,0
2023-10-12,SKU_003,110.67833062526452,97.0819498685994,124.16620486280438,0
2023-10-13,SKU_003,127.98391967772625,113.91842107865045,140.67480458727388,0
2023-10-14,SKU_003,139.27038645839144,125.63748890533309,152.98520040615318,0
2023-10-15,SKU_003,130.30822943966163,116.33880869742424,143.54642627096914,0
2023-10-16,SKU_003,113.8054271767451,99.55683671338844,126.43599020407338,0
2023-10-17,SKU_003,100.67950797879118,86.52158247281463,114.38529006461505,0
2023-10-18,SKU_003,101.7801697879124,88.09264285684564,115.1576805480051,0
2023-10-19,SKU_003,114.03380864137662,100.94841478702149,128.0828771896238,0
2023-10-20,SKU_003,131.48908436890312,117.61351396345187,145.38582615455636,0
2023-10-21,SKU_003,142.9436244108084,129.23130893606452,156.2007699958814,0
2023-10-22,SKU_003,134.16093277689046,121.21973995270201,148.57590863152637,0
2023-10-23,SKU_003,117.84145924506994,104.20032170004055,131.21309349094219,0
2023-10-24,SKU_003,104.8948915835487,91.92305420561452,118.82017864271343,0
2023-10-25,SKU_003,106.1630103628232,92.16588514673867,118.43725215991435,0
2023-10-26,SKU_003,118.56445788188799,105.05661997868374,132.75111877551285,0
2023-10-27,SKU_003,136.14054278165858,121.82278271554513,150.1294362684276,0
2023-10-28,SKU_003,147.68217412947973,133.361828086033,161.08551883097934,0
2023-10-29,SKU_003,138.946985084961,125.62434081489506,152.38168276800508,0
2023-10-30,SKU_003,122.63059472580838,109.49990217966828,136.3591247026576,0
2023-10-31,SKU_003,109.6390648895323,96.2031473017647,123.34310884020014,0
2023-11-01,SKU_003,110.81188643792252,98.23151255325261,124.25750333075938,0
2023-11-02,SKU_003,123.0668422213513,109.92858536349158,137.55305334667435,0
2023-11-03,SKU_003,140.4458651590826,126.87487959204599,153.78592306312981,0
2023-11-04,SKU_003,151.7419831758986,138.80002206635794,165.9051377533113,0
2023-11-05,SKU_003,142.71641032005994,128.4707848562825,154.93192399096782,0
2023-11-06,SKU_003,126.06973310103086,112.15441793627964,139.0061640308483,0
2023-11-07,SKU_003,112.71425061924293,100.46401566250542,125.78978488622624,0
2023-11-08,SKU_003,113.49680581990282,100.31271523352726,126.5973767828694,0
2023-11-09,SKU_003,125.3434592233885,111.76650694393211,139.93968154670802,0
2023-11-10,SKU_003,142.30512861634622,127.76937188636612,155.0839205838873,0
2023-11-11,SKU_003,153.18429244074275,140.68793059379763,166.48008598772853,0
2023-11-12,SKU_003,143.7518228874,129.93760283920565,157.47348418097448,0
2023-11-13,SKU_003,126.71790495570306,112.89049217723331,139.56057130966195,0
2023-11-14,SKU_003,113.00410759599663,98.30015350001621,126.33239008844966,0
2023-11-15,SKU_003,113.46595191800773,100.15597031528391,127.11602402520673,0
2023-11-16,SKU_003,125.03733535598275,111.90735338359396,138.35740216952615,0
2023-11-17,SKU_003,141.77594248186472,128.2654974232718,154.75400823617505,0
2023-11-18,SKU_003,152.48974687069267,139.38885391444094,165.45602025261113,0
2023-11-19,SKU_003,142.95367595468764,129.0028404953521,156.23686951437332,0
2023-11-20,SKU_003,125.88040015135637,112.42028336794125,139.45746130576185,0
2023-11-21,SKU_003,112.19231634233324,98.29820256455783,126.49849143747655,0
2023-11-22,SKU_003,112.74407347242783,98.39483123374406,126.90742964303821,0
2023-11-23,SKU_003,124.46700068053173,112.30994540266643,138.99267452891024,0
2023-11-24,SKU_003,141.4145688652864,126.78686343857429,154.91235350193932,0
2023-11-25,SKU_003,152.38898895569722,138.60811510617654,165.85847487181547,0
2023-11-26,SKU_003,143.15801644482463,129.2427819733874,156.92759918529939,0
2023-11-27,SKU_003,126.42591978541415,112.7141246624734,140.4175624510085,0
2023-11-28,SKU_003,113.10567795793989,100.08600080040131,126.93808302391241,0
2023-11-29,SKU_003,114.04174918884132,100.21689399781056,127.62393819322111,0
2023-11-30,SKU_003,126.15476460208052,112.22152327819956,139.3980368450562,0
2023-12-01,SKU_003,143.48727041794,129.4950252607632,156.6888582029806,0
2023-12-02,SKU_003,154.8306142551484,141.6701977098392,167.74677148932398,0
2023-12-03,SKU_003,145.94203709205382,132.70669022576502,159.94755361057815,0
2023-12-04,SKU_003,129.51592055354092,115.44957810298345,142.9327525112258,0
2023-12-05,SKU_003,116.4562470698966,102.83705603619532,130.01369122978903,0
2023-12-06,SKU_003,117.5996075822738,104.39585315378311,132.53051411808485,0
2023-12-07,SKU_003,129.86010392692884,115.65433491283893,142.8004972928241,0
2023-12-08,SKU_003,147.27526369865407,133.83846697413887,161.24497836120327,0
2023-12-09,SKU_003,158.6330583452106,145.01252161097733,172.7050461057101,0
2023-12-10,SKU_003,149.6890823887261,136.4272078161874,164.10502478338336,0
2023-12-11,SKU_003,133.13784103083938,119.65832725210257,146.38774283126853,0
2023-12-12,SKU_003,119.88520259680668,105.84443064836748,133.05333172666116,0
2023-12-13,SKU_003,120.77135075286327,106.40097920934868,134.32923726418224,0
2023-12-14,SKU_003,132.71558523131267,119.87969129465661,144.75670026120906,0
2023-12-15,SKU_003,149.7620917642443,136.3799208324784,162.09446639481973,0
2023-12-16,SKU_003,160.70677609042056,147.34590990326487,173.65346689285437,0
2023-12-17,SKU_003,151.3142251442615,138.0548938754972,164.64982574582325,0
2023-12-18,SKU_003,134.288748842288,120.89414141603979,148.40328884123426,0
2023-12-19,SKU_003,120.54656583805152,107.65013040428562,134.0071487168776,0
2023-12-20,SKU_003,120.93847570951885,108.15003835410695,134.9942800333462,0
2023-12-21,SKU_003,132.39437414446547,118.91311578344799,145.6532612553479,0
2023-12-22,SKU_003,148.9687398304074,135.35928315805089,161.86178933204107,0
2023-12-23,SKU_003,159.46719580892022,145.93383099750665,172.89568150799113,0
2023-12-24,SKU_003,149.66321597895336,135.88815104556392,163.63865445294334,0
2023-12-25,SKU_003,132.2689372016395,118.10710248827833,145.9595709069005,0
2023-12-26,SKU_003,118.20714669479182,103.91913050773182,131.82535035311219,0
2023-12-27,SKU_003,118.33379254154018,104.6985530993528,131.90215981570805,0
2023-12-28,SKU_003,129.58237822589268,115.28498021990829,142.14252542747096,0
2023-12-29,SKU_003,146.00937302260215,132.58841413097582,159.6206043015167,0
2023-12-30,SKU_003,156.4207428609403,143.051815870026,170.096469152421,0
2023-12-31,SKU_003,146.58867288246998,133.81460568633136,160.42467754834095,0
2024-01-01,SKU_003,129.22244134503296,116.2366381444354,144.0523819556623,0
2024-01-02,SKU_003,115.24051245433022,102.2117827725894,129.67159211318895,0
2024-01-03,SKU_003,115.49319259869088,101.92300850012602,128.9549299284692,0
2024-01-04,SKU_003,126.9072064106106,114.06947099572076,139.75844787200097,0
2024-01-05,SKU_003,143.53131898667772,129.75413274256758,156.8874684604158,0
2024-01-06,SKU_003,154.16310254667388,139.23212685540773,167.34593432308984,0
2024-01-07,SKU_003,144.56591175458692,130.79472352388927,158.25298460724642,0
2024-01-08,SKU_003,127.44001990926397,113.87545596903364,141.2801250816496,0
2024-01-09,SKU_003,113.69497590379629,99.82806317004679,127.77184872578185,0
2024-01-10,SKU_003,114.17251874350944,101.15908323607698,128.65372190088613,0
2024-01-11,SKU_003,125.79139856701926,113.14769839807919,139.43181872316106,0
2024-01-12,SKU_003,142.59322347253206,128.93285419547885,155.93898312091667,0
2024-01-13,SKU_003,153.36942401538988,139.32334117621684,166.77093640118423,0
2024-01-14,SKU_003,143.8783940212559,130.68598507881018,157.62172355220557,0
2024-01-15,SKU_003,126.81675531996488,114.30433147411537,140.35905565549845,0
2024-01-16,SKU_003,113.09180280865014,99.38592810739034,125.65396651218646,0
2024-01-17,SKU_003,113.54446435443394,99.26285766690643,127.39678832537976,0
2024-01-18,SKU_003,125.09412347715572,111.24102675026133,138.4784976922455,0
2024-01-19,SKU_003,141.7844243948166,128.93525190324414,155.45292810669577,0
2024-01-20,SKU_003,152.4101528813006,138.92365557489887,165.53526760867138,0
2024-01-21,SKU_003,142.73425438154,127.69185465748649,156.51842121228634,0
2024-01-22,SKU_003,125.45894094087086,112.54899517965997,138.87892400025865,0
2024-01-23,SKU_003,111.49794833413586,98.24499872301357,125.6460709084532,0
2024-01-24,SKU_003,111.69928375191554,98.03449700800716,124.59075917464259,0
2024-01-25,SKU_003,122.98981853319644,108.58549165732627,136.79954846014698,0
2024-01-26,SKU_003,139.42085257380776,125.47167728014877,152.85716365804683,0
2024-01-27,SKU_003,149.79475119922117,136.79629379291342,163.9281000146811,0
2024-01-28,SKU_003,139.88172335541418,126.68019994167673,153.74437741276907,0
2024-01-29,SKU_003,122.39069993760012,108.40099217020087,136.08165294574673,0
2024-01-30,SKU_003,108.24138053611787,94.65005555790528,121.55009216083049,0
2024-01-31,SKU_003,108.28679528509574,95.00461482847994,121.89040745997218,0
2024-02-01,SKU_003,119.45774187277041,105.91703412024056,133.2332250088993,0
2024-02-02,SKU_003,135.8082289941639,123.1298799444136,149.7409375434568,0
2024-02-03,SKU_003,146.14203061444525,132.90512572345932,159.92352060085446,0
2024-02-04,SKU_003,136.22942234545485,122.45512324241363,149.6746829297186,0
2024-02-05,SKU_003,118.77805992613666,104.55526404084907,132.28150452309018,0
2024-02-06,SKU_003,104.70506802168342,91.43552876687099,118.09276874754663,0
2024-02-07,SKU_003,104.85968468409159,91.33854554914136,119.07069117516443,0
2024-02-08,SKU_003,116.16781897004549,102.57994779034443,128.81228642174707,0
2024-02-09,SKU_003,132.67764928460164,118.56883901496693,145.71752689812047,0
2024-02-10,SKU_003,143.18636208651162,129.03858008608918,156.96303424610966,0
2024-02-11,SKU_003,133.45709660273997,120.07409529898166,147.07276940514075,0
2024-02-12,SKU_003,116.19004920504048,102.00010713508608,129.08131528746864,0
2024-02-13,SKU_003,102.29479876382501,89.28794761757447,116.07144554005947,0
2024-02-14,SKU_003,102.61319110785509,89.87846384198639,116.00815284907483,0
2024-02-15,SKU_003,114.06413275930811,99.77222330470521,127.3423306767108,0
2024-02-16,SKU_003,130.68941429520893,116.53900807494634,144.67858127161355,0
2024-02-17,SKU_003,141.28065607850098,126.96394699467652,154.42870203899778,0
2024-02-18,SKU_003,131.59643564533755,117.98913104270748,145.5413399616447,0
2024-02-19,SKU_003,114.33354476200999,100.71945567573131,127.44697799748945,0
2024-02-20,SKU_003,100.3994327209416,86.98386376572714,114.68131872767474,0
2024-02-21,SKU_003,100.6351702894299,86.22416971271352,114.70833254993765,0
2024-02-22,SKU_003,111.9602819174538,99.23227049383459,125.72093807542277,0
2024-02-23,SKU_003,128.41856521495495,114.45162104828093,141.33399614002747,0
2024-02-24,SKU_003,138.80499036896276,123.00683369192136,151.17408419850906,0
2024-02-25,SKU_003,128.8827399897163,115.34650443885553,141.57078939028582,0
2024-02-26,SKU_003,111.35438376116801,98.04389129196177,124.0977620427804,0
2024-02-27,SKU_003,97.13402845240728,82.88832677807758,109.85979360428095,0
2024-02-28,SKU_003,97.07022162235056,84.03175338073865,109.53862592482123,0
2024-02-29,SKU_003,108.09052297950326,94.9642107870977,122.52743112799476,0
2024-03-01,SKU_003,124.24708839432083,111.34136666927344,137.65544334368175,0
2024-03-02,SKU_003,134.34332225252186,120.50610577749839,148.59517941730107,0
2024-03-03,SKU_003,124.15066595123162,109.92099605693913,138.24520975465578,0
2024-03-04,SKU_003,106.37948045920022,92.9371425674702,119.71722606072375,0
2024-03-05,SKU_003,91.9510905254741,78.17451819602844,104.97211037158102,0
2024-03-06,SKU_003,91.72033674574556,77.43280372459174,104.72864790692633,0
2024-03-07,SKU_003,102.61999531753443,89.212037454326,115.90987131887309,0
2024-03-08,SKU_003,118.70619679447871,104.69323268615365,132.12143944296275,0
2024-03-09,SKU_003,128.7849485142598,114.46594143752444,142.38864521450787,0
2024-03-10,SKU_003,118.62883254401947,105.84209251709619,131.80693138582205,0
2024-03-11,SKU_003,100.94783996143327,87.35628531476827,114.07895013138987,0
2024-03-12,SKU_003,86.66141072014702,73.35895226487247,99.8666906215222,0
2024-03-13,SKU_003,86.6210256875599,73.1445837240483,100.02596159277982,0
2024-03-14,SKU_003,97.7547097641798,83.63049880832382,111.58483101453554,0
2024-03-15,SKU_003,114.11257519546109,100.45545924628748,128.13008438876614,0
2024-03-16,SKU_003,124.49350633518334,110.44857394849896,138.69348277533314,0
2024-03-17,SKU_003,114.66205316661704,100.16375704491844,128.51219395554514,0
2024-03-18,SKU_003,97.31948887529283,84.03178153906825,111.55776604883877,0
2024-03-19,SKU_003,83.37609436134804,70.32926476694263,97.27516244042761,0
2024-03-20,SKU_003,83.67518280979323,70.85921963661664,96.09515211584178,0
2024-03-21,SKU_003,95.13434809878483,81.34872808924052,108.38624298368038,0
2024-03-22,SKU_003,111.79479382994475,98.16549804839546,125.3195896493343,0
2024-03-23,SKU_003,122.44710120060658,109.6281122407841,136.19109459582975,0
2024-03-24,SKU_003,112.84836323298373,99.263325193191,126.83540776695766,0
2024-03-25,SKU_003,95.69346008857852,81.69796434179071,109.71119529833038,0
2024-03-26,SKU_003,81.88753196749586,67.59006751146623,94.45409804132817,0
2024-03-27,SKU_003,82.26898361704541,68.83524218466923,95.68389772668573,0
2024-03-28,SKU_003,93.75436734245137,80.17910805690609,107.03580647072486,0
2024-03-29,SKU_003,110.38426251176546,96.85573379639058,123.57802305752608,0
2024-03-30,SKU_003,120.95024292375129,106.39114194335525,134.3610032576098,0
2024-03-31,SKU_003,111.21199096713615,97.94182995290596,124.41849561502032,0
2024-04-01,SKU_003,93.86850725144038,80.80040777309699,107.56163396021553,0
2024-04-02,SKU_003,79.83047394415075,66.17911202304185,93.28429589359249,0
2024-04-03,SKU_003,79.94310883877868,66.47203304365127,93.39703327220029,0
2024-04-04,SKU_003,91.13086123557265,78.40395894024559,104.70772751113934,0
2024-04-05,SKU_003,107.44307287748067,93.3559396316039,122.0447087649873,0
2024-04-06,SKU_003,117.68070147737053,104.38968455357816,130.92653531720524,0
2024-04-07,SKU_003,107.61317266995779,94.16396870565613,120.39266414500531,0
2024-04-08,SKU_003,89.94931651355091,76.05509155279037,102.87865466431907,0
2024-04-09,SKU_003,75.609454546953,62.83795366862993,89.41750529181041,0
2024-04-10,SKU_003,75.44798229875832,61.649920649882596,87.91775259733393,0
2024-04-11,SKU_003,86.39780607842275,72.33921867696904,100.30222526741971,0
2024-04-12,SKU_003,102.5159724022202,89.75234827482814,115.47668783369778,0
2024-04-13,SKU_003,112.60955587404437,98.6736069573778,125.91502410941703,0
2024-04-14,SKU_003,102.45295454087308,88.40711653190559,116.81839798224473,0
2024-04-15,SKU_003,84.75847688678367,71.18490235600714,97.94615431453921,0
2024-04-16,SKU_003,70.44832908576544,56.78447632698778,83.3859441465677,0
2024-04-17,SKU_003,70.37714256382554,58.04146300050662,84.08901558761784,0
2024-04-18,SKU_003,81.47640228114108,67.87780576870911,95.44222302186779,0
2024-04-19,SKU_003,97.79990662964003,84.19620959393842,110.98144655165567,0
2024-04-20,SKU_003,108.15036223966248,94.89628087347317,121.32094140898141,0
2024-04-21,SKU_003,98.29618322506649,84.87407603861793,112.57587247710366,0
2024-04-22,SKU_003,80.94245251994867,67.84664665368449,95.65447154897541,0
2024-04-23,SKU_003,67.00311062696662,53.570427018706674,80.71338120575136,0
2024-04-24,SKU_003,67.32371380116771,53.98978860436107,80.20068056815894,0
2024-04-25,SKU_003,78.82611551231874,66.41619900393574,92.5531060577174,0
2024-04-26,SKU_003,95.5541948812251,82.20687475807696,109.0749004447405,0
2024-04-27,SKU_003,106.30072774990839,90.94532947674462,118.80586921365229,0
2024-04-28,SKU_003,96.82446207354725,83.04779283381042,109.92724803352121,0
2024-04-29,SKU_003,79.8213474601449,65.45992647595801,91.89063236483503,0
2024-04-30,SKU_003,66.19697659132288,52.81274576699585,78.75026213568974,0
2024-05-01,SKU_003,66.78957341860021,53.37876300495464,79.98657520876328,0
2024-05-02,SKU_003,78.51487551003181,66.03580869765244,92.21367813923109,0
2024-05-03,SKU_003,95.41202862023691,81.90961683414547,109.34033813578242,0
2024-05-04,SKU_003,106.27058452657998,92.22787396512093,118.63582671513109,0
2024-05-05,SKU_003,96.8476603379894,82.43281345365855,110.16730084530593,0
2024-05-06,SKU_003,79.84170454081136,66.87136428681205,93.06879635676091,0
2024-05-07,SKU_003,66.15743812779294,52.90831823964329,79.27002928356302,0
2024-05-08,SKU_003,66.6362829363815,54.26255277323152,79.97174334456116,0
2024-05-09,SKU_003,78.19864937378532,64.93460433412362,92.53198250794237,0
2024-05-10,SKU_003,94.88969295671144,81.03702253475824,107.76056536154194,0
2024-05-11,SKU_003,105.50613710991937,91.90923922408368,119.35003729023147,0
2024-05-12,SKU_003,95.81322555994913,82.02336426493483,110.21490141689031,0
2024-05-13,SKU_003,78.51575792580225,65.2365341694935,91.99317389367289,0
2024-05-14,SKU_003,64.5302720255691,50.994364981001716,77.81042081381628,0
2024-05-15,SKU_003,64.70771541946598,50.79250196297328,77.9644807653152,0
2024-05-16,SKU_003,75.97796279981333,62.485873403285595,88.940205413225,0
2024-05-17,SKU_003,92.39530788353468,78.58049357035914,105.52684469386207,0
2024-05-18,SKU_003,102.76503246210301,89.62999396117993,116.77164677544093,0
2024-05-19,SKU_003,92.86012312683134,79.69411217927949,106.91857714097274,0
2024-05-20,SKU_003,75.39209589373702,61.720508634722314,88.5473809500869,0
2024-05-21,SKU_003,61.282998132164934,46.97044666209554,75.07739262066949,0
2024-05-22,SKU_003,61.38793528829641,48.49208148676337,75.08110950915429,0
2024-05-23,SKU_003,72.63948294057664,58.93945164539064,85.60057568259327,0
2024-05-24,SKU_003,89.09311560794585,75.91536297697006,102.09174055558854,0
2024-05-25,SKU_003,99.55375650075906,84.3561959399503,113.02568190742363,0
2024-05-26,SKU_003,89.792518994157,76.07094135437953,104.1496512804049,0
2024-05-27,SKU_003,72.51759904106356,58.66508877462717,85.76622270640274,0
2024-05-28,SKU_003,58.64638568029355,46.58093473758984,71.92440249610473,0
2024-05-29,SKU_003,59.03475236443632,44.89549186034281,71.66966286748128,0
2024-05-30,SKU_003,70.60179195023312,56.71722973733059,84.4437126493891,0
2024-05-31,SKU_003,87.39530781567449,73.71842766429731,100.66176068731892,0
2024-06-01,SKU_003,98.21197268985804,84.74676007731708,112.41146790949831,0
2024-06-02,SKU_003,88.8143124533953,75.29045866814181,102.33863101721184,0
2024-06-03,SKU_003,71.90184835840884,57.77086713466182,85.78246750039143,0
2024-06-04,SKU_003,58.383457527963344,44.0235712094041,71.61437893265199,0
2024-06-05,SKU_003,59.1002885614355,45.05007896812674,72.42381476604139,0
2024-06-06,SKU_003,70.97058130940121,57.858197323012995,85.17111130331831,0
2024-06-07,SKU_003,88.0355102950939,74.48669909398757,101.53378621320945,0
2024-06-08,SKU_003,99.08614391138771,86.25640148537042,113.28377696092878,0
2024-06-09,SKU_003,89.88057834371521,76.2148284235429,103.84717072016484,0
2024-06-10,SKU_003,73.11519418312903,59.645093903362,87.43176896840254,0
2024-06-11,SKU_003,59.6970925354776,46.85593377561755,73.64630987689037,0
2024-06-12,SKU_003,60.46704555184665,46.0775009938076,73.22186034828461,0
2024-06-13,SKU_003,72.34430975269595,58.798530280023236,85.72850259862227,0
2024-06-14,SKU_003,89.37242214583118,75.77404811981108,102.57502356725671,0
2024-06-15,SKU_003,100.3460729898533,87.7749816749188,114.38076636675382,0
2024-06-16,SKU_003,91.02811701218538,76.85214511449726,104.06199908430176,0
2024-06-17,SKU_003,74.12067495381726,60.62227388767385,88.22721129069913,0
2024-06-18,SKU_003,60.53738708051235,47.22815980086585,74.18267281935394,0
2024-06-19,SKU_003,61.12615919803627,48.54641397967676,74.95619993504982,0
2024-06-20,SKU_003,72.81375576453925,59.55784649475698,85.47058214793346,0
2024-06-21,SKU_003,89.65964146163893,75.74974720650272,103.06245780525818,0
2024-06-22,SKU_003,100.45779834503574,86.92352785861668,113.89365895993815,0
2024-06-23,SKU_003,90.97833445686175,78.64225621851656,105.0598929143536,0
2024-06-24,SKU_003,73.93009527912837,60.00598803501703,87.80030328199396,0
2024-06-25,SKU_003,60.232719578073095,46.61198069226669,74.4659383757112,0
2024-06-26,SKU_003,60.73921120493374,46.73845089712405,73.70943922889477,0
2024-06-27,SKU_003,72.38038645884035,58.50571120774965,85.60381565196839,0
2024-06-28,SKU_003,89.21032778777807,75.4169575731265,103.12308306274274,0
2024-06-29,SKU_003,100.03294767889442,86.57701863205482,113.56024860303528,0
2024-06-30,SKU_003,90.61873348438158,78.29615534203502,103.82946141795313,0
2024-07-01,SKU_003,73.67563266298991,60.30195948395805,87.13202868697422,0
2024-07-02,SKU_003,60.12114614534076,46.50904325014592,74.04128216900274,0
2024-07-03,SKU_003,60.80497471559865,46.89060266855957,74.72157097962855,0
2024-07-04,SKU_003,72.65357552126986,59.071518330998245,86.03007482989929,0
2024-07-05,SKU_003,89.71575598052439,76.78610715569968,103.16122134467746,0
2024-07-06,SKU_003,100.78940452025856,87.5555804776616,114.2704520276595,0
2024-07-07,SKU_003,91.63842370498567,77.60596170241939,105.25352767852051,0
2024-07-08,SKU_003,74.96381943813168,61.099930221934635,88.81698451926047,0
2024-07-09,SKU_003,61.6760077115753,47.91508132767599,75.90472310618817,0
2024-07-10,SKU_003,62.61767731739842,49.09420506699015,75.9618492159449,0
2024-07-11,SKU_003,74.70855910571575,60.48502296144938,87.30013893561127,0
2024-07-12,SKU_003,91.99122267396847,77.7702585623287,105.80597661471008,0
2024-07-13,SKU_003,103.25799387578684,90.34666364123575,116.27699569578841,0
2024-07-14,SKU_003,94.26805317690327,79.93967597198272,107.57506564431421,0
2024-07-15,SKU_003,77.72285503387347,64.12521134695169,91.03206351289982,0
2024-07-16,SKU_003,64.52596902654048,50.20346232299837,77.34658063138433,0
2024-07-17,SKU_003,65.51859149605724,51.59594739690336,78.00403819448161,0
2024-07-18,SKU_003,77.62016278244468,64.08243881909782,91.25186525369487,0
2024-07-19,SKU_003,94.87416668137429,81.0289036004386,108.01214450227693,0
2024-07-20,SKU_003,106.07501429685162,92.71846152899346,119.60035558302616,0
2024-07-21,SKU_003,96.98507354602768,83.57146040398877,111.27260228116988,0
2024-07-22,SKU_003,80.30579543688512,67.36337516267449,93.92814366328908,0
2024-07-23,SKU_003,66.94999783332605,53.50443687372329,80.88462569692939,0
2024-07-24,SKU_003,67.76464618346004,54.275784860537996,80.94583523565124,0
2024-07-25,SKU_003,79.67548463307091,66.07221176329357,93.35511390338316,0
2024-07-26,SKU_003,96.73264293108927,82.65129737867134,109.47548194213796,0
2024-07-27,SKU_003,107.7373185770632,95.37199288627659,121.0784520723091,0
2024-07-28,SKU_003,98.4586016462815,84.46762538793078,110.88203912244049,0
2024-07-29,SKU_003,81.6043996523692,68.31797783014933,94.98473957036227,0
2024-07-30,SKU_003,68.09352927377036,54.017006323863356,81.4363728567538,0
2024-07-31,SKU_003,68.77832021415998,55.453864141528534,82.09034400486804,0
2024-08-01,SKU_003,80.58908992846236,67.30214608516609,94.16690610100684,0
2024-08-02,SKU_003,97.57961927929928,83.3731497232992,110.75406345450142,0
2024-08-03,SKU_003,108.55373244632356,95.40722328200094,121.73508161937596,0
2024-08-04,SKU_003,99.28205149196404,83.87407974631851,113.39810099914943,0
2024-08-05,SKU_003,82.47288492510218,68.76073663859272,97.05272574925547,0
2024-08-06,SKU_003,69.04431801955113,55.64046066282981,82.8260553829755,0
2024-08-07,SKU_003,69.84685023027276,56.40674504763472,82.93247157791086,0
2024-08-08,SKU_003,81.80793618406015,68.1032444629018,95.61527968233793,0
2024-08-09,SKU_003,98.97756018624544,85.97296716302851,111.85266328554592,0
2024-08-10,SKU_003,110.154942281819,96.62013609075444,123.5305287703524,0
2024-08-11,SKU_003,101.1054432955048,87.65334907938181,116.02697053784952,0
2024-08-12,SKU_003,84.53162321979252,70.8622228617078,98.12802511906473,0
2024-08-13,SKU_003,71.34551536895285,58.06664382142421,84.70353260274088,0
2024-08-14,SKU_003,72.39145567793679,59.76717909018762,85.68212880024168,0
2024-08-15,SKU_003,84.59081868071802,70.96123020449959,97.84406421946946,0
2024-08-16,SKU_003,101.98778196280114,88.14018049064796,114.85154436898664,0
2024-08-17,SKU_003,113.37621331629367,99.9670922667842,127.79390201646258,0
2024-08-18,SKU_003,104.51674137147279,91.85959482116105,118.44362421905225,0
2024-08-19,SKU_003,88.10795917058815,73.43806819013037,101.14725804729396,0
2024-08-20,SKU_003,75.05881863003908,61.43248369640022,88.8737483472042,0
2024-08-21,SKU_003,76.21155157629292,62.02894537419212,89.03322447629868,0
2024-08-22,SKU_003,88.48646608785552,75.09186320932479,102.31906924853013,0
2024-08-23,SKU_003,105.92773811240272,92.34967639236628,119.29152457645134,0
2024-08-24,SKU_003,117.3302917939619,103.43904525004301,131.0550178510186,0
2024-08-25,SKU_003,108.4568295468468,94.2819285871485,120.99260386668534,0
2024-08-26,SKU_003,92.00896265216096,78.63465346608423,105.77190637491086,0
2024-08-27,SKU_003,78.89950264049779,65.7495169060713,91.09935346290706,0
2024-08-28,SKU_003,79.97525239921313,66.20413505806285,93.48859429858217,0
2024-08-29,SKU_003,92.16164982511646,79.40410873909602,105.3063844940149,0
2024-08-30,SKU_003,109.50838879085065,95.47102136770354,122.44763448468495,0
2024-08-31,SKU_003,120.81611621930371,107.31220338937956,134.435249094286,0
2024-09-01,SKU_003,111.85327206342787,98.13177288751274,126.08014770124579,0
2024-09-02,SKU_003,95.32702894353592,82.50284340478242,108.48890917606835,0
2024-09-03,SKU_003,82.15539772153467,68.27775448206755,95.80396459211343,0
2024-09-04,SKU_003,83.18984381497768,69.06500531985354,95.63625627289669,0
2024-09-05,SKU_003,95.35977260612907,81.79966194666132,109.29457344036364,0
2024-09-06,SKU_003,112.71801374559959,98.792658479255,126.1981353694948,0
2024-09-07,SKU_003,124.06740751923549,110.31438861208603,137.18169549823685,0
2024-09-08,SKU_003,115.17756365317489,101.38912691799356,129.47583224165314,0
2024-09-09,SKU_003,98.75575198018224,84.69573863467373,111.32597889368493,0
2024-09-10,SKU_003,85.71899292625406,72.86714775476099,99.98721839966917,0
2024-09-11,SKU_003,86.916693251406,72.6320871728812,99.8584595877357,0
2024-09-12,SKU_003,99.27518496172588,85.83094243261858,112.50813960498454,0
2024-09-13,SKU_003,116.84329569553829,102.98029240880581,131.04669195695448,0
2024-09-14,SKU_003,128.41905123619858,114.94337942211357,141.9926391600868,0
2024-09-15,SKU_003,119.7665770677743,106.68333648484406,133.04008362879986,0
2024-09-16,SKU_003,103.58715409634006,90.6022564966305,116.80701500304802,0
2024-09-17,SKU_003,90.79149148324657,77.7973962871494,104.32157876246913,0
2024-09-18,SKU_003,92.22255645030049,77.99691595576058,105.0768675835005,0
2024-09-19,SKU_003,104.80031300709106,91.40363458269388,118.13423363485616,0
2024-09-20,SKU_003,122.56749172531147,108.742306946505,135.25975638038344,0
2024-09-21,SKU_003,134.31648501198734,121.5987639537917,147.96208910177492,0
2024-09-22,SKU_003,125.80642876294768,112.94979455830186,139.56504516299725,0
2024-09-23,SKU_003,109.73441984078077,94.70891859210376,123.16816540983969,0
2024-09-24,SKU_003,97.0079271692792,82.17280632219487,110.72656984002488,0
2024-09-25,SKU_003,98.46773184314392,84.54453141205255,112.58331642754,0
2024-09-26,SKU_003,111.03274456969046,97.5224098699892,124.8954718937025,0
2024-09-27,SKU_003,128.74581987913385,114.77028785106856,142.39294633400397,0
2024-09-28,SKU_003,140.40065990185022,127.22405844067114,153.94477143326,0
2024-09-29,SKU_003,131.75886802771342,119.33044524746943,145.79903678194725,0
2024-09-30,SKU_003,115.52110244112447,102.26409110506103,127.69245571140682,0
2024-10-01,SKU_003,102.59938897618443,89.11772011911974,116.0085137541786,0
2024-10-02,SKU_003,103.83993140397395,90.77267780943511,117.57169066167275,0
2024-10-03,SKU_003,116.16777116794202,102.50020173638126,129.54653245611354,0
2024-10-04,SKU_003,133.63242058108113,120.32901734510165,146.79190849327185,0
2024-10-05,SKU_003,145.0345676088708,131.50816390026569,157.96980323021359,0
2024-10-06,SKU_003,136.1429184676727,121.62045492107474,149.96386337505734,0
2024-10-07,SKU_003,119.66513436191273,106.04103957325044,132.88760874639877,0
2024-10-08,SKU_003,106.51992836304683,92.92003161948233,119.31463436656074,0
2024-10-09,SKU_003,107.55966712714343,93.27477338410576,120.76740440190947,0
2024-10-10,SKU_003,119.71483588826332,106.31500101968501,132.89489385455437,0
2024-10-11,SKU_003,137.0394967956496,122.66617144976303,150.375602638454,0
2024-10-12,SKU_003,148.33784422658772,134.94836682650782,162.03306186058822,0
2024-10-13,SKU_003,139.38092809404645,125.99159618320891,153.21356709626826,0
2024-10-14,SKU_003,122.87750539433952,109.27378485335043,136.89044736930654,0
2024-10-15,SKU_003,109.74608892821493,96.65660440117237,123.09445406182547,0
2024-10-16,SKU_003,110.83753973527442,97.44321619019728,124.6888361193925,0
2024-10-17,SKU_003,123.07956237118387,109.7370815364191,136.86797333890408,0
2024-10-18,SKU_003,140.52223260823345,126.69796087537217,153.5168096199136,0
2024-10-19,SKU_003,151.96465952674288,137.82687098693515,166.4242326380623,0
2024-10-20,SKU_003,143.17185022128288,129.2442220477574,156.7440437105154,0
2024-10-21,SKU_003,126.84573350722303,114.21828731421763,140.63177844296845,0
2024-10-22,SKU_003,113.89740675145063,100.44796918919423,127.19345374803918,0
2024-10-23,SKU_003,115.16994673766956,102.02810393156207,127.47371278319144,0
2024-10-24,SKU_003,127.5831374102836,113.75465573112582,140.60270054347063,0
2024-10-25,SKU_003,145.17923731423116,131.3843089634342,157.7130768507649,0
2024-10-26,SKU_003,156.7498816578472,143.41705160144647,169.6590947050947,0
2024-10-27,SKU_003,148.05318010719998,133.5929511676645,160.84541364419272,0
2024-10-28,SKU_003,131.7849597190515,118.55174162971207,145.24729814225782,0
2024-10-29,SKU_003,118.85121050049062,105.66777048776241,131.7997207467319,0
2024-10-30,SKU_003,120.09106841320215,107.29599348110176,132.88769790284044,0
2024-10-31,SKU_003,132.4216832948795,117.51628976567764,145.51413140947207,0
2024-11-01,SKU_003,149.88409003695514,135.92967699396775,164.17278600783024,0
2024-11-02,SKU_003,161.27017448989122,148.99608017224008,175.6478051724332,0
2024-11-03,SKU_003,152.33979288660254,138.42565610643544,165.07490422464653,0
2024-11-04,SKU_003,135.79199308403489,122.70746039510088,148.7189417654313,0
2024-11-05,SKU_003,122.53739525769761,109.63870436578564,136.0992674574952,0
2024-11-06,SKU_003,123.42106827160042,109.80473695883765,136.26317212707778,0
2024-11-07,SKU_003,135.3672518270051,121.49116889731347,149.49513541409596,0
2024-11-08,SKU_003,152.42504651834574,138.87840286100362,165.67561885086104,0
2024-11-09,SKU_003,163.3951681135905,149.52106005712662,177.01359229530087,0
2024-11-10,SKU_003,154.0468306164871,140.71651010260075,167.66262741487108,0
2024-11-11,SKU_003,137.08871294331976,123.38179427661791,150.79108319627994,0
2024-11-12,SKU_003,123.4410739541633,109.48662983669871,136.33439149810525,0
2024-11-13,SKU_003,123.95835954599433,109.37590819611471,136.82258683261196,0
2024-11-14,SKU_003,135.57365955580389,123.39967250230994,150.0576182533543,0
2024-11-15,SKU_003,152.344144188692,139.40516175341105,166.75866073839165,0
2024-11-16,SKU_003,163.07758359918986,149.83339116412455,177.15185645098654,0
2024-11-17,SKU_003,153.54902200303363,140.11633587883827,168.03623609559403,0
2024-11-18,SKU_003,136.4715672847589,123.44808662729558,150.28024012479676,0
2024-11-19,SKU_003,122.76836610493638,109.46219914425832,136.36369272843464,0
2024-11-20,SKU_003,123.2951124540073,108.85045620718233,137.0485623476729,0
2024-11-21,SKU_003,134.98445048944984,120.97325399990783,147.84941180823034,0
2024-11-22,SKU_003,151.8914032143934,138.63586163969268,164.1768352108087,0
2024-11-23,SKU_003,162.81993116519013,149.73068483698958,176.49326278096575,0
2024-11-24,SKU_003,153.53969169913515,140.5199878364204,167.3435942591645,0
2024-11-25,SKU_003,136.7569577525442,122.9806646527136,149.8831705111536,0
2024-11-26,SKU_003,123.38676272509073,109.5692836194948,136.1747892417447,0
2024-11-27,SKU_003,124.27561492438984,110.66763943657197,138.53783313349007,0
2024-11-28,SKU_003,136.3461368561859,122.56661583776284,149.66007237086308,0
2024-11-29,SKU_003,153.64275448401966,141.28222569254135,167.25667409970268,0
2024-11-30,SKU_003,164.95853348613497,150.7873026151374,177.93005142672507,0
2024-12-01,SKU_003,156.052225458438,141.91619015097254,169.06466805610614,0
2024-12-02,SKU_003,139.61947500806366,126.78074035967782,152.9987370098755,0
2024-12-03,SKU_003,126.56524640177356,112.55005099389957,140.32913530582428,0
2024-12-04,SKU_003,127.72680538097758,113.54367844003747,141.53905850326748,0
2024-12-05,SKU_003,140.018603992913,126.3625253088695,153.50334212560324,0
2024-12-06,SKU_003,157.4781867276149,142.6955093884385,170.67307659841842,0
2024-12-07,SKU_003,168.893208948221,154.55237948339584,183.80032278217445,0
2024-12-08,SKU_003,160.01862549482834,146.34298454074138,173.8971258523366,0
2024-12-09,SKU_003,143.54799644720788,130.55293817024892,157.18876476917754,0
2024-12-10,SKU_003,130.38596598162314,116.70535927764396,143.83156468094344,0
2024-12-11,SKU_003,131.37124850783326,117.28234791073157,145.11954703850506,0
2024-12-12,SKU_003,143.421469857507,129.90169722220705,158.40460255002102,0
2024-12-13,SKU_003,160.57898308227098,147.8255416255827,173.4796931895533,0
2024-12-14,SKU_003,171.63775243178046,158.20470162406707,184.87831988422457,0
2024-12-15,SKU_003,162.36036721194102,147.69353973131757,175.81890432629365,0
2024-12-16,SKU_003,145.4491374579146,130.93568791540778,159.6244125744102,0
2024-12-17,SKU_003,131.81833329401925,117.3458553218234,145.15205640417807,0
2024-12-18,SKU_003,132.3169089205262,118.58282794497983,147.18460618527237,0
2024-12-19,SKU_003,143.87306637644642,129.67846824091862,157.45095022897254,0
2024-12-20,SKU_003,160.53978642712684,146.65771538004194,174.39061458574156,0
2024-12-21,SKU_003,171.12142812746933,156.67053568262546,185.2003285598844,0
2024-12-22,SKU_003,161.39046670323603,148.12947040969462,174.63005719769166,0
2024-12-23,SKU_003,144.0583293617588,130.67942979697418,156.7046068512301,0
2024-12-24,SKU_003,130.04739809905968,116.95084691706593,143.78201997498076,0
2024-12-25,SKU_003,130.21352694606918,117.1520343338743,143.47993892440226,0
2024-12-26,SKU_003,141.49043443729875,128.0494492314544,154.9588093975403,0
2024-12-27,SKU_003,157.9351032501455,144.81318247058257,172.74103312761,0
2024-12-28,SKU_003,168.35429200397758,155.14766295866318,181.65009686663822,0
2024-12-29,SKU_003,158.52123104683838,144.96289207470187,172.3563125161859,0
2024-12-30,SKU_003,141.14646270704742,127.96029385376886,155.76729749105374,0
2024-12-31,SKU_003,127.14989461070397,113.64770429930638,140.6298355114196,1
2025-01-01,SKU_003,127.38341172238943,114.16733460405769,140.6135354376754,1
2025-01-02,SKU_003,138.77540484622492,124.02464832136388,151.9949043151461,1
2025-01-03,SKU_003,155.3763433194039,141.8459544618557,168.55468381841675,1
2025-01-04,SKU_003,165.98549163000894,152.62329829345285,178.84222027233773,1
2025-01-05,SKU_003,156.3678356409887,143.1887686136757,170.6580015908491,1
2025-01-06,SKU_003,139.22517204768732,126.06378904257194,152.146410061,1
2025-01-07,SKU_003,125.46842231516125,112.44989544882573,140.10065218073794,1
2025-01-08,SKU_003,125.94050911151368,112.83567043165385,138.44771985352486,1
2025-01-09,SKU_003,137.56114526461062,123.8256769540479,151.24275000817443,1
2025-01-10,SKU_003,154.37265542913886,140.82976158376414,168.04404610729358,1
2025-01-11,SKU_003,165.16692302600882,151.5959417066064,178.82758426992442,1
2025-01-12,SKU_003,155.70252155509843,141.17242856766126,169.18685908041974,1
2025-01-13,SKU_003,138.6759781040507,124.75521445004938,152.21659231673345,1
2023-01-01,SKU_004,632.0934812931075,589.2803680892409,674.9809087863392,0
2023-01-02,SKU_004,601.2925280601131,559.5074536268287,644.0321254751068,0
2023-01-03,SKU_004,540.2695376501804,496.68660442046183,585.7743034916095,0
2023-01-04,SKU_004,482.44778623719384,439.15122831788864,524.0238518665772,0
2023-01-05,SKU_004,483.14687012993215,440.7922123748821,527.5162768145325,0
2023-01-06,SKU_004,526.040623119622,483.3458073623352,570.3055946047224,0
2023-01-07,SKU_004,584.049918404744,542.1512513008566,626.0397908782559,0
2023-01-08,SKU_004,612.7947802292164,567.4054563536076,655.7121317136412,0
2023-01-09,SKU_004,582.3121823801154,539.9135122613727,626.676131855143,0
2023-01-10,SKU_004,521.7183140505468,476.8731853397881,565.6522227435922,0
2023-01-11,SKU_004,464.4141535328605,418.14420469016574,508.22763193149615,0
2023-01-12,SKU_004,465.6965005188896,421.5719727303021,507.6727228862329,0
2023-01-13,SKU_004,509.21656557658605,467.5873718289401,549.4166321675773,0
2023-01-14,SKU_004,567.8734090898196,524.3314907700941,610.4967163804281,0
2023-01-15,SKU_004,597.2666365971414,555.1094933544504,640.2480010092157,0
2023-01-16,SKU_004,567.4147115366882,522.7702296928856,609.4406429598569,0
2023-01-17,SKU_004,507.4176522543603,467.64130305992677,549.1665496621371,0
2023-01-18,SKU_004,450.66294299183596,405.8803251409015,491.7137786885992,0
2023-01-19,SKU_004,452.4368020447606,408.81123017077323,497.05881648494403,0
2023-01-20,SKU_004,496.3829014360673,454.58651818184825,539.1963702755819,0
2023-01-21,SKU_004,555.3958295951577,510.4277585687309,594.1697268132579,0
2023-01-22,SKU_004,585.0737065997337,541.5118406472585,626.9208508290649,0
2023-01-23,SKU_004,555.436318878527,511.21961810643865,599.011403678667,0
2023-01-24,SKU_004,495.5875491704343,453.6566824076647,536.332221134703,0
2023-01-25,SKU_004,438.9209430936008,399.1784517186749,478.485283945423,0
2023-01-26,SKU_004,440.7305695785802,398.7502942652914,485.15092712461956,0
2023-01-27,SKU_004,484.6692851287834,440.30920770070685,526.3474140346547,0
2023-01-28,SKU_004,543.6417107003122,501.5083652937865,588.7613769869796,0
2023-01-29,SKU_004,573.2563485197921,530.9092891915054,617.154116418964,0
2023-01-30,SKU_004,543.543223766171,503.2713316649011,587.7956065003616,0
2023-01-31,SKU_004,483.6158445009483,442.52359267084313,526.128713392235,0
2023-02-01,SKU_004,426.8763377945882,384.1112002956394,469.7673952239573,0
2023-02-02,SKU_004,428.62593426921325,388.62800111057607,471.68925404663565,0
2023-02-03,SKU_004,472.5229242333067,430.45090399363886,514.6167960858731,0
2023-02-04,SKU_004,531.4754046264229,487.8925181568906,572.4340257657963,0
2023-02-05,SKU_004,561.0932520170907,517.4433292859613,603.9443946012085,0
2023-02-06,SKU_004,531.4057113808954,490.6292078523714,572.9589755229676,0
2023-02-07,SKU_004,471.5233956956744,428.9577191276406,516.4597025437723,0
2023-02-08,SKU_004,414.8435527374613,375.0340933491812,457.75184625041413,0
2023-02-09,SKU_004,416.66076657147204,375.2642837935827,462.61658150562886,0
2023-02-10,SKU_004,460.62520918240193,416.22242775215716,501.7918758988869,0
2023-02-11,SKU_004,519.6357509720498,474.2634573787267,562.057723269663,0
2023-02-12,SKU_004,549.2923524695386,507.849484557042,592.2491892681118,0
2023-02-13,SKU_004,519.6141120788398,478.8818316061326,567.520382032608,0
2023-02-14,SKU_004,459.70174849091194,416.8682391397312,501.58112211356615,0
2023-02-15,SKU_004,402.9433567503488,361.93759485509537,447.0692012943532,0
2023-02-16,SKU_004,404.6255876704732,361.015980691561,440.33939935214516,0
2023-02-17,SKU_004,448.39234839519355,403.8461960403226,490.9489378019326,0
2023-02-18,SKU_004,507.13831597505526,467.85434491041167,549.4550594209385,0
2023-02-19,SKU_004,536.4616706223707,490.5527822290614,577.2729946325812,0
2023-02-20,SKU_004,506.382409907401,463.9654566516852,548.9385060323502,0
2023-02-21,SKU_004,446.00501087684427,404.7531405769575,487.84071567775334,0
2023-02-22,SKU_004,388.7242704179275,348.75368085591015,431.219685988953,0
2023-02-23,SKU_004,389.83646778017726,346.4167349928749,430.86128392974325,0
2023-02-24,SKU_004,432.99794453427296,390.35921683414927,476.27350281727524,0
2023-02-25,SKU_004,491.1183946431157,449.522184870299,532.2879280136738,0
2023-02-26,SKU_004,519.8132756037543,475.08816781345774,564.1208734422545,0
2023-02-27,SKU_004,489.1217092281496,447.2407972129281,531.022079033467,0
2023-02-28,SKU_004,428.16864981803377,388.5432127064671,472.4626248583658,0
2023-03-01,SKU_004,370.37016335757033,328.4682620259443,410.8294013455168,0
2023-03-02,SKU_004,371.0439774858085,327.2583549516241,412.8662502561396,0
2023-03-03,SKU_004,413.86741532890926,370.0792278251032,457.20328356590414,0
2023-03-04,SKU_004,471.7700251196069,427.6126259298478,515.5189337736832,0
2023-03-05,SKU_004,500.38533669144414,462.26389994185075,544.5032982425386,0
2023-03-06,SKU_004,469.76813381361245,429.3471479758336,510.42573453372034,0
2023-03-07,SKU_004,409.05604016679445,366.8525533842374,453.4685983046728,0
2023-03-08,SKU_004,351.67428165758577,308.96343402904046,396.40651439995275,0
2023-03-09,SKU_004,352.94580233779413,309.60602960085834,392.62116517234284,0
2023-03-10,SKU_004,396.548862393588,354.6498015877899,439.1946479215646,0
2023-03-11,SKU_004,455.409442888084,413.68777141916127,494.51914681860745,0
2023-03-12,SKU_004,485.1528980630796,443.5557033092312,529.0370896716584,0
2023-03-13,SKU_004,455.8212504635521,411.7210516750937,497.56763032448094,0
2023-03-14,SKU_004,396.5349295387336,353.81540282216264,440.70031768638006,0
2023-03-15,SKU_004,340.6978150642983,297.926763734754,382.9341704046483,0
2023-03-16,SKU_004,343.6077581034655,299.90162765129276,385.76057283196013,0
2023-03-17,SKU_004,388.9146992871502,346.33862651006535,431.27835480451813,0
2023-03-18,SKU_004,449.51369708032064,405.6070483724635,488.6109582132135,0
2023-03-19,SKU_004,480.9972916003121,438.80806579194484,525.9713419466467,0
2023-03-20,SKU_004,453.37358124188484,413.7806092295268,497.3840980267181,0
2023-03-21,SKU_004,395.72879226145847,353.76900120965666,436.7204488159215,0
2023-03-22,SKU_004,341.43318086364127,300.36695155677336,385.50898063046003,0
2023-03-23,SKU_004,345.7524169681366,302.2310431238364,391.8905737183146,0
2023-03-24,SKU_004,392.3065458684103,348.63205305037843,434.19695696732714,0
2023-03-25,SKU_004,453.9638168970811,412.74983166536913,498.35094154274697,0
2023-03-26,SKU_004,486.29378200621113,442.6111700840278,529.4731206839081,0
2023-03-27,SKU_004,459.28602040248154,416.78191199904285,501.70953583626584,0
2023-03-28,SKU_004,402.0132504055956,360.13909632694913,446.3961201936906,0
2023-03-29,SKU_004,347.8376518127558,306.65673093585144,390.94342009086756,0
2023-03-30,SKU_004,352.0225348792783,307.9406336638405,395.4795607672512,0
2023-03-31,SKU_004,398.1914426621778,354.1760692458753,437.3445090363912,0
2023-04-01,SKU_004,459.2219702739946,416.99235052030264,504.4524493265175,0
2023-04-02,SKU_004,490.6987024873231,449.5892023779588,533.870173788168,0
2023-04-03,SKU_004,462.6316285217061,421.0006557444198,507.67249316724775,0
2023-04-04,SKU_004,404.11880200532175,362.4888073824164,447.23419666544316,0
2023-04-05,SKU_004,348.5520801859399,305.3750955529242,387.7261602282869,0
2023-04-06,SKU_004,351.2280929475768,309.282829543229,392.8137706766312,0
2023-04-07,SKU_004,395.8065462294103,356.3549605529688,439.07278655094535,0
2023-04-08,SKU_004,455.20316395097586,412.6524725485444,499.378324576294,0
2023-04-09,SKU_004,485.0416928061701,443.1558756671407,527.2099773920805,0
2023-04-10,SKU_004,455.3713532910605,412.78310094412865,498.64785202185436,0
2023-04-11,SKU_004,395.32853046481944,352.43543982105035,438.50793652590806,0
2023-04-12,SKU_004,338.3415642818232,294.79353480725473,377.550374735693,0
2023-04-13,SKU_004,339.7408154046134,298.8326806828186,384.8137071990954,0
2023-04-14,SKU_004,383.21613517931223,338.39709270839853,425.42939348084207,0
2023-04-15,SKU_004,441.7090662713483,399.1705848142883,487.33126509929707,0
2023-04-16,SKU_004,470.8642181498952,428.735007028932,515.9292551857296,0
2023-04-17,SKU_004,440.7462176302463,397.84681636243505,484.63854380446463,0
2023-04-18,SKU_004,380.5010413296884,335.7025045064925,422.5302231713618,0
2023-04-19,SKU_004,323.5605993470738,283.2845066140464,364.2456430803196,0
2023-04-20,SKU_004,325.2527514232156,281.69707215116824,369.2147674120116,0
2023-04-21,SKU_004,369.2588853185325,325.8390382453537,410.7765396818286,0
2023-04-22,SKU_004,428.50638064027794,385.89328596516077,473.16918576255745,0
2023-04-23,SKU_004,458.62039482205705,412.8683850805827,498.7128132326658,0
2023-04-24,SKU_004,429.6413599540346,386.2475672432883,472.23253322645036,0
2023-04-25,SKU_004,370.68698212268646,327.13133776982914,411.589999542737,0
2023-04-26,SKU_004,315.157594105566,273.46282210338103,358.5975369623746,0
2023-04-27,SKU_004,318.34702146794325,275.1109763827499,364.0313919897934,0
2023-04-28,SKU_004,363.90106844273043,319.18439270526767,403.99110197730914,0
2023-04-29,SKU_004,424.7109157102957,380.8861601924435,466.22801247568725,0
2023-04-30,SKU_004,456.3658724491412,413.57014446170456,497.79964771586754,0
2023-05-01,SKU_004,428.87178301946796,388.6268054985761,473.0305460393817,0
2023-05-02,SKU_004,371.3139174786692,326.93778060501916,411.4690449693195,0
2023-05-03,SKU_004,317.06314174112003,272.8673499952056,359.32854382773485,0
2023-05-04,SKU_004,321.38751195785886,279.58280886330795,365.23192785754395,0
2023-05-05,SKU_004,367.9113803841035,321.39297707872805,406.6547022021587,0
2023-05-06,SKU_004,429.50929511948436,384.30136489382693,471.12926536503676,0
2023-05-07,SKU_004,461.75909236131963,423.4539713384475,504.0540993892869,0
2023-05-08,SKU_004,434.6605356224668,394.18078691838764,477.4658136520356,0
2023-05-09,SKU_004,377.29826408853637,332.11286391975614,418.0071816374381,0
2023-05-10,SKU_004,323.0478770448833,281.8792450378351,368.4707130641397,0
2023-05-11,SKU_004,327.1872966983018,287.33176535390083,372.36231468535175,0
2023-05-12,SKU_004,373.35550473323104,332.3247075853553,415.9144853356464,0
2023-05-13,SKU_004,434.4459468680255,391.6723064220127,475.05442845539756,0
2023-05-14,SKU_004,466.05901937287763,424.7545406350942,507.92176181972684,0
2023-05-15,SKU_004,438.2200103158301,396.6614098926991,482.40687689099656,0
2023-05-16,SKU_004,380.0412784664384,335.37359110308927,416.46996542826736,0
2023-05-17,SKU_004,324.9275193753996,283.77930129445224,369.75995407081604,0
2023-05-18,SKU_004,328.1862847227402,287.4796336251165,371.2086030092206,0
2023-05-19,SKU_004,373.4858745280448,331.0422425835143,417.22180120535535,0
2023-05-20,SKU_004,433.7479205227569,391.2502374875215,476.5578203163144,0
2023-05-21,SKU_004,464.5990977861437,419.941204495909,506.4872328223646,0
2023-05-22,SKU_004,436.0883429391147,393.5951441168739,477.0878832493274,0
2023-05-23,SKU_004,377.3484614418476,337.1783240128745,420.32265129873537,0
2023-05-24,SKU_004,321.8008297646327,277.0295830964854,363.3822496151769,0
2023-05-25,SKU_004,324.76553246506296,283.00619287227136,365.72616439697265,0
2023-05-26,SKU_004,369.91898349949594,327.5479056780225,410.42202304816294,0
2023-05-27,SKU_004,430.18637227350797,389.5580097081112,474.2093778943359,0
2023-05-28,SKU_004,461.19337372323076,417.1907428607956,501.8218756681721,0
2023-05-29,SKU_004,432.98351497585156,385.5194330134828,474.37641197354185,0
2023-05-30,SKU_004,374.6799952233687,330.9147956592314,418.2285882236814,0
2023-05-31,SKU_004,319.6908156088248,281.8231614325269,364.2838855113986,0
2023-06-01,SKU_004,323.31938592566684,277.78735874686254,365.8857582121823,0
2023-06-02,SKU_004,369.22272187468405,329.0866951781909,411.381607432736,0
2023-06-03,SKU_004,430.3045390334569,388.8307678963188,473.0330310223997,0
2023-06-04,SKU_004,462.1676625750614,417.45108512251835,505.567288143345,0
2023-06-05,SKU_004,434.83212369443606,392.4414821129314,479.59621933108923,0
2023-06-06,SKU_004,377.39771710229905,334.66426338239626,420.96943079382095,0
2023-06-07,SKU_004,323.2498540918747,281.0586861010962,363.8421730170079,0
2023-06-08,SKU_004,327.67085632869663,282.6359740282234,371.1700153595836,0
2023-06-09,SKU_004,374.298783741377,331.0192507445459,414.03186432549046,0
2023-06-10,SKU_004,436.0210841807839,394.66278086813156,478.9837890700249,0
2023-06-11,SKU_004,468.4274678162977,424.8875766543419,510.1782063107746,0
2023-06-12,SKU_004,441.5283640478343,397.6186836046837,486.585788616335,0
2023-06-13,SKU_004,384.41772536138313,339.53972785828273,424.04282404788785,0
2023-06-14,SKU_004,330.4785610846926,287.46530024624764,376.304450110149,0
2023-06-15,SKU_004,334.99556930760474,289.6288108033064,376.94436777554694,0
2023-06-16,SKU_004,381.612509810359,341.7727759161894,422.89543921052336,0
2023-06-17,SKU_004,443.22606205304396,403.05944503494396,485.3212715918988,0
2023-06-18,SKU_004,475.4383537079401,433.84101808305724,518.7763087483062,0
2023-06-19,SKU_004,448.27497426220935,405.61282229633935,490.6324206556959,0
2023-06-20,SKU_004,390.84725260383357,348.1546844294517,431.3864580465842,0
2023-06-21,SKU_004,336.557643645457,295.14175665863223,377.7247086348256,0
2023-06-22,SKU_004,340.7103853003108,295.8523317629289,381.96575017062037,0
2023-06-23,SKU_004,386.9695404552648,340.4394631633342,427.59195383825784,0
2023-06-24,SKU_004,448.25173731032817,404.0405425859446,490.45655178597144,0
2023-06-25,SKU_004,480.17804037012775,436.2969770691183,522.8811628660122,0
2023-06-26,SKU_004,452.79134189778665,412.4177784560999,497.51971324632683,0
2023-06-27,SKU_004,395.21807202405256,354.4387220318303,437.34781182322206,0
2023-06-28,SKU_004,340.8730900743776,298.72395103942705,385.05480638718785,0
2023-06-29,SKU_004,345.06993366438365,302.4633262838938,385.9485559568119,0
2023-06-30,SKU_004,391.47855269768564,347.34385791521294,434.86761879810183,0
2023-07-01,SKU_004,453.01785101228097,409.4327577977684,494.3663365533824,0
2023-07-02,SKU_004,485.30747394693026,442.1461979946528,527.6577262668284,0
2023-07-03,SKU_004,458.385234057711,414.351679716166,500.150535152568,0
2023-07-04,SKU_004,401.3689719662396,358.0683971628981,446.66124135553576,0
2023-07-05,SKU_004,347.6617101035117,303.07633084355155,388.7236374816602,0
2023-07-06,SKU_004,352.5622676650138,310.0101187627917,395.485287257292,0
2023-07-07,SKU_004,399.72345250153006,355.11953410536245,445.71034090779574,0
2023-07-08,SKU_004,462.04300591675093,419.9603845586906,506.65627293156257,0
2023-07-09,SKU_004,495.12238468352723,451.1036182145586,537.7773586444771,0
2023-07-10,SKU_004,468.978428674421,424.3243230525772,514.1205368851989,0
2023-07-11,SKU_004,412.70801659409483,371.0058718370758,456.97564405106795,0
2023-07-12,SKU_004,359.69388439101914,318.54551513004947,399.8859797943921,0
2023-07-13,SKU_004,365.2158865798305,318.71051971740667,412.6498687601102,0
2023-07-14,SKU_004,412.9097961431757,370.0880214969218,455.8331674243588,0
2023-07-15,SKU_004,475.66093260458126,432.0361720345939,515.971624464966,0
2023-07-16,SKU_004,509.0570227552666,466.1406013777759,550.6932488916935,0
2023-07-17,SKU_004,483.1066528396367,442.1585365955279,523.7231974651199,0
2023-07-18,SKU_004,426.9020771632301,387.5192317423765,469.4124651639713,0
2023-07-19,SKU_004,373.8252112505321,330.8506677742848,419.3537304386367,0
2023-07-20,SKU_004,379.15895150555707,333.18874336434493,425.2521869453973,0
2023-07-21,SKU_004,426.54591484342325,385.769951014049,468.0219237284302,0
2023-07-22,SKU_004,488.88188930190813,448.5435174293182,531.2124268190104,0
2023-07-23,SKU_004,521.7684051046679,478.54272572896423,564.5366001734858,0
2023-07-24,SKU_004,495.23079341488966,454.6652569928113,538.3629440486707,0
2023-07-25,SKU_004,438.38050934125033,397.53822313573045,482.7233727640657,0
2023-07-26,SKU_004,384.620561770149,340.7899334860883,427.7842998534833,0
2023-07-27,SKU_004,389.25620881789484,342.91782589658214,434.6900530679826,0
2023-07-28,SKU_004,435.9530311104565,392.8993577959988,474.5173811429411,0
2023-07-29,SKU_004,497.6296939701905,455.72188547642065,541.8320591223361,0
2023-07-30,SKU_004,529.9098287795357,487.18093226358764,572.6670920682155,0
2023-07-31,SKU_004,502.8394119239393,460.41007573223175,544.038450709922,0
2023-08-01,SKU_004,445.54848691417357,400.7718368266117,486.241471503105,0
2023-08-02,SKU_004,391.4559941341406,350.3034316370276,434.5253761947327,0
2023-08-03,SKU_004,395.87998184396565,355.0114435828084,438.1759350876864,0
2023-08-04,SKU_004,442.4952771881035,398.21924903594856,482.11237408072077,0
2023-08-05,SKU_004,504.22595052742173,461.1898635446295,542.3954569101371,0
2023-08-06,SKU_004,536.6970127435872,492.6889216678541,578.4820338499103,0
2023-08-07,SKU_004,509.9517396378011,472.54000428313327,554.8305549778516,0
2023-08-08,SKU_004,453.1134227433606,408.9889278611904,495.22863887299565,0
2023-08-09,SKU_004,399.5904070633095,355.7845720230868,442.1209318158749,0
2023-08-10,SKU_004,404.6865870960698,359.7463572951728,443.97263708187296,0
2023-08-11,SKU_004,452.0594801471292,410.17317857818284,498.0521321124899,0
2023-08-12,SKU_004,514.6131888212853,474.8032244545064,560.9966673481977,0
2023-08-13,SKU_004,547.9506777460833,502.3070560289042,590.595969393515,0
2023-08-14,SKU_004,522.0917415520181,480.1860486519921,562.4052436613587,0
2023-08-15,SKU_004,466.1354443682383,423.6828533123459,508.5892173904253,0
2023-08-16,SKU_004,413.46587085576107,371.0454675156513,457.86171754876744,0
2023-08-17,SKU_004,419.36333886219876,379.60892155215794,468.27859778997765,0
2023-08-18,SKU_004,467.46317124740824,424.9455258577074,510.8587748755881,0
2023-08-19,SKU_004,530.649317801792,485.5648977014687,571.4141426702673,0
2023-08-20,SKU_004,564.5072324500752,519.2607667001615,606.4615291282616,0
2023-08-21,SKU_004,539.0423646068091,496.8710774702802,580.6453325189007,0
2023-08-22,SKU_004,483.34302904570575,441.53999001935597,522.0532712629312,0
2023-08-23,SKU_004,430.7864805293603,392.41329665770826,474.57525694983883,0
2023-08-24,SKU_004,436.6503363385356,392.0312337960787,479.2604479231669,0
2023-08-25,SKU_004,484.57143153466257,441.07571985965996,527.9917899317892,0
2023-08-26,SKU_004,547.4394011146762,506.14818580882684,589.8395114018442,0
2023-08-27,SKU_004,580.8493920222272,537.8066439076579,621.9149106027031,0
2023-08-28,SKU_004,554.8202690835319,511.92160193499626,599.358758655045,0
2023-08-29,SKU_004,498.4570874312655,455.5585833079615,540.8915962210658,0
2023-08-30,SKU_004,445.15666986593715,401.1045646458588,489.34111313328197,0
2023-08-31,SKU_004,450.2184438425675,406.78960721941206,494.7862014320342,0
2023-09-01,SKU_004,497.30264631751305,455.9307160018273,539.5830565355304,0
2023-09-02,SKU_004,559.3232038185022,517.2076578636531,603.968556954684,0
2023-09-03,SKU_004,591.8997146716968,549.1359565537936,633.5628369971608,0
2023-09-04,SKU_004,565.0749186458762,521.9050628250379,606.3695038835936,0
2023-09-05,SKU_004,507.97644866387265,467.13227674996546,556.4039986443181,0
2023-09-06,SKU_004,454.0217247097359,413.79437216817763,499.80423149477474,0
2023-09-07,SKU_004,458.5281652772273,417.24914569371776,504.97350110121704,0
2023-09-08,SKU_004,505.170843569781,462.03520852292763,545.5453667465359,0
2023-09-09,SKU_004,566.874912577515,526.1534017870293,609.5089618080971,0
2023-09-10,SKU_004,599.2672399626779,556.322188934947,640.883972703215,0
2023-09-11,SKU_004,572.3936488601611,527.5276002485065,615.7681876740844,0
2023-09-12,SKU_004,515.3805665630201,473.2495243821,560.4516724107453,0
2023-09-13,SKU_004,461.63994481610376,420.5556224604516,504.93325473627254,0
2023-09-14,SKU_004,466.47962678810933,423.37878148648883,505.90009394670926,0
2023-09-15,SKU_004,513.561283794622,470.77587812741,555.9034035704375,0
2023-09-16,SKU_004,575.7932367742576,531.7645907178992,617.3222883422565,0
2023-09-17,SKU_004,608.7825981010056,565.3291566682077,650.6339477315829,0
2023-09-18,SKU_004,582.5531030041893,540.8065114130997,630.3688084906129,0
2023-09-19,SKU_004,526.2074272987168,484.5220217687201,568.9476043304248,0
2023-09-20,SKU_004,473.1328293318662,427.538271191782,514.2108271947413,0
2023-09-21,SKU_004,478.612271001745,433.5790120267801,520.2970715882545,0
2023-09-22,SKU_004,526.283118412749,480.5886767412864,569.3839033799705,0
2023-09-23,SKU_004,589.0307154720238,547.1995769573757,630.73119005488,0
2023-09-24,SKU_004,622.4412372758875,577.5878457259945,667.0379669162497,0
2023-09-25,SKU_004,596.5201830363302,554.8138357527205,641.8164518427512,0
2023-09-26,SKU_004,540.3552729690533,500.13098830623795,581.0514930253062,0
2023-09-27,SKU_004,487.32257523566744,441.4407478560557,528.2639657978378,0
2023-09-28,SKU_004,492.6980014181425,447.33856547383215,534.1330964983489,0
2023-09-29,SKU_004,540.1162591392198,496.7519327835148,584.2287053960775,0
2023-09-30,SKU_004,602.4645467612149,559.1277296264321,643.7629243225592,0
2023-10-01,SKU_004,635.3353924795133,594.2020409472625,674.738950874675,0
2023-10-02,SKU_004,608.7449970416903,568.3346472142579,647.8421547725762,0
2023-10-03,SKU_004,551.7958480148664,508.3629916543277,592.534919208677,0
2023-10-04,SKU_004,497.88243916394276,455.6091941950392,538.7752778345005,0
2023-10-05,SKU_004,502.30224463846474,458.8169617474755,545.1664077807094,0
2023-10-06,SKU_004,548.7140512506363,506.8117006648905,593.818517701994,0
2023-10-07,SKU_004,610.0309514746958,566.9064179693517,653.2075466108597,0
2023-10-08,SKU_004,641.8724197163441,598.7973829587295,686.8237643547147,0
2023-10-09,SKU_004,614.2818485952107,570.9553151134924,658.0419925395737,0
2023-10-10,SKU_004,556.3883599414803,511.46249190365774,598.6441825766926,0
2023-10-11,SKU_004,501.6117015796352,457.03715517521925,543.9997457622464,0
2023-10-12,SKU_004,505.2724502111117,465.672029816659,549.1726326665739,0
2023-10-13,SKU_004,551.049623612305,506.98463181296194,591.3812544573542,0
2023-10-14,SKU_004,611.873031203046,568.1920251690284,657.6749215203015,0
2023-10-15,SKU_004,643.3748051706765,598.7101617703878,685.7385913285988,0
2023-10-16,SKU_004,615.6065104881723,571.4325740800429,661.4221604217823,0
2023-10-17,SKU_004,557.7006389456026,515.630444508437,599.9995523041707,0
2023-10-18,SKU_004,503.07535494073113,462.48017218781973,545.1127979329641,0
2023-10-19,SKU_004,507.04467287049806,467.58953438652776,551.8903430286114,0
2023-10-20,SKU_004,553.2761946053562,510.9959143398228,593.9691126678064,0
2023-10-21,SKU_004,614.6837291720263,571.0524250394149,660.0503994434553,0
2023-10-22,SKU_004,646.8792303631494,605.2712304984865,689.7172000018613,0
2023-10-23,SKU_004,619.8904401039654,578.9713609073741,662.7271397468301,0
2023-10-24,SKU_004,562.8230284438696,518.9156811997008,606.2709911261622,0
2023-10-25,SKU_004,509.06608028662555,466.9677609106211,554.5306299523601,0
2023-10-26,SKU_004,513.9030882054244,467.66497153261054,557.741335688881,0
2023-10-27,SKU_004,560.9705570232254,519.7177335328928,606.0298243010745,0
2023-10-28,SKU_004,623.151517823417,581.1135303139329,664.4842568674462,0
2023-10-29,SKU_004,656.0283616927211,613.8147184118118,698.1991909761513,0
2023-10-30,SKU_004,629.6013553638829,586.5323010030396,672.5718683654678,0
2023-10-31,SKU_004,572.9516044675034,530.9947660739086,614.6704129721116,0
2023-11-01,SKU_004,519.4472881480026,480.115582148703,559.9911417216783,0
2023-11-02,SKU_004,524.3553144545635,482.3009644457524,566.2247040272312,0
2023-11-03,SKU_004,571.300458530159,530.1617601207829,617.8706289519907,0
2023-11-04,SKU_004,633.1592890906003,591.5463205943214,674.6227831095966,0
2023-11-05,SKU_004,665.5132686549655,624.606431781384,708.598603210108,0
2023-11-06,SKU_004,638.367383342156,594.9744284645174,677.0898631404682,0
2023-11-07,SKU_004,580.813063421724,537.8710640093972,625.3537032943618,0
2023-11-08,SKU_004,526.2342206744606,486.8391905738121,569.2631960681582,0
2023-11-09,SKU_004,529.9185441700372,486.0473465557165,570.8491286448212,0
2023-11-10,SKU_004,575.5161492892163,531.7259665842532,620.1984457108872,0
2023-11-11,SKU_004,635.9328739944602,593.0312710469868,679.6843161066685,0
2023-11-12,SKU_004,666.7826363509633,624.4318410314513,709.1265832956826,0
2023-11-13,SKU_004,638.1052264361276,596.5009682483949,678.6601045239785,0
2023-11-14,SKU_004,579.0283163177679,539.1914575644576,617.7481314315805,0
2023-11-15,SKU_004,522.9725387740282,480.81899998664676,565.4232796234778,0
2023-11-16,SKU_004,525.2618024210698,480.74510922270764,568.1015748333185,0
2023-11-17,SKU_004,569.5809648471657,525.0163991304095,609.6227754250044,0
2023-11-18,SKU_004,628.8681844955786,586.1987289579682,669.3019973329251,0
2023-11-19,SKU_004,658.7663912461255,612.6241331026258,703.3935178063732,0
2023-11-20,SKU_004,629.3402732854054,587.8834490603248,669.2660853810048,0
2023-11-21,SKU_004,569.7375861858278,523.9090863712286,613.322677799639,0
2023-11-22,SKU_004,513.3936543028151,470.7521310347157,558.7921526900506,0
2023-11-23,SKU_004,515.6412482226822,472.45152639594585,561.9241075503876,0
2023-11-24,SKU_004,560.1676306820515,518.8842498285188,606.2700171489585,0
2023-11-25,SKU_004,619.9078070035102,577.9667067647702,662.0184888044437,0
2023-11-26,SKU_004,650.4950093316828,610.1667262297049,691.2327302485794,0
2023-11-27,SKU_004,621.9782259094941,578.037704985739,668.3404096383666,0
2023-11-28,SKU_004,563.4838689139681,521.9272371654964,605.3153491097573,0
2023-11-29,SKU_004,508.4207828938356,468.5971931670312,551.3506373839922,0
2023-11-30,SKU_004,512.0907640079041,470.446262292191,556.3807015250055,0
2023-12-01,SKU_004,558.1467067260506,515.3391123570342,600.0971740162703,0
2023-12-02,SKU_004,619.4856864907259,578.9830838947349,662.387938578481,0
2023-12-03,SKU_004,651.7013990691573,608.7817122734901,692.1020034916813,0
2023-12-04,SKU_004,624.8023285325804,584.1987228540661,668.4777961227713,0
2023-12-05,SKU_004,567.8744184332622,524.8216949200666,613.9092356853406,0
2023-12-06,SKU_004,514.2870800919552,472.87594098892447,556.8818022231749,0
2023-12-07,SKU_004,519.3046817311297,474.3865336553212,561.4292099610082,0
2023-12-08,SKU_004,566.545609591728,525.5124056021385,610.0143341853822,0
2023-12-09,SKU_004,628.876185655967,585.9451689769213,670.3554795412585,0
2023-12-10,SKU_004,661.8638411295867,618.8682744222383,706.8887613509233,0
2023-12-11,SKU_004,635.4958989255699,593.9470720588753,678.7046434792107,0
2023-12-12,SKU_004,578.8427244083562,535.1325302350277,619.2297637841851,0
2023-12-13,SKU_004,525.2640667828612,481.90153786905825,568.6994674323008,0
2023-12-14,SKU_004,530.0207274112319,486.4910080616091,573.0059890118777,0
2023-12-15,SKU_004,576.7336429958593,530.9526803222552,621.2213109875186,0
2023-12-16,SKU_004,638.27766935454,594.8578787774588,681.0848573626163,0
2023-12-17,SKU_004,670.2344702903097,628.1146193210417,711.363521598152,0
2023-12-18,SKU_004,642.6048050926964,598.3791789091364,686.4825734928186,0
2023-12-19,SKU_004,584.4893325758493,541.5034733825677,627.0246725872602,0
2023-12-20,SKU_004,529.2760795455442,488.2802864447317,572.1032112935274,0
2023-12-21,SKU_004,532.2574203239913,490.17984243580185,577.4931452512037,0
2023-12-22,SKU_004,577.0883314006353,535.362523459438,618.6696559691514,0
2023-12-23,SKU_004,636.6792993253524,595.4007053348057,679.033694786479,0
2023-12-24,SKU_004,666.6483105996745,623.9358101260225,707.6466099630103,0
2023-12-25,SKU_004,637.0383107444901,595.4971952128175,681.713391279873,0
2023-12-26,SKU_004,576.9789290799177,535.0595778547462,619.2353977744208,0
2023-12-27,SKU_004,519.8913311380577,478.70157643499977,562.7213536750346,0
2023-12-28,SKU_004,521.0983756479426,476.87154018714415,563.9375587184077,0
2023-12-29,SKU_004,564.2822046562443,521.2544551084167,606.9464440755632,0
2023-12-30,SKU_004,622.3765919704198,579.5059030880888,663.8154329949275,0
2023-12-31,SKU_004,651.0184916119645,607.4022412373616,691.4765384887144,0
2024-01-01,SKU_004,620.265182816612,579.303245749994,664.4323061395693,0
2024-01-02,SKU_004,559.2558137034891,513.3472920256432,600.310661338726,0
2024-01-03,SKU_004,501.4162072178064,460.337789847018,546.6751937252495,0
2024-01-04,SKU_004,502.06910410542474,459.2279900566837,545.1757125178082,0
2024-01-05,SKU_004,544.8919655422618,499.03597500697504,587.4641244184954,0
2024-01-06,SKU_004,602.8096511469054,559.5757440077875,646.868625995031,0
2024-01-07,SKU_004,631.446401411816,589.334952818105,672.887538113922,0
2024-01-08,SKU_004,600.8435056843955,556.9028417983615,643.0307456251518,0
2024-01-09,SKU_004,540.1214401332901,497.31457554862595,582.5014105863161,0
2024-01-10,SKU_004,482.6786416220408,438.22107002457426,524.4945241172761,0
2024-01-11,SKU_004,483.8224632755412,440.5561591127439,528.7331453784698,0
2024-01-12,SKU_004,527.2076303769969,484.07756304201166,570.3184455685977,0
2024-01-13,SKU_004,585.736274557073,542.8274703528052,626.3191224696789,0
2024-01-14,SKU_004,615.0105637928605,570.9768136447219,654.7784750432897,0
2024-01-15,SKU_004,585.0509690222001,545.0011069428159,627.3398602552093,0
2024-01-16,SKU_004,524.958935101925,480.7577102156299,565.5175243082376,0
2024-01-17,SKU_004,468.1227860342988,425.08760047283886,511.89827075213367,0
2024-01-18,SKU_004,469.8290072184199,425.08415554480814,515.0964988576329,0
2024-01-19,SKU_004,513.7209980045474,469.50381335280593,556.4477582376954,0
2024-01-20,SKU_004,572.6925844001184,528.5671368071451,612.700602851564,0
2024-01-21,SKU_004,602.340699309284,561.2879906273569,646.8098681711494,0
2024-01-22,SKU_004,572.6835945815587,526.0637681322684,614.8277330620415,0
2024-01-23,SKU_004,512.8233576900966,470.6758199141202,554.104412617458,0
2024-01-24,SKU_004,456.15157116783655,410.80595719708043,496.7016581437362,0
2024-01-25,SKU_004,457.96026856978824,416.01739088877923,500.8622777141471,0
2024-01-26,SKU_004,501.9002936725634,458.27504436450573,546.8260967037685,0
2024-01-27,SKU_004,560.8743681560449,518.0061016813571,605.3972882705225,0
2024-01-28,SKU_004,590.4892919826109,547.720501317718,634.2884919870463,0
2024-01-29,SKU_004,560.7736584824854,519.1114498017547,601.6514284006228,0
2024-01-30,SKU_004,500.8398749854612,456.4914105861496,542.3335267063829,0
2024-01-31,SKU_004,444.0893448761187,403.3329605607317,488.00779584034336,0
2024-02-01,SKU_004,445.8229817240412,404.82588363417443,489.03674657188236,0
2024-02-02,SKU_004,489.69632676007365,450.3454697814638,532.5967770050073,0
2024-02-03,SKU_004,548.6208431357026,504.44852388773097,592.2489606986354,0
2024-02-04,SKU_004,578.2073132048524,534.1346769091645,621.9696511765677,0
2024-02-05,SKU_004,548.4862386141555,505.9549169918902,588.260607310886,0
2024-02-06,SKU_004,488.5697850219701,447.4536733647136,528.2293500776293,0
2024-02-07,SKU_004,431.85698069625766,386.6630225249491,476.80829188005845,0
2024-02-08,SKU_004,433.64433888720555,390.3821495451958,472.73090424083944,0
2024-02-09,SKU_004,477.58402221333785,435.309294617794,521.481085971418,0
2024-02-10,SKU_004,536.576860893276,491.3868542823737,579.0028495786047,0
2024-02-11,SKU_004,566.2246504563728,526.072813436678,608.0299914708713,0
2024-02-12,SKU_004,536.5481071588531,495.57292695614376,582.1401355925124,0
2024-02-13,SKU_004,476.64926309627367,433.3706680451237,518.2473772302558,0
2024-02-14,SKU_004,419.91714325807607,375.10738513243376,464.1432078253451,0
2024-02-15,SKU_004,421.638877221372,382.62967408300096,464.68014301755994,0
2024-02-16,SKU_004,465.45834596618926,422.177056029519,507.71036918304975,0
2024-02-17,SKU_004,524.269657910403,482.0411573069458,566.4680405488598,0
2024-02-18,SKU_004,553.6698626697734,509.94252683684346,597.2201278214021,0
2024-02-19,SKU_004,523.6772648067407,481.5540114657813,567.5283691954459,0
2024-02-20,SKU_004,463.39410531068893,424.1623876683488,506.4892981702089,0
2024-02-21,SKU_004,406.2124409769119,363.6922490432458,448.13354379900653,0
2024-02-22,SKU_004,407.4253649153166,364.264794321586,448.489109349615,0
2024-02-23,SKU_004,450.68566213751535,406.30725100631867,495.0385606750742,0
2024-02-24,SKU_004,508.8991909694618,466.11456452107814,552.5267728023938,0
2024-02-25,SKU_004,537.6773987835138,491.90828630273296,581.4410749409602,0
2024-02-26,SKU_004,507.0553262674061,465.0828599271974,550.2658260638156,0
2024-02-27,SKU_004,446.1539316828205,403.18009952601443,490.1373605250606,0
2024-02-28,SKU_004,388.3854610645506,344.0133171413779,431.031500298133,0
2024-02-29,SKU_004,389.0641343688002,344.6013801283238,432.91249453504355,0
2024-03-01,SKU_004,431.86419975654616,390.29319774176525,475.3087734815774,0
2024-03-02,SKU_004,489.7126755147461,447.42817802645874,531.9592513820743,0
2024-03-03,SKU_004,518.2412070556344,475.33564373191274,564.3374039136829,0
2024-03-04,SKU_004,487.5034245800197,443.369045317832,527.3517823697135,0
2024-03-05,SKU_004,426.6365962190848,384.82315185925154,470.9283068266656,0
2024-03-06,SKU_004,369.0664368539515,323.7810937612826,412.98465587674707,0
2024-03-07,SKU_004,370.1172479359484,324.6013816742509,415.03951142385665,0
2024-03-08,SKU_004,413.4695154779322,370.631022359411,457.2498555083954,0
2024-03-09,SKU_004,472.0522902725142,431.5472661682946,515.6899116381281,0
2024-03-10,SKU_004,501.4947912372003,456.0752285193873,542.5250123462735,0
2024-03-11,SKU_004,471.8436279835073,427.940001281534,517.7351127034566,0
2024-03-12,SKU_004,412.224444626904,370.0099673545534,454.326376176612,0
2024-03-13,SKU_004,356.04684866405375,311.3020343950048,397.4697394193798,0
2024-03-14,SKU_004,358.6148001309349,313.9369425506882,402.86472327711357,0
2024-03-15,SKU_004,403.58458431197914,358.1482466565282,444.64389059164733,0
2024-03-16,SKU_004,463.8576844268782,420.64310134796534,506.16606587026314,0
2024-03-17,SKU_004,495.03298399983987,452.07330760518613,538.9167094252414,0
2024-03-18,SKU_004,467.1246805369737,425.56840608526886,510.29284272780154,0
2024-03-19,SKU_004,409.22469514569326,365.2109342016061,453.73508042773017,0
2024-03-20,SKU_004,354.7084221317926,311.75257045311076,391.29911947391537,0
2024-03-21,SKU_004,358.8459718996221,315.97397918262095,402.69543815773636,0
2024-03-22,SKU_004,405.2610077508257,361.35795714188305,445.93298181406686,0
2024-03-23,SKU_004,466.8244690037808,424.1994974393911,509.9460807464361,0
2024-03-24,SKU_004,499.10758667560674,453.85095394067014,543.1342536246519,0
2024-03-25,SKU_004,472.1005503832252,429.9932713852258,514.4681235632165,0
2024-03-26,SKU_004,414.8755895328055,370.1322061577455,457.3145856082948,0
2024-03-27,SKU_004,360.793293229814,319.71933507965184,403.5942102033818,0
2024-03-28,SKU_004,365.1143054180506,325.03331164957297,409.93286535999675,0
2024-03-29,SKU_004,411.45848158800123,367.04840914681887,454.66815063094685,0
2024-03-30,SKU_004,472.6987894264711,428.70192664911974,518.6475500907803,0
2024-03-31,SKU_004,504.4143529115757,456.58856014123165,543.516860175218,0
2024-04-01,SKU_004,476.6089960388877,434.43970146742726,520.1675185791702,0
2024-04-02,SKU_004,418.3740509004518,379.7919618078933,460.7427315903926,0
2024-04-03,SKU_004,363.09426035007215,321.33848774645946,406.4241908476941,0
2024-04-04,SKU_004,366.0589215796424,320.7705775171032,409.34916388616153,0
2024-04-05,SKU_004,410.92037053327476,365.7864714763245,455.614650514754,0
2024-04-06,SKU_004,470.5871065315952,426.9056405271694,513.3963833145825,0
2024-04-07,SKU_004,500.6759765710692,458.87685625167916,541.585813261128,0
2024-04-08,SKU_004,471.2297978644081,424.0603965816601,510.0910114973055,0
2024-04-09,SKU_004,411.37920753232544,371.0755985502275,454.6715780936774,0
2024-04-10,SKU_004,354.5475950104788,310.0127118531192,398.5773106744622,0
2024-04-11,SKU_004,356.06128926836334,311.145059033969,395.02449853857263,0
2024-04-12,SKU_004,399.60712626823357,357.3249776151308,441.51482337515375,0
2024-04-13,SKU_004,458.12472053151635,412.1591140214048,499.14337398939466,0
2024-04-14,SKU_004,487.2578831506012,444.30541344764623,531.8921404833098,0
2024-04-15,SKU_004,457.0715853151196,413.2961354065668,500.65124050573377,0
2024-04-16,SKU_004,396.71327391752794,355.47888735156147,444.73633245746817,0
2024-04-17,SKU_004,339.61740906255386,293.94284762135885,382.35601285642747,0
2024-04-18,SKU_004,341.11540605727635,298.0951538298598,384.02068453577954,0
2024-04-19,SKU_004,384.8931136940445,344.1539476749709,428.5936396646532,0
2024-04-20,SKU_004,443.88315485375415,400.01562375231487,487.496068973215,0
2024-04-21,SKU_004,473.71656954235743,435.34844217133457,515.925366205959,0
2024-04-22,SKU_004,444.44015301571716,404.02438952074147,485.8751860655714,0
2024-04-23,SKU_004,385.1782850111919,343.410295914683,426.457183162203,0
2024-04-24,SKU_004,329.33810560570953,286.88228472257305,370.37122909719506,0
2024-04-25,SKU_004,332.2202025769003,288.66913862877885,375.10712874115166,0
2024-04-26,SKU_004,377.4769215100911,334.51570965114115,421.19385950580255,0
2024-04-27,SKU_004,438.00560179436474,394.3274203747534,482.53852398461464,0
2024-04-28,SKU_004,469.4011540820763,426.0724948873136,513.9943462716526,0
2024-04-29,SKU_004,441.6743463504746,398.4026763170297,485.1452851210858,0
2024-04-30,SKU_004,383.9145688233493,343.79471324088314,426.60728900186785,0
2024-05-01,SKU_004,329.495907962748,286.7482988943741,373.3068726044175,0
2024-05-02,SKU_004,333.6886702822875,288.3364670811597,377.84341743021344,0
2024-05-03,SKU_004,380.11844493762123,338.16499035569694,420.99641677175725,0
2024-05-04,SKU_004,441.6599884132228,396.8918329210399,483.2734655551131,0
2024-05-05,SKU_004,473.8903300633131,431.40195950917325,518.1447974143566,0
2024-05-06,SKU_004,446.8074522839022,401.2313298901169,488.28235037061074,0
2024-05-07,SKU_004,389.4933061033567,346.3446893177633,431.7625440161991,0
2024-05-08,SKU_004,335.31998683915583,290.9490111221864,378.0286504726289,0
2024-05-09,SKU_004,339.56120943450196,299.43112195938653,381.7315081273899,0
2024-05-10,SKU_004,385.8511753467282,343.6675157848607,428.1575274372154,0
2024-05-11,SKU_004,447.07812138978863,407.2206218988104,488.67285451936306,0
2024-05-12,SKU_004,478.83696024989075,434.4250616739157,521.1014404539887,0
2024-05-13,SKU_004,451.14738096339164,410.87459426908987,497.958590316239,0
2024-05-14,SKU_004,393.11618770024415,353.010401587052,435.28956041877035,0
2024-05-15,SKU_004,338.14272181489,293.5130935825543,381.700096695593,0
2024-05-16,SKU_004,341.5295288522989,300.5333599844262,384.17688098816967,0
2024-05-17,SKU_004,386.940385979962,342.0294375097579,428.8729671197205,0
2024-05-18,SKU_004,447.2930044264369,405.8192587894982,487.984593546426,0
2024-05-19,SKU_004,478.2108408084705,433.8766857415764,520.4478520325157,0
2024-05-20,SKU_004,449.74040905629874,409.28375601568763,494.37702435619104,0
2024-05-21,SKU_004,391.0128933061593,348.89896926565643,434.5751732727769,0
2024-05-22,SKU_004,335.4489267186582,294.2857575891003,377.37144100244006,0
2024-05-23,SKU_004,338.3687153199638,293.8871827559377,381.01255447805744,0
2024-05-24,SKU_004,383.4496366739728,340.01654387882553,426.87862460604293,0
2024-05-25,SKU_004,443.61863884199744,400.93672806932886,490.05816588552307,0
2024-05-26,SKU_004,474.5038806290407,433.59159619789204,518.1122069070119,0
2024-05-27,SKU_004,446.152008027771,404.85108593948763,489.1392840118718,0
2024-05-28,SKU_004,387.6898664228592,345.6605419532953,429.4417427175348,0
2024-05-29,SKU_004,332.5295088015047,293.36014634345815,372.3176194574879,0
2024-05-30,SKU_004,335.9786704862184,294.9513225292921,378.15519647335265,0
2024-05-31,SKU_004,381.69882837220587,339.0476107057657,422.19445416611757,0
2024-06-01,SKU_004,442.59815487386754,399.46245485828985,485.4347653070737,0
2024-06-02,SKU_004,474.2837899296409,433.81852875387716,519.6831981920728,0
2024-06-03,SKU_004,446.7798061365401,402.1306171871912,485.21371448469426,0
2024-06-04,SKU_004,389.1896452612839,345.20041343112774,426.79020469610913,0
2024-06-05,SKU_004,334.9018641908124,295.44308804091736,380.047423087791,0
2024-06-06,SKU_004,339.2013385720149,296.926541233152,382.5576599133552,0
2024-06-07,SKU_004,385.72802008183214,345.29832298665144,428.2383176120696,0
2024-06-08,SKU_004,447.3705369552154,404.2615766829874,489.8849074892654,0
2024-06-09,SKU_004,479.719042024484,438.06698939487353,520.4496609277974,0
2024-06-10,SKU_004,452.7836666413401,410.5290979969884,495.09761866950885,0
2024-06-11,SKU_004,395.6573447836923,352.5895965693748,438.6031178420621,0
2024-06-12,SKU_004,341.721834640269,295.34301339072294,382.8035012689516,0
2024-06-13,SKU_004,346.25907862625957,300.060736213233,388.7738127119891,0
2024-06-14,SKU_004,392.90999414969264,350.5970025547864,433.62373588030823,0
2024-06-15,SKU_004,454.5679848846517,411.9700939066702,499.3234308613074,0
2024-06-16,SKU_004,486.831580673647,443.41625325776926,529.7565629936266,0
2024-06-17,SKU_004,459.7225718777784,418.2259771895594,504.8024860871626,0
2024-06-18,SKU_004,402.3484132856115,360.239279071118,445.47800595558033,0
2024-06-19,SKU_004,348.10773866743546,306.2333125174904,390.72646134581237,0
2024-06-20,SKU_004,352.30114330134694,312.0621797811181,396.3809136799805,0
2024-06-21,SKU_004,398.5893452119187,355.25421339600587,440.86587126489763,0
2024-06-22,SKU_004,459.88603482506545,415.928371022986,503.1219056063688,0
2024-06-23,SKU_004,491.80984189959986,447.00321217663594,532.6613228331643,0
2024-06-24,SKU_004,464.4018066548614,417.98087518096816,507.3246452674165,0
2024-06-25,SKU_004,406.78715082122176,363.2502753379906,447.9953993220016,0
2024-06-26,SKU_004,352.3802093282435,312.691924558775,395.32851220562475,0
2024-06-27,SKU_004,356.4946979636806,314.4274600402144,397.4943001936198,0
2024-06-28,SKU_004,402.8014435990385,358.0530062760089,441.9753411294688,0
2024-06-29,SKU_004,464.2208998675218,423.6304048997851,506.05221315353987,0
2024-06-30,SKU_004,496.374887403581,454.210185883884,540.4630727227526,0
2024-07-01,SKU_004,469.3039523541861,425.7468365487343,513.1234417500402,0
2024-07-02,SKU_004,412.129142240632,368.3613081842722,455.6782309452812,0
2024-07-03,SKU_004,358.2570595802711,314.53650020898345,400.0285059375845,0
2024-07-04,SKU_004,362.99036468211733,318.4849502312445,403.24719508817066,0
2024-07-05,SKU_004,409.98584682375144,365.2007208301851,451.51484523295835,0
2024-07-06,SKU_004,472.1473760442352,428.15838413413616,516.4409363475686,0
2024-07-07,SKU_004,505.07816109499765,465.38146084281,548.1162069445202,0
2024-07-08,SKU_004,478.7986911795986,437.4411643904712,520.0646434212273,0
2024-07-09,SKU_004,422.40914248149426,381.0700918754511,468.97616256101895,0
2024-07-10,SKU_004,369.2950903331468,330.80285893397917,410.9076100796311,0
2024-07-11,SKU_004,374.73867804176723,333.47329151052793,417.8112408378283,0
2024-07-12,SKU_004,422.3773409198328,379.4449729698611,465.56689434593295,0
2024-07-13,SKU_004,485.0973775077096,444.02280616123767,525.8097249451405,0
2024-07-14,SKU_004,518.4867742691912,474.9316526587369,560.8715539924932,0
2024-07-15,SKU_004,492.55364381874165,448.91680830447257,535.9679006472539,0
2024-07-16,SKU_004,436.3890417781309,390.7964180654611,479.9422265609947,0
2024-07-17,SKU_004,383.3729909434994,342.37891382187354,425.12073521585467,0
2024-07-18,SKU_004,388.7858531222098,344.0054575778572,432.707726642944,0
2024-07-19,SKU_004,436.2671409516313,391.71824655197435,475.0313181599973,0
2024-07-20,SKU_004,498.7090585113565,454.66354915335864,541.8946576959006,0
2024-07-21,SKU_004,531.7091775247947,489.07010469383084,576.3366091760006,0
2024-07-22,SKU_004,505.2886132416481,462.2795290160179,547.5271945805364,0
2024-07-23,SKU_004,448.5544730559504,408.67185812869315,490.4270114819389,0
2024-07-24,SKU_004,394.90541664253675,350.8530225812246,437.60475258688484,0
2024-07-25,SKU_004,399.64248247981254,355.96026234363774,440.75396623122964,0
2024-07-26,SKU_004,446.4272889889159,403.34446969603255,489.32282381468974,0
2024-07-27,SKU_004,508.1749174902985,464.4182663756337,547.86540133942,0
2024-07-28,SKU_004,540.505903566696,502.54993329458716,581.4247448421056,0
2024-07-29,SKU_004,513.4637215986434,467.29320904684494,554.4859012241124,0
2024-07-30,SKU_004,456.1765564594743,413.9565225677686,497.0484445193365,0
2024-07-31,SKU_004,402.06222171063706,359.1326235533327,444.43531141884205,0
2024-08-01,SKU_004,406.43839872621766,366.01156439996515,450.49330287288063,0
2024-08-02,SKU_004,452.9803229481772,414.4022315892758,497.42240157172023,0
2024-08-03,SKU_004,514.6132403106822,473.6031818994767,556.6070569398565,0
2024-08-04,SKU_004,546.9640736342745,502.89828575927197,590.1610840214563,0
2024-08-05,SKU_004,520.0786939578107,482.49663479101645,561.091900855707,0
2024-08-06,SKU_004,463.08359764173963,418.4040953797772,506.37355305026193,0
2024-08-07,SKU_004,409.39085174116695,369.190339601305,453.59481983507504,0
2024-08-08,SKU_004,414.3084824614833,373.7167345583008,457.062326953084,0
2024-08-09,SKU_004,461.498427388143,420.19509254630134,501.9930546766561,0
2024-08-10,SKU_004,523.8693684485022,481.0380603495803,565.2681120688108,0
2024-08-11,SKU_004,557.0288737656368,515.6161680191263,599.0251525844558,0
2024-08-12,SKU_004,531.0012296066257,487.4353349422829,569.3420377883785,0
2024-08-13,SKU_004,474.8897467468478,430.5168149706689,516.7547363203175,0
2024-08-14,SKU_004,422.0823852747016,378.6406110122822,464.87953866057836,0
2024-08-15,SKU_004,427.86285171807447,383.86019232009056,467.45269331967467,0
2024-08-16,SKU_004,475.8692695310178,429.23599339879235,519.8951329036423,0
2024-08-17,SKU_004,538.9877169455399,497.32991681677925,581.756106217332,0
2024-08-18,SKU_004,572.8050399396953,529.5352526889427,616.4150873822356,0
2024-08-19,SKU_004,547.3273011806315,505.8910174549681,591.7271149052799,0
2024-08-20,SKU_004,491.64263062810716,448.3514583814718,531.9177377537283,0
2024-08-21,SKU_004,439.1273053115317,397.7687937900985,486.12371478333966,0
2024-08-22,SKU_004,445.0571982763387,403.2418919703902,486.3105112862554,0
2024-08-23,SKU_004,493.06668690105556,448.2782711323835,536.8513812527781,0
2024-08-24,SKU_004,556.0423071355459,510.8378016768167,598.9561045508367,0
2024-08-25,SKU_004,589.5755575749515,545.9348847052124,633.0574763391844,0
2024-08-26,SKU_004,563.6812141263855,522.8035195612842,609.5244396323533,0
2024-08-27,SKU_004,507.45992462061696,465.5850832337203,551.5211690132392,0
2024-08-28,SKU_004,454.3039181908197,411.1080223684643,499.2079566135602,0
2024-08-29,SKU_004,459.507980184837,415.15223566530545,500.42491631113813,0
2024-08-30,SKU_004,506.7277967167454,464.64097301879974,549.3504999780816,0
2024-08-31,SKU_004,568.8729720425249,525.6915232681566,610.1575425403544,0
2024-09-01,SKU_004,601.5591415586628,556.0247977555779,644.9276300063763,0
2024-09-02,SKU_004,574.8255617421352,533.9772114902211,620.8144624152771,0
2024-09-03,SKU_004,517.7969680279477,474.0108159666908,559.9278530851378,0
2024-09-04,SKU_004,463.8885575197515,420.9481923235079,506.9162679568958,0
2024-09-05,SKU_004,468.4162691466264,427.49543272554286,511.9757732617683,0
2024-09-06,SKU_004,515.0544863420887,474.6835340411133,558.4168010325168,0
2024-09-07,SKU_004,576.7284848833416,531.9394020156433,620.8046145652412,0
2024-09-08,SKU_004,609.0660660542583,566.5303072257279,653.8022375117063,0
2024-09-09,SKU_004,582.11477118629,538.1987447133955,625.7955460942393,0
2024-09-10,SKU_004,525.0034802365984,481.01514120449735,565.2856681031939,0
2024-09-11,SKU_004,471.1472595352311,431.23479398316147,513.5193456721285,0
2024-09-12,SKU_004,475.85763584696565,434.1049548206678,518.2865064670297,0
2024-09-13,SKU_004,522.8004225289974,479.82255749940606,565.5557741807042,0
2024-09-14,SKU_004,584.8884172393141,544.2177976968875,629.1415356256872,0
2024-09-15,SKU_004,617.7334043827751,576.3333921285346,658.1477392676401,0
2024-09-16,SKU_004,591.3638477661941,548.8973115866627,634.5828683319047,0
2024-09-17,SKU_004,534.8870622339639,493.4413829670026,579.921488755331,0
2024-09-18,SKU_004,481.6947126233625,441.35366089729587,526.5426364764014,0
2024-09-19,SKU_004,487.0737979762592,445.04466737792256,526.4674684600006,0
2024-09-20,SKU_004,534.6652257238718,491.2154454387525,575.1996785404308,0
2024-09-21,SKU_004,597.3572730013329,558.7199414270154,638.8617550184731,0
2024-09-22,SKU_004,630.7383453964833,584.8628297778995,673.3719155255914,0
2024-09-23,SKU_004,604.8153958362207,563.694051879374,645.9772567712354,0
2024-09-24,SKU_004,548.6767703752998,503.00475807931355,590.7321747498141,0
2024-09-25,SKU_004,495.6983086713817,452.7455853741859,538.8005155005397,0
2024-09-26,SKU_004,501.1548385732883,458.26096854736676,544.7025566341049,0
2024-09-27,SKU_004,548.6791536507956,507.0979276730205,591.3770405362727,0
2024-09-28,SKU_004,611.1557580260392,568.1337109322998,654.4520581616445,0
2024-09-29,SKU_004,644.1737795182473,601.0667055032632,686.2476855638146,0
2024-09-30,SKU_004,617.7454082946457,572.674590969317,659.8122825103832,0
2024-10-01,SKU_004,560.9686262577387,519.7430078483178,604.825459681211,0
2024-10-02,SKU_004,507.23305745405384,466.3631633115746,550.326836982049,0
2024-10-03,SKU_004,511.83108542733436,468.13405767316624,555.2096758131802,0
2024-10-04,SKU_004,558.4163366422449,513.6145355323806,600.1095364989945,0
2024-10-05,SKU_004,619.8968281892212,577.9308545387585,663.14133065726,0
2024-10-06,SKU_004,651.887197762215,609.3436395164208,695.7138960996575,0
2024-10-07,SKU_004,624.4263927528739,582.8558584469206,664.5423772904019,0
2024-10-08,SKU_004,566.6396054369735,523.3085533148345,610.5655973710478,0
2024-10-09,SKU_004,511.94330775544336,469.556329959339,553.7377206298863,0
2024-10-10,SKU_004,515.6555556255505,473.77971619671723,561.1010072008427,0
2024-10-11,SKU_004,561.453686016319,520.702967774293,605.3890637802007,0
2024-10-12,SKU_004,622.2667284943273,580.9402157784548,665.105647576985,0
2024-10-13,SKU_004,653.7269714243207,613.0500182699458,696.1734820098523,0
2024-10-14,SKU_004,625.8870798915851,582.2321514723373,667.1060492311202,0
2024-10-15,SKU_004,567.8815699920157,525.8358570345252,609.8417927400316,0
2024-10-16,SKU_004,513.1315075477885,468.3161143682488,555.9504354821992,0
2024-10-17,SKU_004,516.9546122103296,478.53903108358764,558.9761780440356,0
2024-10-18,SKU_004,563.0228973204956,520.683378716878,604.5682049426554,0
2024-10-19,SKU_004,624.2551702495169,582.9816676496392,668.364191796747,0
2024-10-20,SKU_004,656.2688321999178,612.0735183476995,701.3129751651629,0
2024-10-21,SKU_004,629.0973691004069,587.8262049733938,672.1565327267405,0
2024-10-22,SKU_004,571.8523287262431,530.5874005628702,610.983716437164,0
2024-10-23,SKU_004,517.9286387482994,475.40912838030675,561.3566346425488,0
2024-10-24,SKU_004,522.6154298524198,481.79629455448173,565.9329768395158,0
2024-10-25,SKU_004,569.5544744580257,528.7333963086812,611.7049478207516,0
2024-10-26,SKU_004,631.633543485116,588.9861221554048,673.3026159337558,0
2024-10-27,SKU_004,664.4390960358178,621.4069946760826,708.0205360221821,0
2024-10-28,SKU_004,637.9746683795861,595.3649527945205,679.7070255917437,0
2024-10-29,SKU_004,581.3237317038358,534.40017768371,623.787388440802,0
2024-10-30,SKU_004,527.8558479834531,485.9795070303913,571.1678755778189,0
2024-10-31,SKU_004,532.8382637924462,490.9308115183234,574.0499712067619,0
2024-11-01,SKU_004,579.8950300260653,534.8131958389997,622.2919447328885,0
2024-11-02,SKU_004,641.9009298090607,598.1820775806541,680.9687429362077,0
2024-11-03,SKU_004,674.4346122757631,629.593215608337,716.6413349626173,0
2024-11-04,SKU_004,647.4972849143742,604.5667147686519,696.1289428255485,0
2024-11-05,SKU_004,590.1757241499023,546.0134883911179,627.8917906258125,0
2024-11-06,SKU_004,535.8484279107072,495.7555246161398,577.7776820968991,0
2024-11-07,SKU_004,539.7970487774624,498.3176541321803,581.2083705662512,0
2024-11-08,SKU_004,585.6651988775894,543.1750928974686,628.2014763853837,0
2024-11-09,SKU_004,646.3519163521652,604.7489765061042,690.838239632019,0
2024-11-10,SKU_004,677.464202783071,634.9865893263155,720.8491800235225,0
2024-11-11,SKU_004,649.0349998293747,606.0711961884856,696.0364074480459,0
2024-11-12,SKU_004,590.1853837050812,547.7272759014373,631.756777015886,0
2024-11-13,SKU_004,534.3298231086496,488.5566976842703,578.7220398729886,0
2024-11-14,SKU_004,536.7866633487977,494.7084065021977,581.0420548753348,0
2024-11-15,SKU_004,581.2359535978237,535.9583389757513,624.5606490974715,0
2024-11-16,SKU_004,640.6119337582606,599.6791191995592,685.3095955146596,0
2024-11-17,SKU_004,670.5546171503371,626.9554509663411,712.6052098515465,0
2024-11-18,SKU_004,641.1268634858286,598.3324364207606,683.5278913992818,0
2024-11-19,SKU_004,581.475745647387,537.6807182399981,621.1638479726612,0
2024-11-20,SKU_004,525.0370787425572,484.1662130072506,566.2066139226923,0
2024-11-21,SKU_004,527.1452943664834,484.0264385098552,566.5882760924019,0
2024-11-22,SKU_004,571.4907939602978,530.8702427709903,618.2926522953477,0
2024-11-23,SKU_004,631.0121109991242,586.8778403698556,672.4563090383293,0
2024-11-24,SKU_004,661.3473273875821,617.8919822123648,702.2677446715353,0
2024-11-25,SKU_004,632.551143367501,589.0059396016779,674.1629378729789,0
2024-11-26,SKU_004,573.756404829516,530.7858707210074,615.3707680125951,0
2024-11-27,SKU_004,518.3789524047802,476.7114065068139,560.9573503939047,0
2024-11-28,SKU_004,521.7279668135471,477.5965391631934,563.3660756931434,0
2024-11-29,SKU_004,567.4639318020822,525.8558914976434,608.6931838192193,0
2024-11-30,SKU_004,628.4915280807111,586.3679678843633,674.9859291973388,0
2024-12-01,SKU_004,660.4118840222184,618.0583837057674,701.6196994643032,0
2024-12-02,SKU_004,633.2405600744291,592.3354430043947,675.2292427057041,0
2024-12-03,SKU_004,576.0700462936261,534.1270669595659,618.9739854507851,0
2024-12-04,SKU_004,522.2756114705949,481.49833418357287,569.2586666201936,0
2024-12-05,SKU_004,527.1266517044191,485.5034938326885,571.617534784912,0
2024-12-06,SKU_004,574.2456331657686,533.2919331816216,618.3024990799316,0
2024-12-07,SKU_004,636.501916633426,597.4327833932444,680.4622429777928,0
2024-12-08,SKU_004,669.4648652170182,625.1811548998808,711.7328795359504,0
2024-12-09,SKU_004,643.1225900063314,602.3771992764192,686.763334642517,0
2024-12-10,SKU_004,586.5450935910799,547.4568438167335,631.4218263333211,0
2024-12-11,SKU_004,533.0906337217194,489.0396117111238,576.7036854614997,0
2024-12-12,SKU_004,538.0174424655708,493.9129176776311,574.9697287434827,0
2024-12-13,SKU_004,584.9428870986293,541.57538642916,626.0606829127721,0
2024-12-14,SKU_004,646.7373560529875,608.2606615517218,692.3247213138724,0
2024-12-15,SKU_004,678.9772713578926,633.2358976187777,720.0908489270628,0
2024-12-16,SKU_004,651.6635866153648,608.5558453804172,694.683655479298,0
2024-12-17,SKU_004,593.8845388618902,551.8580269167649,636.8983951568055,0
2024-12-18,SKU_004,539.0214888324201,494.45696342507057,581.3813991795831,0
2024-12-19,SKU_004,542.3600006856839,500.17597629596213,588.5680797026702,0
2024-12-20,SKU_004,587.5482661204721,544.4843885828135,630.8109946599409,0
2024-12-21,SKU_004,647.490177322786,606.6604829533181,691.9558925280952,0
2024-12-22,SKU_004,677.7974731151764,636.1480962735836,715.9283261960171,0
2024-12-23,SKU_004,648.5073414240426,604.5037098972733,691.1479496603137,0
2024-12-24,SKU_004,588.7442709595357,546.7723765504754,628.8177924781166,0
2024-12-25,SKU_004,531.9250109113967,487.5966805616759,575.5125114578415,0
2024-12-26,SKU_004,533.368813094093,488.9642384632928,580.2944540934914,0
2024-12-27,SKU_004,576.7550832659055,533.6733956374513,620.8648516225569,0
2024-12-28,SKU_004,635.0157656825648,591.7732553920306,677.3672645415918,0
2024-12-29,SKU_004,663.7869021825022,624.6851898202416,703.8688583516605,0
2024-12-30,SKU_004,633.1257626902404,590.4793897213224,672.9580417494966,0
2024-12-31,SKU_004,572.1723503141209,529.9045123835571,617.2532651006269,1
2025-01-01,SKU_004,514.3541463801538,475.1717814416489,555.5025343941743,1
2025-01-02,SKU_004,514.9962725013033,471.0763545539492,554.996800798557,1
2025-01-03,SKU_004,557.7791951859576,512.2253072264406,602.9718046038188,1
2025-01-04,SKU_004,615.6312920236877,572.5610978658173,662.3011976673281,1
2025-01-05,SKU_004,644.1807121422721,602.8786120071751,685.6057648519927,1
2025-01-06,SKU_004,613.4729159334948,568.86225864639,656.9303284918886,1
2025-01-07,SKU_004,552.6326824568106,511.1214180050712,597.3107988354753,1
2025-01-08,SKU_004,495.06943270432544,451.3840628030287,532.9202121810445,1
2025-01-09,SKU_004,496.08802680603463,454.1799698666117,536.7149255786675,1
2025-01-10,SKU_004,539.347140417385,498.6668399668755,581.3370443305283,1
2025-01-11,SKU_004,597.7525184240319,553.3880351112196,638.8733340318398,1
2025-01-12,SKU_004,626.9095177653737,585.454897368279,669.750439722242,1
2025-01-13,SKU_004,596.8413041143474,558.2138931936029,637.9241977485198,1
2023-01-01,SKU_005,532.5499246585041,489.614208003069,572.8534695001813,0
2023-01-02,SKU_005,510.73802114640273,468.4140030316137,549.594822936221,0
2023-01-03,SKU_005,456.61750760785714,413.8917800264352,495.60645556362476,0
2023-01-04,SKU_005,413.04260078297966,372.32755412005514,449.718924003322,0
2023-01-05,SKU_005,412.5809966574516,374.0555419139705,451.5621333524348,0
2023-01-06,SKU_005,450.62471570718435,414.9898222586525,492.894501141913,0
2023-01-07,SKU_005,501.90214221104554,460.5023182900947,542.6132535321453,0
2023-01-08,SKU_005,525.6150607006838,485.9929334573849,564.722041538932,0
2023-01-09,SKU_005,503.3650946798171,465.7414954336245,544.7679066052465,0
2023-01-10,SKU_005,448.74134684755603,408.70983656089305,485.53630065848245,0
2023-01-11,SKU_005,404.6084502909955,366.9734874782523,445.7704921191851,0
2023-01-12,SKU_005,403.5466682291386,366.01643597005904,442.06996024127824,0
2023-01-13,SKU_005,440.96235297360136,399.2277605619189,478.9947481910013,0
2023-01-14,SKU_005,491.5995451368876,454.4007083177105,533.3128050827785,0
2023-01-15,SKU_005,514.6765295881448,473.76086066687975,553.4643927661273,0
2023-01-16,SKU_005,491.81176784364595,453.4636845166425,532.982986442017,0
2023-01-17,SKU_005,436.61102134797227,397.05382640196746,474.87663765180775,0
2023-01-18,SKU_005,391.9548905779808,352.22453006861474,431.64704350269767,0
2023-01-19,SKU_005,390.4384227933693,350.5850905088683,428.83562138501657,0
2023-01-20,SKU_005,427.4811136844088,385.92092531355377,465.5225873743272,0
2023-01-21,SKU_005,477.83809744468425,438.5976569877847,516.9126275593756,0
2023-01-22,SKU_005,500.73635380299595,461.7727800321756,538.2243760694604,0
2023-01-23,SKU_005,477.800361918049,436.8252268482741,515.2760822638238,0
2023-01-24,SKU_005,422.6390237102755,383.2091283493383,459.9693972027904,0
2023-01-25,SKU_005,378.1330874075062,340.83460896656254,417.47707948547674,0
2023-01-26,SKU_005,376.8747271587187,337.5274093033756,413.7965949832299,0
2023-01-27,SKU_005,414.27760525365164,372.6383490803875,452.0781757893298,0
2023-01-28,SKU_005,465.0882090791565,424.36170865812215,503.63497369266605,0
2023-01-29,SKU_005,488.52228726156306,447.51825415676626,528.9507151238953,0
2023-01-30,SKU_005,466.19080809981375,424.97735857960583,506.19484276420997,0
2023-01-31,SKU_005,411.68725395365874,371.5059320006245,447.3397355652458,0
2023-02-01,SKU_005,367.87547147762206,331.1458825585639,404.49948179705217,0
2023-02-02,SKU_005,367.32972142610777,328.0843231598049,405.29422823178453,0
2023-02-03,SKU_005,405.4452403714462,367.53945619842074,445.0734911046645,0
2023-02-04,SKU_005,456.9500925657473,417.7553211551854,494.5604744100835,0
2023-02-05,SKU_005,481.0421212523281,440.6761898628367,519.4911681441688,0
2023-02-06,SKU_005,459.31540775025263,421.3245340180326,500.41045928357505,0
2023-02-07,SKU_005,405.34803759363945,365.7785978614979,446.55297613723496,0
2023-02-08,SKU_005,361.9903801014129,322.32228155609954,402.4885760489507,0
2023-02-09,SKU_005,361.80551284159196,323.3484532418789,402.8139748544477,0
2023-02-10,SKU_005,400.1800926743519,362.2833393279491,437.4977469076637,0
2023-02-11,SKU_005,451.83644284835526,411.3513255770646,493.60011223405866,0
2023-02-12,SKU_005,475.96965885434236,435.2000302458937,514.8071942483662,0
2023-02-13,SKU_005,454.1741370833562,414.72688761249054,495.52412745751394,0
2023-02-14,SKU_005,400.031323747115,363.55492516926483,439.95130304815325,0
2023-02-15,SKU_005,356.39789109899704,317.277210422866,395.57834062090546,0
2023-02-16,SKU_005,355.84597555306954,314.77261237739197,393.2835824768201,0
2023-02-17,SKU_005,393.773784871675,350.07722545925117,431.27213127483833,0
2023-02-18,SKU_005,444.917351571648,406.52864320465824,482.7247084713699,0
2023-02-19,SKU_005,468.4872450495019,433.0232431987458,508.31501332328264,0
2023-02-20,SKU_005,446.0946575625793,407.862903446628,485.62094099735015,0
2023-02-21,SKU_005,391.33867450540254,352.06606601501664,430.17377614713666,0
2023-02-22,SKU_005,347.09394959453954,308.92648037891564,389.2494925043896,0
2023-02-23,SKU_005,345.9504338813998,306.782085484927,387.25042572916965,0
2023-02-24,SKU_005,383.3234802558878,344.0639330861836,425.16643201670723,0
2023-02-25,SKU_005,433.96511487347084,397.7861505965065,474.74480104690076,0
2023-02-26,SKU_005,457.1003014941103,418.482926442208,500.1578062531325,0
2023-02-27,SKU_005,434.3526267457945,395.71173783429583,471.23447179599634,0
2023-02-28,SKU_005,379.3312277119091,338.1621851632395,418.21131363077063,0
2023-03-01,SKU_005,334.9181921278854,293.32709816115033,377.0713982555211,0
2023-03-02,SKU_005,333.70808766804794,298.01969382867134,371.0552493972707,0
2023-03-03,SKU_005,371.11794740828384,334.20621945701606,410.4865508005808,0
2023-03-04,SKU_005,421.8985060135132,382.37434936834416,458.28319577677587,0
2023-03-05,SKU_005,445.27051336785945,408.0784667223136,484.4907071847461,0
2023-03-06,SKU_005,422.8505519921503,382.0385690527501,460.24242556522006,0
2023-03-07,SKU_005,368.2381756393181,331.3732323951602,409.17114424537743,0
2023-03-08,SKU_005,324.30359312797736,283.94371294446347,364.46574032493953,0
2023-03-09,SKU_005,323.6275456379268,283.4988428519164,362.22041951275827,0
2023-03-10,SKU_005,361.61169451067155,322.4282852968957,403.01946811875604,0
2023-03-11,SKU_005,412.99030255965016,370.21381890763263,450.8129172911933,0
2023-03-12,SKU_005,436.96702290757764,400.9386377280975,475.33635131595827,0
2023-03-13,SKU_005,415.1412081829138,375.5532781947719,455.5141063923681,0
2023-03-14,SKU_005,361.09554359113696,318.0546292738541,399.9654678411438,0
2023-03-15,SKU_005,317.68421390665515,278.0301865023386,354.8026908601077,0
2023-03-16,SKU_005,317.47323912615155,277.79397147581403,356.41218276660527,0
2023-03-17,SKU_005,355.8512829855207,318.5166292903055,394.6704053236944,0
2023-03-18,SKU_005,407.54170565626276,364.72718218379214,447.7365280462633,0
2023-03-19,SKU_005,431.7396643818101,390.3835154806501,470.0668906198968,0
2023-03-20,SKU_005,410.03866635231407,371.03936438384864,448.5890512127884,0
2023-03-21,SKU_005,356.01837069738656,316.5989806933996,393.9461821692428,0
2023-03-22,SKU_005,312.5328452540064,274.6714234936509,352.28033419971933,0
2023-03-23,SKU_005,312.1509105301278,269.3904920994864,350.53966265946923,0
2023-03-24,SKU_005,350.2668751571389,308.26884027249724,390.37003389005037,0
2023-03-25,SKU_005,401.6124364600418,360.23076069181883,439.61909486593095,0
2023-03-26,SKU_005,425.3935544141729,384.91027192158367,463.4968825336163,0
2023-03-27,SKU_005,403.2167098597061,363.974498592151,442.13667568981157,0
2023-03-28,SKU_005,348.67635226771733,306.4628735594368,388.50269800361787,0
2023-03-29,SKU_005,304.6427527501683,262.65278476612093,345.8178392606199,0
2023-03-30,SKU_005,303.70190608190677,262.71504283638006,345.9223247259369,0
2023-03-31,SKU_005,341.2657983705142,302.1504318255002,379.8720457624602,0
2023-04-01,SKU_005,392.08382698488094,352.40302725397396,433.7873544192007,0
2023-04-02,SKU_005,415.3791942737884,375.85470157848266,456.7078195153566,0
2023-04-03,SKU_005,392.7746991068019,352.6654607881901,431.9250690172297,0
2023-04-04,SKU_005,337.8797442365319,300.7125376531745,376.5339969615031,0
2023-04-05,SKU_005,293.5777871034091,254.1236949994537,330.551939462869,0
2023-04-06,SKU_005,292.4658884263116,252.20685607045047,333.11139753723467,0
2023-04-07,SKU_005,329.96468492028845,291.0530357996692,369.60785561964667,0
2023-04-08,SKU_005,380.8295800487067,343.0677627667686,423.1592849770394,0
2023-04-09,SKU_005,404.2869803230559,361.4681751304522,443.11009464302725,0
2023-04-10,SKU_005,381.9600049327753,345.95600950135605,421.6278552155091,0
2023-04-11,SKU_005,327.4554883920407,287.2183266924458,365.59850884884,0
2023-04-12,SKU_005,283.65150335046616,245.8256271868235,320.8347896235987,0
2023-04-13,SKU_005,283.13705557069346,242.72825012184956,323.94924153772894,0
2023-04-14,SKU_005,321.32227250691494,280.7244907745774,361.0174019614516,0
2023-04-15,SKU_005,372.9498733826204,335.4473791835574,414.6181604998998,0
2023-04-16,SKU_005,397.2317400476431,355.62470871178465,436.1363576136233,0
2023-04-17,SKU_005,375.77500696474686,333.92503111510956,415.8382281664643,0
2023-04-18,SKU_005,322.1694794094082,282.79496550689856,362.9265005502366,0
2023-04-19,SKU_005,279.2755955757798,238.79018504062097,318.3625592843849,0
2023-04-20,SKU_005,279.6645726342905,239.34158311520312,319.32820454144075,0
2023-04-21,SKU_005,318.7290460353445,279.4371750242597,355.90090922732145,0
2023-04-22,SKU_005,371.1949779739959,332.9614323332138,412.3812991472912,0
2023-04-23,SKU_005,396.25864280252443,358.4319340241912,434.6691323120046,0
2023-04-24,SKU_005,375.5130970355572,335.005903265815,415.6048406403586,0
2023-04-25,SKU_005,322.53593340807043,282.9010912298375,363.2179625280759,0
2023-04-26,SKU_005,280.1775263796503,238.84740843548312,318.52917228048744,0
2023-04-27,SKU_005,281.0014023653757,241.40508314894396,322.6242690520357,0
2023-04-28,SKU_005,320.3950389224569,280.8095226114483,361.23354144769365,0
2023-04-29,SKU_005,373.08186558281966,337.9585396480427,415.62142153392074,0
2023-04-30,SKU_005,398.258272558152,359.867404449081,439.49764599708277,0
2023-05-01,SKU_005,377.5200358087035,338.3139771558103,417.9360237272501,0
2023-05-02,SKU_005,324.44995990717604,280.5867770320482,363.24945955616306,0
2023-05-03,SKU_005,281.9059503384773,241.7241442224385,320.3440544879559,0
2023-05-04,SKU_005,282.4611541372803,246.3051823155958,323.6895231901529,0
2023-05-05,SKU_005,321.5144801749061,280.7446794129104,359.7484720394729,0
2023-05-06,SKU_005,373.80228001560084,336.8270301689112,413.2036256265198,0
2023-05-07,SKU_005,398.53500496046007,358.9419066302186,441.1959316457492,0
2023-05-08,SKU_005,377.3232572996785,338.75013242482026,417.53296167484,0
2023-05-09,SKU_005,323.76504783280524,283.9467615492001,365.12195444508103,0
2023-05-10,SKU_005,280.7334814905438,240.78522582116616,320.74982137438707,0
2023-05-11,SKU_005,280.81652017712975,240.88252034332686,323.6290285095963,0
2023-05-12,SKU_005,319.42714386129046,280.1549208738064,359.57289183923297,0
2023-05-13,SKU_005,371.3146998320739,332.21738345913747,410.6765379342784,0
2023-05-14,SKU_005,395.70126377703775,355.2692213776431,436.8738799115691,0
2023-05-15,SKU_005,374.20743759731306,335.161843481414,412.20700972513345,0
2023-05-16,SKU_005,320.43940159424335,280.6304325774033,357.24447402153726,0
2023-05-17,SKU_005,277.27644699934194,238.3045713062477,318.22576027113877,0
2023-05-18,SKU_005,277.31064059392867,238.69358678506384,316.55286204478085,0
2023-05-19,SKU_005,315.9569435252053,276.9787920124269,354.46771379901725,0
2023-05-20,SKU_005,367.96457377229837,322.79889949435534,407.5283286995582,0
2023-05-21,SKU_005,392.5534339804871,352.53528769454255,431.5066642540672,0
2023-05-22,SKU_005,371.3400262702509,330.9461586868748,412.2465018236244,0
2023-05-23,SKU_005,317.92466694262316,278.64767949122717,358.75229943546503,0
2023-05-24,SKU_005,275.1792216217117,233.59452790743,313.9948012394274,0
2023-05-25,SKU_005,275.687005749333,233.78811554357986,314.7638188871234,0
2023-05-26,SKU_005,314.8531653801439,275.61701498198653,352.881652795101,0
2023-05-27,SKU_005,367.4163199691188,326.4212810258506,405.5314067457379,0
2023-05-28,SKU_005,392.58528088352443,352.9233113833099,436.3821560709864,0
2023-05-29,SKU_005,371.96525923517385,330.84358545179794,411.0080676871988,0
2023-05-30,SKU_005,319.1453683103596,275.8612911450597,361.01795839218966,0
2023-05-31,SKU_005,276.9866335451725,238.0539792881834,317.2963412897874,0
2023-06-01,SKU_005,278.06214849046967,237.3465660709825,318.42862630506943,0
2023-06-02,SKU_005,317.76768565265024,279.78393525993596,360.39139357566603,0
2023-06-03,SKU_005,370.83353891452794,330.38750191368194,410.11391012228336,0
2023-06-04,SKU_005,396.4614072861805,355.4596195348054,436.8411771108763,0
2023-06-05,SKU_005,376.25073070126473,336.11764880570473,414.66636111448094,0
2023-06-06,SKU_005,323.7862813954284,283.56658969510784,363.5653817803669,0
2023-06-07,SKU_005,281.9262232147855,243.3342002643831,322.5676303388632,0
2023-06-08,SKU_005,283.24227780800095,245.5268686731827,323.6765416374904,0
2023-06-09,SKU_005,323.13030814308206,283.3908860109037,361.43014138749953,0
2023-06-10,SKU_005,376.3220985596112,337.457671236821,417.03252704501614,0
2023-06-11,SKU_005,402.02214444673007,364.1785001613627,440.5480430982643,0
2023-06-12,SKU_005,381.83386630538445,341.50643188452995,421.83396471401403,0
2023-06-13,SKU_005,329.3470563086601,289.32716453594827,367.8598553855217,0
2023-06-14,SKU_005,287.4257746800841,250.25993751133842,327.61980254657635,0
2023-06-15,SKU_005,288.6483399940632,249.31951919598424,325.7523560264717,0
2023-06-16,SKU_005,328.41772911746455,287.9389766352307,365.6692563236036,0
2023-06-17,SKU_005,381.4731710649243,343.83887505695424,420.5762218078699,0
2023-06-18,SKU_005,407.02675273858443,367.01752374525927,448.0315609306773,0
2023-06-19,SKU_005,386.689455771151,346.4365161551623,426.062073652831,0
2023-06-20,SKU_005,334.05843654626926,296.2449139313397,376.13488969230616,0
2023-06-21,SKU_005,292.0047700834121,252.04551865530246,331.03690208975,0
2023-06-22,SKU_005,293.1133046281822,252.96050839578302,334.50214885729235,0
2023-06-23,SKU_005,332.7929446302599,294.7639471114837,374.0916801745947,0
2023-06-24,SKU_005,385.7881477467379,344.5006832473222,424.55966110658215,0
2023-06-25,SKU_005,411.31545442793515,369.45371128321995,448.76659802538825,0
2023-06-26,SKU_005,390.98946926179605,352.7985364084312,426.39924122602923,0
2023-06-27,SKU_005,338.4101055127159,299.34506757924976,376.0113971825433,0
2023-06-28,SKU_005,296.45031236795546,258.4290360277361,336.6058284998097,0
2023-06-29,SKU_005,297.6959301376962,257.946324722722,335.5748334406002,0
2023-06-30,SKU_005,337.55598916235624,295.46090657968705,379.32293731301985,0
2023-07-01,SKU_005,390.77423591815557,352.51425486571594,428.44676331335177,0
2023-07-02,SKU_005,416.56570262236846,375.59303941904597,456.73816392326756,0
2023-07-03,SKU_005,396.5427372582854,358.3892432100479,435.00499223698887,0
2023-07-04,SKU_005,344.3023033001042,307.12239662631873,384.63802558791986,0
2023-07-05,SKU_005,302.71376668669785,265.30752190863257,341.7471747885701,0
2023-07-06,SKU_005,304.35881359230905,265.3698191256612,344.59859000401127,0
2023-07-07,SKU_005,344.64181337838784,305.29482365836384,386.29189910457353,0
2023-07-08,SKU_005,398.3014093146963,359.57250293022594,437.5702165820339,0
2023-07-09,SKU_005,424.5471522210767,386.1269114704319,461.63752110295155,0
2023-07-10,SKU_005,404.9855947723696,364.6446936940227,444.0033363685012,0
2023-07-11,SKU_005,353.20765480243665,315.1326999953247,392.18541852280646,0
2023-07-12,SKU_005,312.07646612796253,272.9255190355765,351.8770427679221,0
2023-07-13,SKU_005,314.1673610207125,274.2432788538179,353.29526468980924,0
2023-07-14,SKU_005,354.87829959350006,316.0958411592665,395.78116114457157,0
2023-07-15,SKU_005,408.9415295454193,367.6018265465003,448.66169716097545,0
2023-07-16,SKU_005,435.5602929242172,396.97195703241,475.9405444300479,0
2023-07-17,SKU_005,416.3349974544119,374.97280428230704,452.74642552111396,0
2023-07-18,SKU_005,364.85066251202045,324.8984039253264,406.5262274728829,0
2023-07-19,SKU_005,323.9648581289269,283.1895352457605,364.9350809324652,0
2023-07-20,SKU_005,326.2477812895325,288.49408130156394,363.1428482051035,0
2023-07-21,SKU_005,367.0927843783654,328.7012714196249,408.13521113728865,0
2023-07-22,SKU_005,421.2281383338144,381.12835942894657,463.4440582848782,0
2023-07-23,SKU_005,447.8538457548835,408.3937132076327,487.70837966725094,0
2023-07-24,SKU_005,428.56791958774625,389.62818894121415,466.3939896188621,0
2023-07-25,SKU_005,376.9539350304843,332.01544085490616,416.4428518141878,0
2023-07-26,SKU_005,335.86907014461303,294.9679878019151,375.55435227124485,0
2023-07-27,SKU_005,337.8842761365149,298.41067249415033,376.0468708282968,0
2023-07-28,SKU_005,378.39488856104424,337.9530872498038,416.2012171479031,0
2023-07-29,SKU_005,432.13245819580624,390.8691375054704,474.2666778957166,0
2023-07-30,SKU_005,458.3016129547624,414.5850090742036,495.7265833242936,0
2023-07-31,SKU_005,438.50636260375387,400.02656836720837,475.25703672269765,0
2023-08-01,SKU_005,386.337650608623,345.1872709857769,424.5589618405547,0
2023-08-02,SKU_005,344.66136483274806,303.63253039112936,384.4734103951666,0
2023-08-03,SKU_005,346.05844593015985,306.5280259297568,386.594787570009,0
2023-08-04,SKU_005,385.9354023959625,345.82208139618683,424.3552097171818,0
2023-08-05,SKU_005,439.0360098955273,398.1110088605562,477.33013396836105,0
2023-08-06,SKU_005,464.57800597471106,425.43787081528023,502.3861542304746,0
2023-08-07,SKU_005,444.17919273207957,402.1745797328124,485.13526599953036,0
2023-08-08,SKU_005,391.4447533533351,351.7735883878101,429.3107096656263,0
2023-08-09,SKU_005,349.2549977561265,304.7725529683545,387.7506795169456,0
2023-08-10,SKU_005,350.20517972628784,312.9582226031188,388.7443008003841,0
2023-08-11,SKU_005,389.71569996947005,349.35128151509565,429.6037458223682,0
2023-08-12,SKU_005,442.54347883336857,403.88568809066,483.134246214593,0
2023-08-13,SKU_005,467.91831690226263,428.7437238127191,506.55689269661707,0
2023-08-14,SKU_005,447.46866389036353,407.35985741482466,490.6084834200964,0
2023-08-15,SKU_005,394.80861017052666,357.0971045198327,433.5291438700267,0
2023-08-16,SKU_005,352.82532498129865,310.5354431878494,391.3126511810393,0
2023-08-17,SKU_005,354.118592639893,311.8483501105629,391.3903754206065,0
2023-08-18,SKU_005,394.1107700220053,352.4600602070002,431.4209865085918,0
2023-08-19,SKU_005,447.55795753545334,408.4581987354682,484.35040231001557,0
2023-08-20,SKU_005,473.6862096412558,434.6842721747176,512.1128136841567,0
2023-08-21,SKU_005,454.1172123118812,415.3365829375864,495.17652071887244,0
2023-08-22,SKU_005,402.455247604634,361.07795771691934,436.80125376830375,0
2023-08-23,SKU_005,361.5746738603225,318.46925346364236,399.90886848888914,0
2023-08-24,SKU_005,364.0595758960786,323.99071921144946,401.9519447985406,0
2023-08-25,SKU_005,405.3139094796126,367.78048948641054,444.221231299753,0
2023-08-26,SKU_005,460.07293191232407,418.24696240117146,500.76811451678805,0
2023-08-27,SKU_005,487.539742164284,449.72884788906725,526.4059621262464,0
2023-08-28,SKU_005,469.3113535304577,430.2026735349024,510.2672939869207,0
2023-08-29,SKU_005,418.96611264073226,377.9460405786042,459.3116119321306,0
2023-08-30,SKU_005,379.35168519215904,340.46835665197733,419.5198430035098,0
2023-08-31,SKU_005,383.0252528141335,342.53654123931193,422.55697437123644,0
2023-09-01,SKU_005,425.36423421492174,387.09796854633436,464.5992955713636,0
2023-09-02,SKU_005,481.07830962230764,436.9940349257912,522.5161146116845,0
2023-09-03,SKU_005,509.3465584774915,471.0422455656089,550.289999474342,0
2023-09-04,SKU_005,491.7441190776888,452.6478870476432,529.6401486989126,0
2023-09-05,SKU_005,441.83016944233066,402.88610022431885,481.9074544754205,0
2023-09-06,SKU_005,402.436435253625,360.7429896169142,440.3562448406463,0
2023-09-07,SKU_005,406.10785521501987,366.9352872583022,443.44943822516217,0
2023-09-08,SKU_005,448.21370370745694,410.0361677221329,487.716669446368,0
2023-09-09,SKU_005,503.4599376943479,463.7622182974927,547.1437248514302,0
2023-09-10,SKU_005,531.0265672958456,491.59301973789246,571.1696080972416,0
2023-09-11,SKU_005,512.4944500717744,472.8950247391233,551.3023875665674,0
2023-09-12,SKU_005,461.4333017637315,421.6477891588715,499.3973304940988,0
2023-09-13,SKU_005,420.69012521850306,378.9927198386845,461.6681712377154,0
2023-09-14,SKU_005,422.82968626381574,384.1728225283418,460.9823624527442,0
2023-09-15,SKU_005,463.24533752778916,425.9530869143511,507.49915308637765,0
2023-09-16,SKU_005,516.6709609902816,477.239681171927,557.0762421346885,0
2023-09-17,SKU_005,542.3178352266232,502.93252722906686,582.8093929451592,0
2023-09-18,SKU_005,521.8008365653067,482.1388422099374,561.6920737264417,0
2023-09-19,SKU_005,468.7257785066802,427.71652878859504,510.61514968257853,0
2023-09-20,SKU_005,425.97710497393297,388.9587765553375,464.98850699997394,0
2023-09-21,SKU_005,426.1575819321066,384.9331454117489,467.7753894833702,0
2023-09-22,SKU_005,464.6983057087589,422.9500649966752,505.8198582123238,0
2023-09-23,SKU_005,516.3698173202908,477.3218704468876,554.9339400642037,0
2023-09-24,SKU_005,540.4181480277985,500.8436189916803,581.359984693567,0
2023-09-25,SKU_005,518.4902248429875,477.25746500138155,561.0959622336231,0
2023-09-26,SKU_005,464.2204596528553,424.9993056388299,504.89829641004934,0
2023-09-27,SKU_005,420.5177561176068,380.3706702803834,459.2928431590736,0
2023-09-28,SKU_005,420.004596283562,379.25654806911075,458.72442964543666,0
2023-09-29,SKU_005,458.1265410012901,420.36723816639466,497.765530440543,0
2023-09-30,SKU_005,509.6629471373004,473.41340747538516,548.6066418652211,0
2023-10-01,SKU_005,533.8627380294565,490.87193538374885,577.4065735767617,0
2023-10-02,SKU_005,512.3696643686345,472.33332812634166,550.704489348601,0
2023-10-03,SKU_005,458.8088845901982,416.5350840655314,495.8757897189827,0
2023-10-04,SKU_005,416.0741011400644,374.9941980825485,455.35796447310264,0
2023-10-05,SKU_005,416.7669134416732,377.96263692109716,457.5840917637142,0
2023-10-06,SKU_005,456.3067172008673,416.588929535774,494.54543504652196,0
2023-10-07,SKU_005,509.44194530560674,470.4382722650996,549.9465383099358,0
2023-10-08,SKU_005,535.3864759185637,496.1882699917298,573.7930070118924,0
2023-10-09,SKU_005,515.7456374418516,476.3225700288874,552.9403535883173,0
2023-10-10,SKU_005,464.1035918552764,423.3377815971532,505.8935431880189,0
2023-10-11,SKU_005,423.31137674368017,385.4685909334018,462.9379702817983,0
2023-10-12,SKU_005,425.927184030145,388.105020649228,464.5307901827735,0
2023-10-13,SKU_005,467.3272147009765,430.76659228399,506.8419744911984,0
2023-10-14,SKU_005,522.2178761825875,482.41587436463766,562.3922317932819,0
2023-10-15,SKU_005,549.7731254077303,507.15141616281517,591.8153407611318,0
2023-10-16,SKU_005,531.561358800976,487.8360565392036,569.5644026487662,0
2023-10-17,SKU_005,481.1336406416371,442.6866563700884,519.8067741153177,0
2023-10-18,SKU_005,441.312467785318,401.2446973809042,481.2723354523134,0
2023-10-19,SKU_005,444.6326933682841,405.52199276514636,485.335058520943,0
2023-10-20,SKU_005,486.4529020591765,445.7510891118117,526.6954526386936,0
2023-10-21,SKU_005,541.4679971048154,500.99039767856766,581.2567162221736,0
2023-10-22,SKU_005,568.8467926886754,529.5759684257881,606.8052124815437,0
2023-10-23,SKU_005,550.1590067017089,511.05087747949347,591.990607320618,0
2023-10-24,SKU_005,498.9634428243916,460.42369545545006,537.950696477688,0
2023-10-25,SKU_005,458.09656096570194,416.76208152943803,498.6267915766235,0
2023-10-26,SKU_005,460.1130633778872,421.9727803475273,498.5642134164891,0
2023-10-27,SKU_005,500.3967972129892,459.82917964207996,538.5855875084102,0
2023-10-28,SKU_005,553.6727452794072,514.6788897802068,591.1178973139201,0
2023-10-29,SKU_005,579.1439130604983,540.7117133195596,618.4196105176691,0
2023-10-30,SKU_005,558.4175242956192,520.429794279535,598.5171659470755,0
2023-10-31,SKU_005,505.09233346003987,468.87035415619454,544.4234797463474,0
2023-11-01,SKU_005,462.0528777456208,424.0830637917071,500.52682150345964,0
2023-11-02,SKU_005,461.8893063511324,422.7942185232683,500.46493070692765,0
2023-11-03,SKU_005,500.027134664025,463.50651909523816,537.8590539470886,0
2023-11-04,SKU_005,551.2316943841403,513.6218069797551,590.4129045749058,0
2023-11-05,SKU_005,574.7441221064906,533.6788188345595,611.4613949286846,0
2023-11-06,SKU_005,552.2067177450141,512.2985868435564,591.2574339003417,0
2023-11-07,SKU_005,497.2495009581882,456.61000528476444,535.8090760780735,0
2023-11-08,SKU_005,452.77720349432116,411.7304309158213,493.32666243810064,0
2023-11-09,SKU_005,451.4083622679524,413.1073136923443,488.2230485511647,0
2023-11-10,SKU_005,488.58484913272696,448.01311547608634,526.6393385670114,0
2023-11-11,SKU_005,539.0826411052933,496.32533437568213,576.7161484669211,0
2023-11-12,SKU_005,562.147667127793,521.7457018096773,599.7714428437167,0
2023-11-13,SKU_005,539.4211670161219,499.010521681253,578.3529892364589,0
2023-11-14,SKU_005,484.5263890384024,446.42869368386005,521.8634354983936,0
2023-11-15,SKU_005,440.3558587893899,402.3509972276144,481.73635456794403,0
2023-11-16,SKU_005,439.51087554440164,398.26194294035383,481.12375535197236,0
2023-11-17,SKU_005,477.41156030128235,437.82672241495675,518.4585641392802,0
2023-11-18,SKU_005,528.8082447088332,489.1692859342521,563.3826819442935,0
2023-11-19,SKU_005,552.9180200060997,512.2482794458608,590.2940570839298,0
2023-11-20,SKU_005,531.3508627273281,488.7480465891953,570.6175880348862,0
2023-11-21,SKU_005,477.69714327741224,438.49533331737837,519.7175093941336,0
2023-11-22,SKU_005,434.8157288268079,396.63442874252246,474.71295868494167,0
2023-11-23,SKU_005,435.2743151593015,394.66782861453515,474.25880581662676,0
2023-11-24,SKU_005,474.46316824806837,434.0181750517829,512.068519216648,0
2023-11-25,SKU_005,527.098654889656,487.83000790081496,567.1324855598778,0
2023-11-26,SKU_005,552.3691410577976,513.8140376589852,594.9822179144618,0
2023-11-27,SKU_005,531.8588786590187,489.7089206034124,570.3119708566912,0
2023-11-28,SKU_005,479.1360610556577,438.19424875965075,517.9917073844505,0
2023-11-29,SKU_005,437.0413684717667,399.06320022283205,475.23866516744397,0
2023-11-30,SKU_005,438.12862839718645,400.02876674709296,477.32264858708606,0
2023-12-01,SKU_005,477.77588752059347,437.1130182754061,512.5705672707986,0
2023-12-02,SKU_005,530.6976608107799,489.1763227051159,569.4907755988239,0
2023-12-03,SKU_005,556.082157950402,517.4896850119865,597.32814784573,0
2023-12-04,SKU_005,535.5178900607107,495.97609731321825,574.1974005333901,0
2023-12-05,SKU_005,482.58145442843505,442.43812289381873,520.1487122047744,0
2023-12-06,SKU_005,440.12570584239677,398.92150361901497,480.0984889298156,0
2023-12-07,SKU_005,440.71995191866586,401.58974055607564,480.6405913621674,0
2023-12-08,SKU_005,479.76048347089693,439.2482317307177,518.7547866777423,0
2023-12-09,SKU_005,531.9822219141922,492.3542744622013,571.1506350311038,0
2023-12-10,SKU_005,556.5953016474152,513.5241008074325,592.061107433447,0
2023-12-11,SKU_005,535.2110089610898,496.67458639745035,576.3170217204251,0
2023-12-12,SKU_005,481.4288941361876,440.6645707124708,523.0268790640761,0
2023-12-13,SKU_005,438.1242841149754,395.1565016430103,477.24507134050106,0
2023-12-14,SKU_005,437.88785119904594,400.30310786460245,477.0638003403172,0
2023-12-15,SKU_005,476.13556572024675,438.22166384661404,515.4361152195326,0
2023-12-16,SKU_005,527.6198299170953,485.786837887464,566.8506293757837,0
2023-12-17,SKU_005,551.5656241662496,512.6171833053558,590.9254948507895,0
2023-12-18,SKU_005,529.5969640914135,489.9535820438777,571.8653284230339,0
2023-12-19,SKU_005,475.3211625507843,437.64243140009745,515.18542539962,0
2023-12-20,SKU_005,431.6187908253114,392.14497638719087,472.04520639302945,0
2023-12-21,SKU_005,431.0823351587946,392.6804323031079,467.8307190123121,0
2023-12-22,SKU_005,469.126206746288,429.72593949966824,509.37696611160464,0
2023-12-23,SKU_005,520.498032644349,480.9887552423113,562.7996002634767,0
2023-12-24,SKU_005,544.4150523427129,502.886496654822,581.9560381719277,0
2023-12-25,SKU_005,522.4900433653982,482.98761717509154,566.3487162256563,0
2023-12-26,SKU_005,468.31858942984627,426.2652368239641,507.28515254698306,0
2023-12-27,SKU_005,424.7669106037162,385.48640210396735,462.81101363228953,0
2023-12-28,SKU_005,424.4118984520985,383.5944822396339,464.1823922703143,0
2023-12-29,SKU_005,462.6516675517647,422.4031923300024,503.44207726190245,0
2023-12-30,SKU_005,514.2174004597988,473.7334685905552,553.3482223225251,0
2023-12-31,SKU_005,538.3102941726711,497.841894664033,578.8580244449238,0
2024-01-01,SKU_005,516.5280150562339,477.8230786609136,557.1135602026845,0
2024-01-02,SKU_005,462.45246018952986,421.5674636071581,498.959735993752,0
2024-01-03,SKU_005,418.9380301969065,379.1167042981558,459.188278445223,0
2024-01-04,SKU_005,418.55204384228136,380.5970794299552,456.683940553391,0
2024-01-05,SKU_005,456.6855950266214,415.60688942563564,496.9148115992713,0
2024-01-06,SKU_005,508.06562082433084,467.92262861456436,547.1753653329763,0
2024-01-07,SKU_005,531.8919826427202,493.02246142247526,570.1796145572675,0
2024-01-08,SKU_005,509.7639642010402,474.0558304538332,549.5398870378153,0
2024-01-09,SKU_005,455.26798370297917,417.5596912566567,497.07415873803774,0
2024-01-10,SKU_005,411.2665374415267,371.46046369076885,452.18081578599384,0
2024-01-11,SKU_005,410.3359599184706,368.88362239166577,451.20623976520216,0
2024-01-12,SKU_005,447.8794083833176,407.88529420133136,486.96993632320505,0
2024-01-13,SKU_005,498.63774997245963,458.67095745174686,538.4820065324902,0
2024-01-14,SKU_005,521.8262150120225,478.6283280144712,561.7296207601805,0
2024-01-15,SKU_005,499.06042327407283,461.6657031188826,537.9255316076831,0
2024-01-16,SKU_005,443.94359486838766,406.7305811146247,484.2102691373722,0
2024-01-17,SKU_005,399.35416811419447,363.09347053844726,439.5430871200155,0
2024-01-18,SKU_005,397.88547490496956,360.8843281691,438.48357486562816,0
2024-01-19,SKU_005,434.95579683666506,395.3817776373823,474.4502662322575,0
2024-01-20,SKU_005,485.31959504627605,447.88312644749857,525.8828879865712,0
2024-01-21,SKU_005,508.20374114370316,468.6396344788514,548.9458687677388,0
2024-01-22,SKU_005,485.2331784569957,447.1361326926315,526.2112484012881,0
2024-01-23,SKU_005,430.01783597364243,388.79642695538024,468.8374271234498,0
2024-01-24,SKU_005,385.4400259893396,345.9097917637888,428.03945030749554,0
2024-01-25,SKU_005,384.09398236649207,346.6581390458106,421.03403324948243,0
2024-01-26,SKU_005,421.39586661055444,382.89596326891257,459.6611281490077,0
2024-01-27,SKU_005,472.09503609420017,429.4823637130808,508.68242027956825,0
2024-01-28,SKU_005,495.4104006049856,454.0137498471953,535.3628726114389,0
2024-01-29,SKU_005,472.956292701675,434.52192893006855,511.0268860094438,0
2024-01-30,SKU_005,418.3296680920658,380.49076060547054,459.66605147476923,0
2024-01-31,SKU_005,374.39785865331896,335.71525626633644,412.4102087949966,0
2024-02-01,SKU_005,373.7385246204029,331.2895671904141,412.4583948619418,0
2024-02-02,SKU_005,411.75027904158026,374.1589774737691,455.2791017184845,0
2024-02-03,SKU_005,463.1639757742818,423.6898562437907,504.77692111469133,0
2024-02-04,SKU_005,487.18005228586225,448.1029274326034,527.1099911027762,0
2024-02-05,SKU_005,465.39475856021346,427.0176911237154,505.1003782298836,0
2024-02-06,SKU_005,411.38786313006193,372.81260767911317,450.64693035349836,0
2024-02-07,SKU_005,368.0108863801246,326.75706799304646,403.4552510855911,0
2024-02-08,SKU_005,367.82749388216484,329.6343457032708,408.89359328531134,0
2024-02-09,SKU_005,406.2243523062364,367.084667140563,444.92747205045436,0
2024-02-10,SKU_005,457.92321778912503,418.3256287906339,496.3245827282798,0
2024-02-11,SKU_005,482.11805938588844,440.49475143672527,520.2195311643038,0
2024-02-12,SKU_005,460.4016211232444,423.19198026420787,499.6792922290947,0
2024-02-13,SKU_005,406.3532191158699,367.2623751846244,445.26555512064095,0
2024-02-14,SKU_005,362.8269793836853,324.12777653513893,403.14126476777795,0
2024-02-15,SKU_005,362.3921491731887,322.39469669852184,399.22250959951066,0
2024-02-16,SKU_005,400.44378684618323,359.9982376051672,440.26177859241767,0
2024-02-17,SKU_005,451.71460513243414,411.5274540272827,487.41660094566413,0
2024-02-18,SKU_005,475.4117775367425,433.76384379161595,515.0364173467126,0
2024-02-19,SKU_005,453.14312061404314,413.759547885026,491.56374230605513,0
2024-02-20,SKU_005,398.5044595426684,359.94924176454344,437.1441959601885,0
2024-02-21,SKU_005,354.3673950363652,314.9845130688646,390.29540742424814,0
2024-02-22,SKU_005,353.31911789538617,312.24576146362256,394.3551653554539,0
2024-02-23,SKU_005,390.7725904499465,350.6249180444967,430.73767844149836,0
2024-02-24,SKU_005,441.4778841697101,403.30189157504486,483.1765711416331,0
2024-02-25,SKU_005,464.65849758683805,426.66744847422757,505.96467650554257,0
2024-02-26,SKU_005,441.93715087319333,402.94821629159736,484.72763176971506,0
2024-02-27,SKU_005,386.9225283450542,350.70516296275144,428.5884864833478,0
2024-02-28,SKU_005,342.49689664464705,303.08897172195094,379.37918060900535,0
2024-02-29,SKU_005,341.25555678237345,300.3230707392543,379.5803213424255,0
2024-03-01,SKU_005,378.61680644389486,340.8827624011866,417.1057611375597,0
2024-03-02,SKU_005,429.33313800217076,390.702515788245,468.9235592303876,0
2024-03-03,SKU_005,452.6275000887367,414.1238837006582,493.67272412357363,0
2024-03-04,SKU_005,430.1190505821949,392.5249670989616,467.44971314100246,0
2024-03-05,SKU_005,375.41022026781445,337.5527054436448,418.6569247610136,0
2024-03-06,SKU_005,331.37431338356174,289.12225999248716,368.1354563114983,0
2024-03-07,SKU_005,330.5952956491469,289.3961384473367,367.16339212532023,0
2024-03-08,SKU_005,368.478089366576,326.4691479060251,406.81663450475844,0
2024-03-09,SKU_005,419.76016121586525,381.7737606566623,458.83025152121934,0
2024-03-10,SKU_005,443.64821940490356,406.07086399331075,484.30984778567904,0
2024-03-11,SKU_005,421.74443558501315,382.4866269208332,461.4839302763942,0
2024-03-12,SKU_005,367.6339974477971,325.7608260238218,407.3097042611693,0
2024-03-13,SKU_005,324.17320436919545,284.8165565465039,360.6593476781685,0
2024-03-14,SKU_005,323.92974273021275,284.4338886328243,362.80174253888583,0
2024-03-15,SKU_005,362.2934468124205,320.84360769894266,399.1908030653273,0
2024-03-16,SKU_005,413.98831786454866,374.90326661922575,451.4621718464104,0
2024-03-17,SKU_005,438.2096059926898,400.7133994570404,479.41155295125293,0
2024-03-18,SKU_005,416.55035964420375,377.9449454760918,455.80258942345586,0
2024-03-19,SKU_005,362.58923960517836,322.1829607187497,399.4592666209034,0
2024-03-20,SKU_005,319.1815017452017,281.4653365666949,358.5267496901183,0
2024-03-21,SKU_005,318.8912852780885,281.2129936765712,357.44127699734577,0
2024-03-22,SKU_005,357.1104993279026,321.424946075584,400.2561655311936,0
2024-03-23,SKU_005,408.5680901770773,369.915002032759,448.20058870581937,0
2024-03-24,SKU_005,432.46699045621136,391.36158234721233,472.0125026843772,0
2024-03-25,SKU_005,410.4104600496922,371.57505413059954,451.0630300239372,0
2024-03-26,SKU_005,355.9896217063065,317.16161589328215,400.6432226083775,0
2024-03-27,SKU_005,312.0714045965866,273.19684667282627,349.6467399164027,0
2024-03-28,SKU_005,311.23853709084824,274.689594272116,348.63628470829633,0
2024-03-29,SKU_005,348.8999028953537,311.229405061184,388.3688726601533,0
2024-03-30,SKU_005,399.8020447498464,359.70687674424187,438.6920197775429,0
2024-03-31,SKU_005,423.16563495213865,384.41259780379056,462.3309860453412,0
2024-04-01,SKU_005,400.6113346801685,361.8607854332815,439.5132916933489,0
2024-04-02,SKU_005,345.74685832277135,309.934001599826,388.79915812838175,0
2024-04-03,SKU_005,301.45446891335985,262.40544856966824,341.0000885648705,0
2024-04-04,SKU_005,300.33055806733086,260.6442213710152,340.07893080281536,0
2024-04-05,SKU_005,337.795635632081,295.687660955031,375.69741268559045,0
2024-04-06,SKU_005,388.60552296943183,349.8470476536913,429.5037933604938,0
2024-04-07,SKU_005,411.98757724018265,372.6444953113499,452.0371421879071,0
2024-04-08,SKU_005,389.5663749417973,349.7843892211781,430.41373289977764,0
2024-04-09,SKU_005,334.95067521008116,292.57943513803735,374.03223230285795,0
2024-04-10,SKU_005,291.02089119653135,250.65039066740425,333.6376652484336,0
2024-04-11,SKU_005,290.3687230159833,251.29485804652387,327.178010120041,0
2024-04-12,SKU_005,328.4134673237731,291.0380573938604,366.685679719706,0
2024-04-13,SKU_005,379.8948340903864,341.1023798147421,418.7690403940743,0
2024-04-14,SKU_005,404.02801062360766,361.23558837142957,443.8311580434237,0
2024-04-15,SKU_005,382.42347482155003,342.6456176249173,420.39729379848484,0
2024-04-16,SKU_005,328.6743283365681,289.54713634389276,368.69467168266937,0
2024-04-17,SKU_005,285.64417575066545,245.44699222779371,326.33148327235045,0
2024-04-18,SKU_005,285.90719199227374,247.0396565203012,325.49324252339346,0
2024-04-19,SKU_005,324.858689320087,283.0992728759395,365.7819433957529,0
2024-04-20,SKU_005,377.2269616334132,337.0504077800285,417.0728595923908,0
2024-04-21,SKU_005,402.2102154823928,359.8927605784895,444.10024449675444,0
2024-04-22,SKU_005,381.4029967355125,342.633992011537,424.0485556988802,0
2024-04-23,SKU_005,328.38391334453087,289.588475909823,368.39929589202876,0
2024-04-24,SKU_005,286.00386225369186,247.4603415314511,326.40656272408637,0
2024-04-25,SKU_005,286.82639402521545,249.6910744931988,328.95094286673117,0
2024-04-26,SKU_005,326.2385193476082,289.2153249986074,365.0877037829821,0
2024-04-27,SKU_005,378.96272967807516,338.25057146376207,417.86864499034516,0
2024-04-28,SKU_005,404.19403767767534,365.50547348482115,442.7731638612113,0
2024-04-29,SKU_005,383.5264445361502,346.8090236305202,422.3017646074112,0
2024-04-30,SKU_005,330.5406346582509,291.7790013781641,369.98981102803225,0
2024-05-01,SKU_005,288.09210762764735,248.2515766301419,329.8243197790222,0
2024-05-02,SKU_005,288.7513846671293,250.30842256912953,329.47806042486167,0
2024-05-03,SKU_005,327.91459904,288.20336400172755,365.63922977163264,0
2024-05-04,SKU_005,380.31524938642355,343.9113381054795,419.60325123396717,0
2024-05-05,SKU_005,405.16092964663227,364.55076192488747,444.6477006507159,0
2024-05-06,SKU_005,384.05998301405987,345.21098605113053,422.2463738598277,0
2024-05-07,SKU_005,330.6072334108519,291.6935809506138,369.74602960712923,0
2024-05-08,SKU_005,287.67332805013723,249.22793895555276,326.50133789732337,0
2024-05-09,SKU_005,287.8440252313019,247.59411234614407,324.04338180862584,0
2024-05-10,SKU_005,326.5304037928288,286.44980674089214,363.7862573618166,0
2024-05-11,SKU_005,378.4802517264511,334.7050794693943,415.91132597666183,0
2024-05-12,SKU_005,402.9144568060804,365.1746334825872,444.45477134589964,0
2024-05-13,SKU_005,381.4528236287058,341.1122845998196,424.91583298584914,0
2024-05-14,SKU_005,327.7011344768331,288.8868202200374,365.1022450571889,0
2024-05-15,SKU_005,284.5386800428885,245.9431999312784,326.28586876955956,0
2024-05-16,SKU_005,284.5579121089186,244.3169969952857,323.10963413450764,0
2024-05-17,SKU_005,323.17454089949223,283.4217425503206,364.72954803802213,0
2024-05-18,SKU_005,375.1388674159218,335.86293610315664,414.07966243397397,0
2024-05-19,SKU_005,399.67217353097897,357.8825922587504,439.5380492413106,0
2024-05-20,SKU_005,378.3925926589039,338.07892148169003,417.649080787813,0
2024-05-21,SKU_005,324.9022754169389,287.37063788551853,364.91677456069056,0
2024-05-22,SKU_005,282.07507203061436,246.42714927658974,323.41390524828523,0
2024-05-23,SKU_005,282.4963781509365,243.62422563629522,322.8065696181861,0
2024-05-24,SKU_005,321.57346042402014,282.18537922358723,361.9967595969485,0
2024-05-25,SKU_005,374.04704499847344,334.69739680422,413.6104451630931,0
2024-05-26,SKU_005,399.1279840965362,363.3885674692663,440.52021265189484,0
2024-05-27,SKU_005,378.42341552723184,339.7738665089068,417.8359316232422,0
2024-05-28,SKU_005,325.5242215432079,284.62015832067425,364.06424543073757,0
2024-05-29,SKU_005,283.29504267687867,243.00590091519035,322.43925934746926,0
2024-05-30,SKU_005,284.3082771385933,245.15145221598092,323.3783748750287,0
2024-05-31,SKU_005,323.96079245708813,284.40435141328993,363.5592056551339,0
2024-06-01,SKU_005,376.98370916714396,341.09048454460645,416.19582240353304,0
2024-06-02,SKU_005,402.5792750322744,361.2869597233575,443.7573643912739,0
2024-06-03,SKU_005,382.34719870933543,344.4261976843319,421.0581015622364,0
2024-06-04,SKU_005,329.8722460963629,290.6616456021602,372.09454470447764,0
2024-06-05,SKU_005,288.01231124712683,247.7158782617819,325.4972322623631,0
2024-06-06,SKU_005,289.338600173229,249.92355725223902,327.77719642775935,0
2024-06-07,SKU_005,329.2462372097883,290.2450940529885,368.2593588153492,0
2024-06-08,SKU_005,382.46607229152374,342.0420604967811,420.4818374508913,0
2024-06-09,SKU_005,408.2015012846482,369.8784518177578,447.91778459421903,0
2024-06-10,SKU_005,388.05471315168427,350.6899506073806,425.99187652999075,0
2024-06-11,SKU_005,335.61417106833426,294.5535883999469,374.62050656129475,0
2024-06-12,SKU_005,293.74254383800485,253.64941702712494,332.5594064200941,0
2024-06-13,SKU_005,295.01673080772065,257.4731750747883,336.45958799427643,0
2024-06-14,SKU_005,334.8382951032762,296.88714713909076,375.32735520730876,0
2024-06-15,SKU_005,387.9450887555857,348.2806812250268,427.3345116763729,0
2024-06-16,SKU_005,413.5478870244441,374.9391081154162,454.19764227091105,0
2024-06-17,SKU_005,393.2564506240622,353.40297326897513,432.8434325830078,0
2024-06-18,SKU_005,340.6668275499124,298.933800858994,380.404111376329,0
2024-06-19,SKU_005,298.6491149428781,261.1925319786992,340.19403935429955,0
2024-06-20,SKU_005,299.78732772275333,259.6576253043215,339.91020442859394,0
2024-06-21,SKU_005,339.49588400421396,300.5647672548091,377.87174995522383,0
2024-06-22,SKU_005,392.51253148811554,352.55595512441425,434.4652820693346,0
2024-06-23,SKU_005,418.05345676439975,376.85173645516386,455.71072610844874,0
2024-06-24,SKU_005,397.733073871826,359.18003550920525,436.3536691185404,0
2024-06-25,SKU_005,345.1512655017294,304.427536177072,384.2820590771005,0
2024-06-26,SKU_005,303.18110446591857,265.9450568005838,341.5902100861628,0
2024-06-27,SKU_005,304.4087011159199,267.4175469840299,344.03808339611356,0
2024-06-28,SKU_005,344.2434929123504,305.86763551146436,386.1915298415284,0
2024-06-29,SKU_005,397.42976005249756,359.09741183816027,436.5137317763391,0
2024-06-30,SKU_005,423.18318384905496,382.8963534378663,461.2406399991334,0
2024-07-01,SKU_005,403.11686510755146,362.1996100429551,442.8482861497623,0
2024-07-02,SKU_005,350.82861205215363,312.13413465391244,388.2407054631653,0
2024-07-03,SKU_005,309.1887155480167,270.27613239549305,348.5190817098092,0
2024-07-04,SKU_005,310.77985528147303,270.79228900030705,349.46827176053637,0
2024-07-05,SKU_005,351.0074513326125,311.6843386056035,392.5385156190864,0
2024-07-06,SKU_005,404.6112435869909,366.55215005052327,444.4224453912705,0
2024-07-07,SKU_005,430.80191458218076,388.52673547083174,471.1742412701416,0
2024-07-08,SKU_005,411.18717231437944,372.0068654393074,450.3857892663421,0
2024-07-09,SKU_005,359.359102227826,320.9902194528596,398.8694224350264,0
2024-07-10,SKU_005,318.1820061606287,278.24151964237063,357.25889348505564,0
2024-07-11,SKU_005,320.2323722790716,281.8337452795054,360.3861054796342,0
2024-07-12,SKU_005,360.9092910611008,321.9057665147795,399.00148409846634,0
2024-07-13,SKU_005,414.946100621919,376.1526876207289,453.65992563874255,0
2024-07-14,SKU_005,441.54707792251594,402.814870762803,480.5542028558188,0
2024-07-15,SKU_005,422.3261457188492,383.7128938251386,461.12324232944013,0
2024-07-16,SKU_005,370.856643651122,329.33747939498153,407.94252275418523,0
2024-07-17,SKU_005,329.996905432591,290.19304805394023,368.36014716629006,0
2024-07-18,SKU_005,332.3177631971806,292.01714645453325,372.1524528528223,0
2024-07-19,SKU_005,373.2130559175698,335.4040720844689,411.2277822751256,0
2024-07-20,SKU_005,427.4113725462629,389.99976468098197,468.56734184987306,0
2024-07-21,SKU_005,454.11284565709735,413.94681166907145,492.8541178259228,0
2024-07-22,SKU_005,434.9154118221624,394.19944605547147,475.9333320084657,0
2024-07-23,SKU_005,383.4023470472714,347.51526620161167,425.2527418540819,0
2024-07-24,SKU_005,342.43029346946224,305.00570422040136,383.5096906578738,0
2024-07-25,SKU_005,344.569419031925,303.3340208600739,386.82952917451496,0
2024-07-26,SKU_005,385.21402212027783,347.35143304849316,425.2226462048423,0
2024-07-27,SKU_005,439.09436061794463,397.2252259165988,480.33662560337797,0
2024-07-28,SKU_005,465.41351739016415,427.61659334053127,505.93485099166026,0
2024-07-29,SKU_005,445.77371455852426,404.17425873280763,483.97164181965394,0
2024-07-30,SKU_005,393.76388104925235,354.40879797807435,430.8751437917769,0
2024-07-31,SKU_005,352.2476859620282,310.78614018690735,389.1408926075664,0
2024-08-01,SKU_005,353.8036761544761,313.01245338307365,389.70000711894664,0
2024-08-02,SKU_005,393.83582719886755,357.23402378932326,433.1180398669505,0
2024-08-03,SKU_005,447.08528498420327,406.25199889216833,484.71912340838503,0
2024-08-04,SKU_005,472.76710856336655,431.65150612172465,511.3484431223089,0
2024-08-05,SKU_005,452.4964261107774,416.00244501850216,491.3041122087593,0
2024-08-06,SKU_005,399.8758089643935,357.7117075099992,438.8215620001486,0
2024-08-07,SKU_005,357.7946212006697,321.55005934843666,394.8379331452883,0
2024-08-08,SKU_005,358.83426920256613,319.2868077062696,396.958293511297,0
2024-08-09,SKU_005,398.4130974411023,359.013623082719,438.81423086014075,0
2024-08-10,SKU_005,451.2862794092678,409.29564985222487,494.042412849159,0
2024-08-11,SKU_005,476.68223688356215,437.58728947693254,514.3787939954656,0
2024-08-12,SKU_005,456.2284629328434,413.24722410660945,493.03840389170756,0
2024-08-13,SKU_005,403.5385613267406,364.09569418170213,438.37545849198233,0
2024-08-14,SKU_005,361.4997247722425,322.54408884809084,400.23008811388735,0
2024-08-15,SKU_005,362.7123017898899,320.63015875895803,401.77520729607954,0
2024-08-16,SKU_005,402.5997741311251,364.36441851325816,444.30320421806,0
2024-08-17,SKU_005,455.9199358147522,417.62663148011234,496.0693206952026,0
2024-08-18,SKU_005,481.901098919723,439.53449127540296,522.5553585802228,0
2024-08-19,SKU_005,462.1677529094013,421.5672552474305,503.39726561808396,0
2024-08-20,SKU_005,410.32749734992234,368.39001302395604,448.83632624083987,0
2024-08-21,SKU_005,369.2584765943425,330.06268057648487,409.8882959710713,0
2024-08-22,SKU_005,371.5489710898202,332.6930541370932,411.04591046531476,0
2024-08-23,SKU_005,412.60747055274237,368.8685344077383,451.4644906566651,0
2024-08-24,SKU_005,467.1740217594787,426.41665476347214,507.4097188468769,0
2024-08-25,SKU_005,494.4566759557337,453.5603706049745,535.3452247956172,0
2024-08-26,SKU_005,476.0574606276156,437.70527579167697,515.5690107082147,0
2024-08-27,SKU_005,425.5596915450628,386.2443143743632,465.08216520436457,0
2024-08-28,SKU_005,385.8158477689375,349.1927918083412,427.4672510863193,0
2024-08-29,SKU_005,389.38765656180897,349.925883682263,429.23182816710664,0
2024-08-30,SKU_005,431.656704001835,393.7113789130939,473.0296633675033,0
2024-08-31,SKU_005,487.33635305139836,449.7062341660577,526.5896235111039,0
2024-09-01,SKU_005,515.608781769438,474.2709835643387,555.2410382004243,0
2024-09-02,SKU_005,498.0515530358997,457.3239888372544,540.595916494419,0
2024-09-03,SKU_005,448.225517585124,407.8202222443516,488.1018458179914,0
2024-09-04,SKU_005,408.96325851956857,368.5068216560721,448.7358020096863,0
2024-09-05,SKU_005,412.80970968446263,371.5642528584195,450.97266443965856,0
2024-09-06,SKU_005,455.1332494849124,412.75226839729504,491.13212168908683,0
2024-09-07,SKU_005,510.63803839468005,468.565673921092,552.5302442724158,0
2024-09-08,SKU_005,538.5014004467774,496.9471373277578,580.2208623874029,0
2024-09-09,SKU_005,520.3006491260306,479.4188111937089,563.7856514502454,0
2024-09-10,SKU_005,469.6011503000138,431.95897184767523,505.43325605396893,0
2024-09-11,SKU_005,429.24482328603796,388.9570575175054,471.0360543638129,0
2024-09-12,SKU_005,431.7907076800539,393.77283053159204,468.8441327480455,0
2024-09-13,SKU_005,472.62589531058916,431.5864140538571,511.67564469364515,0
2024-09-14,SKU_005,526.4775959954953,488.70299868809366,565.8671690554457,0
2024-09-15,SKU_005,552.5501405480027,514.0764747413087,593.8681197404534,0
2024-09-16,SKU_005,532.4513273278726,492.9734537625694,571.6706311131727,0
2024-09-17,SKU_005,479.77991349594106,440.0692900038555,517.7496850207151,0
2024-09-18,SKU_005,437.41346309208194,396.55073184933184,480.34398891891726,0
2024-09-19,SKU_005,437.948192871048,400.1391278123016,478.37215687919934,0
2024-09-20,SKU_005,476.8091305747663,435.8629984723316,515.6846209283611,0
2024-09-21,SKU_005,528.7613713044968,489.2193586198733,570.8457011873072,0
2024-09-22,SKU_005,553.0462536987676,517.123047414478,592.5819288147592,0
2024-09-23,SKU_005,531.3068813325659,490.84981631034344,572.0020256302004,0
2024-09-24,SKU_005,477.1748099866659,439.45323301241797,515.9100973803953,0
2024-09-25,SKU_005,433.55713231345976,392.36837664898104,471.08436447134983,0
2024-09-26,SKU_005,433.0756196472495,392.0395999833165,474.7717003806215,0
2024-09-27,SKU_005,471.1762533856189,431.45609207564735,508.34235862583887,0
2024-09-28,SKU_005,522.6399478117008,480.65034862729794,560.219300573982,0
2024-09-29,SKU_005,546.7183003055925,508.06269401193833,584.4740335295803,0
2024-09-30,SKU_005,525.0588062347516,489.18748770181804,562.6341650579167,0
2024-10-01,SKU_005,471.29136834870866,433.2520697305521,507.7063240494326,0
2024-10-02,SKU_005,428.3153384031687,388.936467030239,468.5948614270131,0
2024-10-03,SKU_005,428.7387537892479,389.60484868617624,468.21795716908224,0
2024-10-04,SKU_005,467.9881013077853,427.4880582302872,507.57241410413235,0
2024-10-05,SKU_005,520.8194063445806,480.78577968386463,559.5887660296883,0
2024-10-06,SKU_005,546.4544764687587,508.1231385990576,585.540799162431,0
2024-10-07,SKU_005,526.5067266533359,483.95935716867854,566.273047424689,0
2024-10-08,SKU_005,474.56840289075893,433.8448658322949,515.3042986535664,0
2024-10-09,SKU_005,433.49842620653266,392.11664795710624,473.21323992960816,0
2024-10-10,SKU_005,435.86250181506597,396.03255215872326,475.84929053855643,0
2024-10-11,SKU_005,477.04380564177023,436.80335729423155,514.1898087272928,0
2024-10-12,SKU_005,531.7550251432466,492.38558595839174,569.0953516875667,0
2024-10-13,SKU_005,559.1755612353346,520.0532973328615,599.1501366448629,0
2024-10-14,SKU_005,540.8782959661539,501.508108796267,579.9385039269623,0
2024-10-15,SKU_005,490.41772037044495,452.2284233035562,530.1874161520137,0
2024-10-16,SKU_005,450.6186229327896,412.55897620685164,490.88210123356976,0
2024-10-17,SKU_005,454.01696315585855,418.4121233083092,495.35521012435265,0
2024-10-18,SKU_005,495.9712240372327,457.1939409273709,536.4497474648377,0
2024-10-19,SKU_005,551.1750042672949,515.2814019888632,590.0955211877276,0
2024-10-20,SKU_005,578.7946435619139,541.6856514179119,618.3934640156507,0
2024-10-21,SKU_005,560.3962754312655,522.3889335683958,596.8547326885443,0
2024-10-22,SKU_005,509.53409482925946,470.61225594733065,548.4702353040867,0
2024-10-23,SKU_005,469.03903764251464,429.7527701651979,506.292899539869,0
2024-10-24,SKU_005,471.4594966794001,433.84211824652766,508.4035330375954,0
2024-10-25,SKU_005,512.172371747465,475.6740257831813,548.6938956153148,0
2024-10-26,SKU_005,565.8952219790328,524.7490392930483,606.7268845429467,0
2024-10-27,SKU_005,591.8233245229428,550.7114711827387,631.4238632872451,0
2024-10-28,SKU_005,571.5560477201769,533.5429536634464,609.1103606687144,0
2024-10-29,SKU_005,518.6843427823072,479.5225387622053,556.8117275392161,0
2024-10-30,SKU_005,476.07856985699834,435.44824020185615,518.1344410764115,0
2024-10-31,SKU_005,476.32830392594434,434.2525882155635,512.1847740667326,0
2024-11-01,SKU_005,514.8524402647606,471.9010516243616,553.6257549681168,0
2024-11-02,SKU_005,566.4103905403521,524.209051511656,606.2478868631208,0
2024-11-03,SKU_005,590.2381967904658,549.8839536439583,628.4563022872638,0
2024-11-04,SKU_005,567.9739941426471,528.7457918720474,607.6175791237489,0
2024-11-05,SKU_005,513.244648085903,476.07798503404376,551.5155158755572,0
2024-11-06,SKU_005,468.9528024559953,430.40279805756364,507.5531206507018,0
2024-11-07,SKU_005,467.71600185186327,426.4926211865485,505.13903885043675,0
2024-11-08,SKU_005,504.97622400790664,465.82978886448404,543.458007446396,0
2024-11-09,SKU_005,555.5106261329621,518.0191558943287,592.3915440383237,0
2024-11-10,SKU_005,578.5673422106242,538.2090003117202,614.7819774218207,0
2024-11-11,SKU_005,555.7907684676809,515.41799655071,596.1026273148096,0
2024-11-12,SKU_005,500.80816560362723,460.5202967758022,539.5866675023491,0
2024-11-13,SKU_005,456.51681312833966,417.0599849598501,498.33141416574773,0
2024-11-14,SKU_005,455.52337514362927,417.4977610475882,496.14461421542995,0
2024-11-15,SKU_005,493.25380529194683,451.6240316310299,531.2768048831362,0
2024-11-16,SKU_005,544.4645838774247,506.1409150761185,586.3130645383605,0
2024-11-17,SKU_005,568.3791102651013,528.0663285954968,605.329465303543,0
2024-11-18,SKU_005,546.6136713637524,507.74334015907255,584.7131295710341,0
2024-11-19,SKU_005,492.764796325259,456.2899655063302,530.8318221969487,0
2024-11-20,SKU_005,449.6972127837648,408.88642772567135,489.8454226352712,0
2024-11-21,SKU_005,449.98404291896156,409.6095114955266,489.49985051373034,0
2024-11-22,SKU_005,489.0175455471895,448.74657215488594,528.9013982729178,0
2024-11-23,SKU_005,541.521175825637,501.1793051510291,583.5509006608708,0
2024-11-24,SKU_005,566.6867649160996,527.7632600440933,607.1387398604373,0
2024-11-25,SKU_005,546.1012208545772,507.25623099782655,587.6133580029413,0
2024-11-26,SKU_005,493.3345429018036,457.2185673316584,535.087562829253,0
2024-11-27,SKU_005,451.22834900215406,410.79112641413514,488.3170535070833,0
2024-11-28,SKU_005,452.33654147800416,415.2498395068251,491.4305765350942,0
2024-11-29,SKU_005,492.03640688818194,450.3778563176625,530.2685674176571,0
2024-11-30,SKU_005,545.0409144626806,505.1674081101057,586.6455820872033,0
2024-12-01,SKU_005,570.5360115520687,530.5378687957979,607.4654939878125,0
2024-12-02,SKU_005,550.1073167715223,513.4344769170673,592.5366147466614,0
2024-12-03,SKU_005,497.32800584046845,458.32050206303,535.8253966740147,0
2024-12-04,SKU_005,455.04709567562213,415.46485312084815,492.0786493201945,0
2024-12-05,SKU_005,455.82976078215927,415.88654493731707,494.0663816798063,0
2024-12-06,SKU_005,495.0679895060719,453.27512483683336,533.3597911609988,0
2024-12-07,SKU_005,547.4923585557757,509.65807591111405,589.7760608366766,0
2024-12-08,SKU_005,572.3087401856683,531.5022889781853,609.3751434024749,0
2024-12-09,SKU_005,551.1243601623203,513.9048978233851,591.3461684407044,0
2024-12-10,SKU_005,497.5350199564007,460.02332600627125,538.4991863242867,0
2024-12-11,SKU_005,454.4127076333309,416.1921679361413,493.81630801618604,0
2024-12-12,SKU_005,454.34525035978027,414.1508618218769,491.3562543949551,0
2024-12-13,SKU_005,492.74633437936757,454.3049146253477,532.8816494886901,0
2024-12-14,SKU_005,544.366688102888,504.8150512644428,583.7670820153423,0
2024-12-15,SKU_005,568.430258397934,530.30876870616,607.1841853598245,0
2024-12-16,SKU_005,546.5598119473349,505.8124973613284,585.1749613985291,0
2024-12-17,SKU_005,492.3637865586714,449.9499177288584,528.8433734503759,0
2024-12-18,SKU_005,448.7236257390294,409.40936147047745,487.187710261308,0
2024-12-19,SKU_005,448.2332554803081,407.7792227961088,486.5407750287697,0
2024-12-20,SKU_005,486.3090321898311,444.4221642633425,526.0062629461721,0
2024-12-21,SKU_005,537.7009574958552,499.2952748560606,575.5890491974292,0
2024-12-22,SKU_005,561.6289871366607,524.8758265599853,601.837434601284,0
2024-12-23,SKU_005,539.7088600770279,496.9208355026735,575.0056157223457,0
2024-12-24,SKU_005,485.539264371102,444.36681794209113,523.7900607717349,0
2024-12-25,SKU_005,441.98956233210345,405.38325841502586,484.09652011748386,0
2024-12-26,SKU_005,441.63972116597495,403.1967793766966,483.335847558712,0
2024-12-27,SKU_005,479.89076355641424,442.06218760664916,521.3708385455932,0
2024-12-28,SKU_005,531.4765182586727,491.8137652268329,570.1176130441523,0
2024-12-29,SKU_005,555.6004814831009,513.6568876325736,594.5689270993794,0
2024-12-30,SKU_005,533.8621984974563,494.34917534354395,573.1663846401249,0
2024-12-31,SKU_005,479.84496545993966,438.51861594512036,519.1960554523214,1
2025-01-01,SKU_005,436.4040582103448,395.3561294746693,478.1640551902633,1
2025-01-02,SKU_005,436.107119469251,398.68606951879434,476.1810619830229,1
2025-01-03,SKU_005,474.34500576774485,434.5011477229354,514.7993786658758,1
2025-01-04,SKU_005,525.8438629005233,484.74091887355365,560.8643529153674,1
2025-01-05,SKU_005,549.8022316394402,510.7640218678771,588.9629014997827,1
2025-01-06,SKU_005,527.8175865435688,488.300208241055,570.4358166586974,1
2025-01-07,SKU_005,473.4741039120116,435.4794447917798,510.710757335559,1
2025-01-08,SKU_005,429.6308643636476,390.1309228037929,464.3410838242398,1
2025-01-09,SKU_005,428.86212297364915,389.4579120075692,471.5728173100275,1
2025-01-10,SKU_005,466.5679524485978,428.8913784090968,508.3193693483227,1
2025-01-11,SKU_005,517.4860348089361,475.120714515837,557.6321175711647,1
2025-01-12,SKU_005,540.8284123095247,499.9590132028919,578.9285588943314,1
2025-01-13,SKU_005,518.2076114612438,478.7128176529763,558.4392670032128,1
2023-01-01,SKU_006,458.35659772491977,427.5752124516521,486.56027552436046,0
2023-01-02,SKU_006,443.2282148410933,413.66914462199554,470.7602493322676,0
2023-01-03,SKU_006,389.88057962721155,360.75460286984173,420.33024607613413,0
2023-01-04,SKU_006,358.547840723544,328.40131673432074,387.4563374727903,0
2023-01-05,SKU_006,356.96963086859273,329.9799894659387,383.74506538249057,0
2023-01-06,SKU_006,387.4766963311977,358.53604115383274,417.99777640779996,0
2023-01-07,SKU_006,437.13499482064486,407.67957159376414,464.43709915909113,0
2023-01-08,SKU_006,452.47061487795446,422.72035343647497,480.9695259655779,0
2023-01-09,SKU_006,436.3865150050999,407.87993036750095,464.86738977991877,0
2023-01-10,SKU_006,382.1341608377718,353.44814173037145,411.6024284861295,0
2023-01-11,SKU_006,349.97054976461953,323.5970763969858,379.37352542187983,0
2023-01-12,SKU_006,347.6558973670727,318.22556729307047,379.366092604619,0
2023-01-13,SKU_006,377.53865898075907,349.4945175636058,405.10163562691525,0
2023-01-14,SKU_006,426.69910480633723,399.82468287687954,456.78242459738226,0
2023-01-15,SKU_006,441.67381734946673,411.83766013719327,471.3126621903977,0
2023-01-16,SKU_006,425.3721222612656,397.2764999891574,454.28506477654827,0
2023-01-17,SKU_006,371.0475403234147,343.3435564302485,397.07589855576765,0
2023-01-18,SKU_006,338.95475577738154,310.45909316212334,366.8674693741665,0
2023-01-19,SKU_006,336.8473773269155,308.3263019577275,366.05501360776697,0
2023-01-20,SKU_006,367.06316316920044,339.84482738811147,394.95588891038636,0
2023-01-21,SKU_006,416.6679226756424,388.29474060709424,444.4372115537178,0
2023-01-22,SKU_006,432.18045400499807,402.79828640949074,460.2555893989548,0
2023-01-23,SKU_006,416.4895157970173,387.18938385043845,444.1052831729436,0
2023-01-24,SKU_006,362.82590472217737,334.4254220035999,390.06419303134004,0
2023-01-25,SKU_006,331.42011552644175,302.9213799250951,359.8397551212238,0
2023-01-26,SKU_006,330.0008393637986,300.2470020868557,358.59305329654904,0
2023-01-27,SKU_006,360.8809496601097,332.75682187061676,389.65539053181084,0
2023-01-28,SKU_006,411.1021654335557,379.9905664449985,437.51159193780245,0
2023-01-29,SKU_006,427.16072841348586,397.47850511271196,455.9302809529223,0
2023-01-30,SKU_006,411.92506979897655,383.23389588481314,440.41547745753434,0
2023-01-31,SKU_006,358.60851737214955,329.2428811770123,385.33498215819566,0
2023-02-01,SKU_006,327.427500421223,298.4371175337853,355.6771745338293,0
2023-02-02,SKU_006,326.10049149321594,297.64709483086585,353.7727315264649,0
2023-02-03,SKU_006,356.93432054238406,328.06487532964746,388.9143204000386,0
2023-02-04,SKU_006,406.9690409274515,379.45963918603957,435.97729061085556,0
2023-02-05,SKU_006,422.70367697047027,394.1818449686098,449.9725108339763,0
2023-02-06,SKU_006,407.0138261563111,378.9956977302744,437.09084554655135,0
2023-02-07,SKU_006,353.124167953313,322.87453408399193,379.13934583002026,0
2023-02-08,SKU_006,321.2663419756154,290.94906872423877,347.65965667787617,0
2023-02-09,SKU_006,319.17744363167014,290.5533135528519,347.4203159362718,0
2023-02-10,SKU_006,349.1857855584184,320.6815075585001,380.47402694529904,0
2023-02-11,SKU_006,398.3551202706012,370.30602891818825,427.4847828269886,0
2023-02-12,SKU_006,413.2096725067415,386.08827425549845,441.03112837448595,0
2023-02-13,SKU_006,396.65097535986433,367.6742601108667,426.10573616111225,0
2023-02-14,SKU_006,341.92958482148674,311.58358268001547,370.00586605108055,0
2023-02-15,SKU_006,309.3021590761881,281.3230427276665,337.6527424295453,0
2023-02-16,SKU_006,306.52917459539583,277.93109493612997,334.58629470980105,0
2023-02-17,SKU_006,335.9599507971746,307.0603537662957,365.28062525945,0
2023-02-18,SKU_006,384.6762010715748,356.8648630247624,411.7201611095241,0
2023-02-19,SKU_006,399.2164791892966,371.91213865805145,429.24614692448705,0
2023-02-20,SKU_006,382.49253342031363,351.86133994042336,410.24607277359485,0
2023-02-21,SKU_006,327.7606581529952,298.3962198737475,355.5555640805185,0
2023-02-22,SKU_006,295.2785412027852,266.72924760017,323.63593971474455,0
2023-02-23,SKU_006,292.80288688745543,264.4285586304157,321.548180288706,0
2023-02-24,SKU_006,322.67449064915303,294.0579118139946,350.31515632550037,0
2023-02-25,SKU_006,371.96198284785754,343.86793731052217,402.71445767595213,0
2023-02-26,SKU_006,387.18660641772266,359.0170312978018,414.35295681389795,0
2023-02-27,SKU_006,371.2390322060251,342.4266692542985,398.81215017521424,0
2023-02-28,SKU_006,317.35128953685063,289.17123018929976,345.1012264819108,0
2023-03-01,SKU_006,285.75429431550026,257.0218555015508,316.7017792040653,0
2023-03-02,SKU_006,284.1762358312394,254.94451868823091,314.75288400326326,0
2023-03-03,SKU_006,314.92847655493074,284.5709729600995,344.86714993804685,0
2023-03-04,SKU_006,365.05015912680904,335.59194554878775,395.1679162378,0
2023-03-05,SKU_006,381.0338605179477,354.0406823067729,409.21882636207295,0
2023-03-06,SKU_006,365.7432719073961,337.05755315520656,394.6917714517709,0
2023-03-07,SKU_006,312.3859566952914,283.0766433701819,340.8690385466926,0
2023-03-08,SKU_006,281.17164472961065,252.80089636266644,309.94131645712196,0
2023-03-09,SKU_006,279.81130125070234,251.4417720042133,309.13258795527264,0
2023-03-10,SKU_006,310.60360444466204,283.07833201786855,340.6350989400572,0
2023-03-11,SKU_006,360.58000823549315,330.7525491280903,389.10202719114346,0
2023-03-12,SKU_006,376.2307161016094,347.2315757873502,404.64269517217724,0
2023-03-13,SKU_006,360.4225340335344,331.65596898603377,389.6237839312091,0
2023-03-14,SKU_006,306.37164878365286,276.8798773332317,334.7575840652965,0
2023-03-15,SKU_006,274.30178739156304,245.35961021109287,303.5576796128651,0
2023-03-16,SKU_006,271.94299893818743,242.79973544060223,301.80205752687624,0
2023-03-17,SKU_006,301.61769908055555,272.2937980433179,329.53021558788606,0
2023-03-18,SKU_006,350.3851648595611,322.98407446744505,379.14711080380954,0
2023-03-19,SKU_006,364.7668202917926,333.765235442618,393.52084182067046,0
2023-03-20,SKU_006,347.66329905867445,318.7266009662296,376.1531256520676,0
2023-03-21,SKU_006,292.32635155106624,265.2420194204317,319.19461446177786,0
2023-03-22,SKU_006,259.0160758631396,232.91990495960636,287.4503228562656,0
2023-03-23,SKU_006,255.49873884335437,226.32188505774496,283.6007667380828,0
2023-03-24,SKU_006,284.1318540493359,255.1721495097166,311.9519635209141,0
2023-03-25,SKU_006,332.0077306152193,303.58853619945427,360.69864972531303,0
2023-03-26,SKU_006,345.6778595916019,316.02584088254974,373.92505635919645,0
2023-03-27,SKU_006,328.06914892424095,299.21422480497944,355.94265208157617,0
2023-03-28,SKU_006,272.45509726409284,243.12303168046532,304.78479537840036,0
2023-03-29,SKU_006,239.11240659587048,211.01585953870998,267.1623572618095,0
2023-03-30,SKU_006,235.81831705412355,206.50318575822578,265.4675145070208,0
2023-03-31,SKU_006,264.93534442376006,236.65725340577777,293.86740169073306,0
2023-04-01,SKU_006,313.55464398554227,286.4781759145196,341.7666395649791,0
2023-04-02,SKU_006,328.2203726519794,298.5436701373932,355.8086942963761,0
2023-04-03,SKU_006,311.84606152376307,283.4672748637592,341.8101342402019,0
2023-04-04,SKU_006,257.68608558116176,227.70972791404986,285.4079457901762,0
2023-04-05,SKU_006,225.98953445744718,199.16770803265814,253.22716321915723,0
2023-04-06,SKU_006,224.50769679228932,196.90747747361996,254.78775821734976,0
2023-04-07,SKU_006,255.56994078313394,226.16085118725272,283.55632692729694,0
2023-04-08,SKU_006,306.2310776733981,278.49094335982227,335.76467674299084,0
2023-04-09,SKU_006,322.99661717760546,294.7695467800488,351.65971943149344,0
2023-04-10,SKU_006,308.7400911309014,279.98187198892117,336.8848211549816,0
2023-04-11,SKU_006,256.6755065106626,227.44005169848037,287.5843598107262,0
2023-04-12,SKU_006,227.01539363069588,197.8734355030755,253.90905387049858,0
2023-04-13,SKU_006,227.46969451766253,197.63602236807725,256.2243190350219,0
2023-04-14,SKU_006,260.33213049154955,232.09606345773375,288.48745140077256,0
2023-04-15,SKU_006,312.62522920172216,284.7553194508901,340.6372901671143,0
2023-04-16,SKU_006,330.8263389113365,302.28193092750377,355.53116137226084,0
2023-04-17,SKU_006,317.7855984961716,288.0583480228801,346.9387850899421,0
2023-04-18,SKU_006,266.6989079157415,237.45157240507845,294.0154884258006,0
2023-04-19,SKU_006,237.76635220451703,209.68908740703037,265.970527414541,0
2023-04-20,SKU_006,238.69131522982013,211.32402118968363,268.75254208749527,0
2023-04-21,SKU_006,271.7669176733767,244.30436204125937,299.30109321046905,0
2023-04-22,SKU_006,324.0209592216959,295.1157651034992,352.1959040348983,0
2023-04-23,SKU_006,341.94169677272674,312.9000451684157,371.0888461561173,0
2023-04-24,SKU_006,328.3954352671139,300.95536513445643,356.4512658874258,0
2023-04-25,SKU_006,276.59898791867465,249.2385361398937,307.5163106463609,0
2023-04-26,SKU_006,246.77747440891795,220.3648865383303,276.4129944451095,0
2023-04-27,SKU_006,246.66271184458589,216.66086775284657,274.9420793997137,0
2023-04-28,SKU_006,278.57885397348025,250.33115435119163,304.2432993023544,0
2023-04-29,SKU_006,329.58648154664576,300.25215073842963,359.11917611695753,0
2023-04-30,SKU_006,346.2074997543852,317.20051317369314,376.0172484710443,0
2023-05-01,SKU_006,331.3418439414476,302.26830584171205,358.7114942384051,0
2023-05-02,SKU_006,278.23907481571797,251.32821676296916,306.88312644668054,0
2023-05-03,SKU_006,247.15535524113545,219.91346493068485,276.15933257395443,0
2023-05-04,SKU_006,245.85108539291502,217.34220415979777,273.85689230773346,0
2023-05-05,SKU_006,276.6758715978902,248.97337864653673,305.46732688890154,0
2023-05-06,SKU_006,326.71204886253884,297.4445189371737,354.7874452024665,0
2023-05-07,SKU_006,342.49912696082043,311.343564948501,370.8159533640401,0
2023-05-08,SKU_006,326.9501717263423,298.0790448687606,353.52785151449643,0
2023-05-09,SKU_006,273.3232093766549,242.47901726602433,303.130535121006,0
2023-05-10,SKU_006,241.87814866537963,212.2882588855031,270.30613518872485,0
2023-05-11,SKU_006,240.3744963663247,211.8969809228654,271.704811219241,0
2023-05-12,SKU_006,271.1565362581814,240.94109621789576,299.33261643672296,0
2023-05-13,SKU_006,321.2971827742959,291.4218555609427,347.84979738100213,0
2023-05-14,SKU_006,337.32286696640244,308.3924882018545,364.74868512454606,0
2023-05-15,SKU_006,322.1304512288494,293.9035563781879,349.83964186640253,0
2023-05-16,SKU_006,268.95924291012324,240.9635704298707,298.6171159679581,0
2023-05-17,SKU_006,238.04858196178088,209.18994641620617,266.83154224228986,0
2023-05-18,SKU_006,237.1362571450206,207.93864038326265,266.2782473928912,0
2023-05-19,SKU_006,268.5443992767794,239.8196069645022,296.6533428359504,0
2023-05-20,SKU_006,319.3240409413579,289.47685081627446,345.5963574385343,0
2023-05-21,SKU_006,335.98067918163684,305.31256739745737,364.4435030034421,0
2023-05-22,SKU_006,321.391817700873,293.5340104975301,352.4373774794711,0
2023-05-23,SKU_006,268.77954059872525,239.97532598591874,295.01819232481324,0
2023-05-24,SKU_006,238.368577001954,210.3615306027817,269.26666423200857,0
2023-05-25,SKU_006,237.88509811840905,210.69023947009848,265.4101158594192,0
2023-05-26,SKU_006,269.6428853175214,240.0038483168442,298.96264936581605,0
2023-05-27,SKU_006,320.6880522020826,290.48581612935914,348.80208593603084,0
2023-05-28,SKU_006,337.5246542709307,306.6103714637366,366.353292930509,0
2023-05-29,SKU_006,323.0321633998774,295.1698372448125,351.585259294133,0
2023-05-30,SKU_006,270.43786340254746,243.1864063431384,297.6880660705514,0
2023-05-31,SKU_006,239.97463365969696,212.79394349466233,267.2160642141018,0
2023-06-01,SKU_006,239.3793730679376,211.1357841698552,268.1620201659825,0
2023-06-02,SKU_006,270.9787163947547,244.09255627080955,301.9304736291804,0
2023-06-03,SKU_006,321.83324178927694,294.1439759664743,352.0690338909205,0
2023-06-04,SKU_006,338.46252063178144,309.6742274355433,368.37128665800014,0
2023-06-05,SKU_006,323.7620057685754,294.56521832139595,353.04774513500865,0
2023-06-06,SKU_006,270.9748338540865,241.17946006691525,297.2482347832413,0
2023-06-07,SKU_006,240.34902828009734,211.41727917174302,266.352596078661,0
2023-06-08,SKU_006,239.6353738564621,211.1598968031767,267.94873249485795,0
2023-06-09,SKU_006,271.1726330800471,243.1969139190998,298.71397969495195,0
2023-06-10,SKU_006,322.0313187797439,293.1084227753414,350.37534983200294,0
2023-06-11,SKU_006,338.73838815363666,310.0626622944087,366.45641396656214,0
2023-06-12,SKU_006,324.1938654602791,296.52347692076404,351.538321174643,0
2023-06-13,SKU_006,271.64247732859167,244.90069215056045,299.1526488435077,0
2023-06-14,SKU_006,241.33079218053933,212.73927372545515,272.14279564278445,0
2023-06-15,SKU_006,241.00513676094025,212.07287768958105,272.2937483696741,0
2023-06-16,SKU_006,272.99695761930684,242.92580875479058,299.21614127885186,0
2023-06-17,SKU_006,324.3668375836186,295.30037364524094,353.95132551580963,0
2023-06-18,SKU_006,341.6295239039981,312.8247516077217,370.21080510727336,0
2023-06-19,SKU_006,327.6709642686879,300.9805325725467,358.1899430310118,0
2023-06-20,SKU_006,275.72042102718456,246.26528661052976,302.50524907357755,0
2023-06-21,SKU_006,246.00813941125188,217.42196262798524,273.6060803255077,0
2023-06-22,SKU_006,246.26382526013055,216.0520129899331,275.2197637489996,0
2023-06-23,SKU_006,278.80258197687255,250.42204796707716,308.5310383823871,0
2023-06-24,SKU_006,330.6694975886588,302.17896999722956,358.6597066079275,0
2023-06-25,SKU_006,348.36521996347454,318.8510860037524,375.274377582082,0
2023-06-26,SKU_006,334.76349829074746,306.6385623327884,363.488997266103,0
2023-06-27,SKU_006,283.08374438032496,253.17164951297076,313.0279503763661,0
2023-06-28,SKU_006,253.5490745847918,224.9229115260671,281.01000566260444,0
2023-06-29,SKU_006,253.88507515616772,224.39034023202782,281.7096647192018,0
2023-06-30,SKU_006,286.4059307507696,258.68373045146507,312.12179184256,0
2023-07-01,SKU_006,338.15909995148553,310.1797002141063,366.3546598309796,0
2023-07-02,SKU_006,355.6508720944251,325.2027904014627,384.40582921764457,0
2023-07-03,SKU_006,341.7637831109824,312.85007080318314,370.10080589018963,0
2023-07-04,SKU_006,289.728946936659,259.4180689372741,317.3167948213566,0
2023-07-05,SKU_006,259.7837696049473,233.57333139722468,290.6312070518119,0
2023-07-06,SKU_006,259.6702982843077,230.9775377608014,286.45673483995375,0
2023-07-07,SKU_006,291.72085727606435,260.85025003119813,320.23264323066945,0
2023-07-08,SKU_006,343.00216963201854,313.8505638385865,371.43623251653526,0
2023-07-09,SKU_006,360.04031550942193,330.3607530268765,388.1274216530509,0
2023-07-10,SKU_006,345.7375233475504,316.2940921667822,372.8520270261197,0
2023-07-11,SKU_006,293.34386974518657,265.22690441942024,320.9068615673627,0
2023-07-12,SKU_006,263.1143748836724,236.50263977363838,292.5214594852427,0
2023-07-13,SKU_006,262.80676524103984,234.70045970131844,291.6476429310851,0
2023-07-14,SKU_006,294.7665742874184,267.0160030360434,324.3381879340841,0
2023-07-15,SKU_006,346.0707970750455,315.9509807363973,372.5069216413484,0
2023-07-16,SKU_006,363.2524651626282,335.46022083163854,391.10278769442283,0
2023-07-17,SKU_006,349.2171508309558,321.0297649830769,379.26383729636854,0
2023-07-18,SKU_006,297.21448652440785,268.7580046195879,325.973220235199,0
2023-07-19,SKU_006,267.49519323472623,238.75624563240618,295.0511344567285,0
2023-07-20,SKU_006,267.80889304938216,238.70196662055915,297.69023158741044,0
2023-07-21,SKU_006,300.4893765003001,272.0228782257828,327.85726989987035,0
2023-07-22,SKU_006,352.598537015799,324.54229264001094,379.7995859119458,0
2023-07-23,SKU_006,370.6513318285067,342.96011112838875,400.6465794669064,0
2023-07-24,SKU_006,357.53276793426056,328.3658592212443,384.05164459953323,0
2023-07-25,SKU_006,306.46998566557835,279.93624319809874,335.8909653532348,0
2023-07-26,SKU_006,277.6899176210281,248.45100571172702,304.20765124151416,0
2023-07-27,SKU_006,278.91778003783986,249.62345613655154,308.65481509288077,0
2023-07-28,SKU_006,312.46304748608645,283.41348767572777,339.98780364195335,0
2023-07-29,SKU_006,365.36410238595084,338.90404321340117,395.2222043074059,0
2023-07-30,SKU_006,384.11389747116135,353.55955181665917,410.07415185225096,0
2023-07-31,SKU_006,371.5776087661242,344.6525137080688,400.1822304035819,0
2023-08-01,SKU_006,320.96533146358297,293.67767188384124,348.1927061439015,0
2023-08-02,SKU_006,292.4902776670127,263.5001628351303,319.9949829010573,0
2023-08-03,SKU_006,293.8677163813489,265.86908708429115,321.85706102519725,0
2023-08-04,SKU_006,327.401292398525,296.49414328367027,355.2054621157005,0
2023-08-05,SKU_006,380.12790434252923,351.4316044937171,409.71226789671897,0
2023-08-06,SKU_006,398.54347206779926,368.2580526484605,427.52991021504107,0
2023-08-07,SKU_006,385.5205666335624,356.83589887953053,413.49426834910645,0
2023-08-08,SKU_006,334.2809546117165,306.63526580496415,365.09725270667883,0
2023-08-09,SKU_006,305.0535188794564,275.8680524664524,334.1381380924756,0
2023-08-10,SKU_006,305.5728031201436,276.06448237492356,333.46124763554235,0
2023-08-11,SKU_006,338.16482709224215,309.8747838332295,365.87834102985806,0
2023-08-12,SKU_006,389.891366572175,358.5497386667434,417.7358379757119,0
2023-08-13,SKU_006,407.27504468166376,378.43016837428604,435.8521777254147,0
2023-08-14,SKU_006,393.21622673247856,367.46558091631715,421.6076680586066,0
2023-08-15,SKU_006,340.9647911276737,314.9404191066732,371.12487465256237,0
2023-08-16,SKU_006,310.7772605049636,281.84504239061954,338.24220527580843,0
2023-08-17,SKU_006,310.41456301484754,282.38893122638194,337.4351666883056,0
2023-08-18,SKU_006,342.2270934271265,314.5951679993395,370.64771078338987,0
2023-08-19,SKU_006,393.29828991030234,363.9881049221942,423.0600950580824,0
2023-08-20,SKU_006,410.1690937999988,384.198114345311,439.076642775342,0
2023-08-21,SKU_006,395.75430314496066,368.3837645586554,425.61359015546293,0
2023-08-22,SKU_006,343.3139087303458,314.21020878177734,369.71335520986224,0
2023-08-23,SKU_006,313.10990994704,286.52049688928486,342.492628104628,0
2023-08-24,SKU_006,312.903890170493,284.28113245203474,341.5669045281221,0
2023-08-25,SKU_006,345.0420275172145,317.7679908369652,373.599150701536,0
2023-08-26,SKU_006,396.59875901139344,366.12263783470615,427.9924848192523,0
2023-08-27,SKU_006,414.10146379251506,388.06487115645274,441.713083180446,0
2023-08-28,SKU_006,400.4471705089917,373.0102163864679,430.3502159233903,0
2023-08-29,SKU_006,348.87436818079266,322.0313590408066,377.71858498971744,0
2023-08-30,SKU_006,319.6204049613468,292.40191890361325,349.59287274793337,0
2023-08-31,SKU_006,320.4197383884782,289.92095091022856,348.120676879903,0
2023-09-01,SKU_006,353.58969413979275,323.61891810131675,382.168506644959,0
2023-09-02,SKU_006,406.17493040157666,377.77819304870786,436.33919758088047,0
2023-09-03,SKU_006,424.6729509075721,396.046751469429,454.0193671138494,0
2023-09-04,SKU_006,411.9516483151564,383.8324969092534,439.3399809142134,0
2023-09-05,SKU_006,361.2219334749242,331.81221330147474,389.317837792942,0
2023-09-06,SKU_006,332.6959117125223,302.75369046365887,360.0422542552202,0
2023-09-07,SKU_006,334.0858475170863,304.6410130165861,362.96639183179343,0
2023-09-08,SKU_006,367.6905541845854,339.8379720076878,395.1666202113587,0
2023-09-09,SKU_006,420.5403874112693,392.3299900385276,450.0702994514702,0
2023-09-10,SKU_006,439.123170626816,409.56964404117787,466.4311215084853,0
2023-09-11,SKU_006,426.30202179273186,398.6394018913108,455.3787243417178,0
2023-09-12,SKU_006,375.2881289228325,346.0266080995242,404.6878855051292,0
2023-09-13,SKU_006,346.2989310594482,318.4737686925827,374.99278047337424,0
2023-09-14,SKU_006,347.0569457430037,318.18609709069096,374.56026130248614,0
2023-09-15,SKU_006,379.87588322004024,351.8054511867243,408.0427736249903,0
2023-09-16,SKU_006,431.8052340539862,402.17339444070393,460.65505273754815,0
2023-09-17,SKU_006,449.3556691681633,422.4656054664571,477.86282010033693,0
2023-09-18,SKU_006,435.41623710693324,408.3747059853388,462.43495459789,0
2023-09-19,SKU_006,383.226423266052,354.73540147971363,413.50133481745047,0
2023-09-20,SKU_006,353.0335482110815,326.85675599951793,382.3780408176568,0
2023-09-21,SKU_006,352.5907682367661,323.12239787323193,381.739674019925,0
2023-09-22,SKU_006,384.24234181404654,355.9612825765046,413.49346801872883,0
2023-09-23,SKU_006,435.0673725499423,405.0952136688544,460.25744159425176,0
2023-09-24,SKU_006,451.60439171444983,423.7824430235193,479.1629454476659,0
2023-09-25,SKU_006,436.7677879398063,410.8830942076498,464.1143007588215,0
2023-09-26,SKU_006,383.81917076372105,356.3436726576648,414.41325242125095,0
2023-09-27,SKU_006,353.0241645670645,322.6450660136338,381.3241349519367,0
2023-09-28,SKU_006,352.14991302074515,321.6483900284644,380.42783377012626,0
2023-09-29,SKU_006,383.5499715042794,354.0537000708789,409.95159596123665,0
2023-09-30,SKU_006,434.307808423833,405.5211293283252,462.8557291762451,0
2023-10-01,SKU_006,450.9612849779178,422.5623245888754,481.939849841071,0
2023-10-02,SKU_006,436.41912349378305,406.5943440802172,467.3305416767288,0
2023-10-03,SKU_006,383.93244945907355,358.2159073527181,412.10348411169184,0
2023-10-04,SKU_006,353.7518982633824,326.5282356231964,384.2225858908673,0
2023-10-05,SKU_006,353.6255573909271,324.0925178407275,380.6352559227228,0
2023-10-06,SKU_006,385.88440860207845,357.6599024699232,415.6975590072763,0
2023-10-07,SKU_006,437.58647493261213,409.2572949499354,467.31564691969106,0
2023-10-08,SKU_006,455.24202326397534,425.9336798882652,481.7388525713036,0
2023-10-09,SKU_006,441.7308116470476,412.2560214046513,471.371077487485,0
2023-10-10,SKU_006,390.2744439788494,361.918068945232,418.25861107467654,0
2023-10-11,SKU_006,361.094299763168,330.7929070089467,388.59914558638,0
2023-10-12,SKU_006,361.91028604163137,333.7258344717589,391.0623085437545,0
2023-10-13,SKU_006,395.0270529815305,365.97287144357745,423.49182579065956,0
2023-10-14,SKU_006,447.47885600181877,417.40599679157646,475.0985705912845,0
2023-10-15,SKU_006,465.7553950260033,436.21768905607735,493.86221358608907,0
2023-10-16,SKU_006,452.7196022364934,422.42582360077074,481.94271045949716,0
2023-10-17,SKU_006,401.5804260411147,371.9643275723054,430.0608391354234,0
2023-10-18,SKU_006,372.5510672640616,345.71820969403257,401.2234033585851,0
2023-10-19,SKU_006,373.3479067165589,346.0078660793261,399.76024420552767,0
2023-10-20,SKU_006,406.2767614197552,378.0933537391915,436.0125837169789,0
2023-10-21,SKU_006,458.37765214540127,429.47649714728084,485.9191264955855,0
2023-10-22,SKU_006,476.15041658111164,447.2529958307681,505.19862965972976,0
2023-10-23,SKU_006,462.4721470242065,432.3046736803735,489.7348786656647,0
2023-10-24,SKU_006,410.5695114336003,381.26390771905733,440.2448670618655,0
2023-10-25,SKU_006,380.6764282010419,352.86792674497315,408.87850173756823,0
2023-10-26,SKU_006,380.53235096059365,351.20618911926385,409.483284865812,0
2023-10-27,SKU_006,412.46782016118783,384.975714258852,440.27454119302985,0
2023-10-28,SKU_006,463.54848522888335,432.8964445348415,492.21001042288304,0
2023-10-29,SKU_006,480.2999538716231,451.89232362614865,506.2935293522972,0
2023-10-30,SKU_006,465.6244700929693,434.6189750611093,493.4640473560718,0
2023-10-31,SKU_006,412.77250216130756,383.29634858572086,441.15247897457743,0
2023-11-01,SKU_006,381.9997324221208,353.1555434735658,409.60165572821836,0
2023-11-02,SKU_006,381.06472513457993,352.98156850759324,409.074441980337,0
2023-11-03,SKU_006,412.31394710141285,383.98386792963015,440.5106818308869,0
2023-11-04,SKU_006,462.82535990487276,432.9651143502188,490.5344583862898,0
2023-11-05,SKU_006,479.13295251293835,454.3379340536847,508.2924914684976,0
2023-11-06,SKU_006,464.14322447294074,435.3855616346546,490.4680543445379,0
2023-11-07,SKU_006,411.10670593359174,383.6529835303644,439.11273315679216,0
2023-11-08,SKU_006,380.2750075466431,351.55120902992076,408.4504654771647,0
2023-11-09,SKU_006,379.39867387210836,350.64149704157876,409.697207893838,0
2023-11-10,SKU_006,410.812508461014,382.26378010139285,438.4402161273051,0
2023-11-11,SKU_006,461.5795796937543,432.85694711086575,491.0172845921662,0
2023-11-12,SKU_006,478.21626287120904,449.08321370616625,505.7629263530848,0
2023-11-13,SKU_006,463.6093128022642,436.29423213564337,491.75259410484,0
2023-11-14,SKU_006,410.9880347947537,384.47977730539867,440.4444522388673,0
2023-11-15,SKU_006,380.5820269824288,351.2532199246186,408.50440610995645,0
2023-11-16,SKU_006,380.11974631520116,350.89289743838344,409.1080446493185,0
2023-11-17,SKU_006,411.91454455493385,384.2655389688678,439.4177180685991,0
2023-11-18,SKU_006,463.00936164277675,433.4221405415925,493.223216642969,0
2023-11-19,SKU_006,479.90241099111745,452.50999820945526,506.72076592289136,0
2023-11-20,SKU_006,465.4648314073845,437.5943560079094,493.95079310072504,0
2023-11-21,SKU_006,412.91335598990315,384.5470550448385,443.08526352137017,0
2023-11-22,SKU_006,382.46845587901555,354.0789108793711,412.07035141728755,0
2023-11-23,SKU_006,381.85319909008774,353.11242454585886,410.911314177815,0
2023-11-24,SKU_006,413.37946201962023,384.104810536275,444.00944197684305,0
2023-11-25,SKU_006,464.09267561361247,434.82994801703717,491.06088422351075,0
2023-11-26,SKU_006,480.4974395944867,451.8543281046511,510.20950013163497,0
2023-11-27,SKU_006,465.4749814054537,437.7250293821204,492.0264062096237,0
2023-11-28,SKU_006,412.2555163508667,385.6832649078453,441.53975271686517,0
2023-11-29,SKU_006,381.07597626578047,350.68549845578906,409.20063634254575,0
2023-11-30,SKU_006,379.678359652664,351.7360797963873,408.64857906730833,0
2023-12-01,SKU_006,410.3953563814972,380.6565616156818,437.0462570096262,0
2023-12-02,SKU_006,460.29444702565587,431.88316997148934,489.5032044570651,0
2023-12-03,SKU_006,475.902829640866,449.4083162936437,504.415431571335,0
2023-12-04,SKU_006,460.1241719450846,432.15873553146565,489.1519570610805,0
2023-12-05,SKU_006,406.21026679460186,378.00762547393833,435.5206370303257,0
2023-12-06,SKU_006,374.4180798431298,345.2636162445642,402.8609691479772,0
2023-12-07,SKU_006,372.50746315367815,343.8079373841168,402.47674110525287,0
2023-12-08,SKU_006,402.8262073625501,374.44782885339043,432.1747264604601,0
2023-12-09,SKU_006,452.4536500584736,426.0753635903684,483.9018040813242,0
2023-12-10,SKU_006,467.92520833141924,438.17883612662496,495.876145468127,0
2023-12-11,SKU_006,452.1488456942732,426.2559443763852,481.51518138640967,0
2023-12-12,SKU_006,398.37656024481595,369.14514933895697,424.7449552161457,0
2023-12-13,SKU_006,366.8613883816689,339.8158674810504,394.81606540044703,0
2023-12-14,SKU_006,365.3551995569635,337.25340291883356,395.5999735419518,0
2023-12-15,SKU_006,396.1939526105004,368.41407357106283,425.00755388584923,0
2023-12-16,SKU_006,446.4416255790086,417.45435647692597,476.58729400675867,0
2023-12-17,SKU_006,462.6151776263456,431.1204202557427,490.75973877023597,0
2023-12-18,SKU_006,447.60154074042157,420.2956384374187,476.37631822052634,0
2023-12-19,SKU_006,394.62971246074454,368.0445761791936,423.98305001013273,0
2023-12-20,SKU_006,363.92842629145287,333.81429094228326,391.05912660834923,0
2023-12-21,SKU_006,363.2246552139482,334.16735379710906,391.1256162216996,0
2023-12-22,SKU_006,394.82959783622994,367.71610643773465,423.5140278516022,0
2023-12-23,SKU_006,445.78333724503926,417.51904893531946,474.96191172364615,0
2023-12-24,SKU_006,462.580509364364,432.84626385786385,490.7393084115274,0
2023-12-25,SKU_006,448.087957229736,420.4769118821698,477.6258770183826,0
2023-12-26,SKU_006,395.5174226196602,365.96239750378646,423.60220995150513,0
2023-12-27,SKU_006,365.08373335727276,337.6742150207806,393.66191797461977,0
2023-12-28,SKU_006,364.5037262664268,334.80823633510585,394.2257196231471,0
2023-12-29,SKU_006,396.08254239658794,368.45733665659026,425.1643444833762,0
2023-12-30,SKU_006,446.8584750729969,418.33180896137105,476.3576293875793,0
2023-12-31,SKU_006,463.32870160964757,435.2996816120473,489.7467195407808,0
2024-01-01,SKU_006,448.3668728676235,418.26266506217485,476.1231598537218,0
2024-01-02,SKU_006,395.19561370509086,365.12309201916236,422.89977257311733,0
2024-01-03,SKU_006,364.04439800720814,333.723227916466,391.95340573630773,0
2024-01-04,SKU_006,362.648047293274,334.1056101235977,392.5055419635824,0
2024-01-05,SKU_006,393.3325018921586,365.3694385052489,422.53564740060995,0
2024-01-06,SKU_006,443.15906062749053,412.9467115500441,471.84086413494776,0
2024-01-07,SKU_006,458.64943778214496,430.06076492418293,486.93806537853663,0
2024-01-08,SKU_006,442.702631491978,413.6484724009943,470.86422452901076,0
2024-01-09,SKU_006,388.5666779995248,357.3778788529611,416.5026446574329,0
2024-01-10,SKU_006,356.4957776668794,326.60959995228706,383.66383482666697,0
2024-01-11,SKU_006,354.2480639813168,324.8336726579142,384.7023881784259,0
2024-01-12,SKU_006,384.1706865175672,355.29975997061223,412.6258394367798,0
2024-01-13,SKU_006,433.34342423639885,406.2998556326756,459.4812469260193,0
2024-01-14,SKU_006,448.3031967961289,418.0719635565389,476.97642683104255,0
2024-01-15,SKU_006,431.9604844598807,401.86997696749506,459.6270357586341,0
2024-01-16,SKU_006,377.5707446206575,347.68421038408405,404.05761590767,0
2024-01-17,SKU_006,345.3913211458305,319.02235563879134,374.45449309693413,0
2024-01-18,SKU_006,343.17912458399206,315.4512031124091,372.03498273183493,0
2024-01-19,SKU_006,373.27575695523427,346.4131506587555,401.584031681457,0
2024-01-20,SKU_006,422.7512967048995,393.03602381082425,450.8658697241413,0
2024-01-21,SKU_006,438.1291065604535,409.803042213288,468.231162057151,0
2024-01-22,SKU_006,422.30266629445305,395.5025878827564,451.6050833259315,0
2024-01-23,SKU_006,368.5075063180402,339.8469776701178,398.1518610520546,0
2024-01-24,SKU_006,336.9787230591646,310.8887063908256,366.0828117246845,0
2024-01-25,SKU_006,335.4493362148862,308.1278801088527,363.06909641111235,0
2024-01-26,SKU_006,366.23614146781983,336.9559135468659,395.35926638524273,0
2024-01-27,SKU_006,416.3842525299726,386.61660587843437,443.31179780488577,0
2024-01-28,SKU_006,432.39267258968135,403.78612909612826,461.25770475060364,0
2024-01-29,SKU_006,417.1318742388018,389.46628671030516,446.8869808831401,0
2024-01-30,SKU_006,363.8164412760931,335.35251515405565,393.27662412577774,0
2024-01-31,SKU_006,332.6632319064679,306.9197098627491,362.37810665608686,0
2024-02-01,SKU_006,331.3903037100325,301.2861958117292,361.0896044934726,0
2024-02-02,SKU_006,362.3032365714026,335.6804122138568,392.56700301362287,0
2024-02-03,SKU_006,412.4400329032903,382.16058807026525,442.46893681810775,0
2024-02-04,SKU_006,428.29692393424733,399.52236999425816,455.56705318372514,0
2024-02-05,SKU_006,412.7460535554188,386.0514654268559,442.1411328563093,0
2024-02-06,SKU_006,359.0080893537864,331.07260455660065,388.55388558294345,0
2024-02-07,SKU_006,327.3102206122834,300.7425934503219,357.2208031022867,0
2024-02-08,SKU_006,325.38478792889845,295.79865680138965,352.7681911951527,0
2024-02-09,SKU_006,355.55518882229694,327.90949929295635,384.8851005714781,0
2024-02-10,SKU_006,404.88025050238184,375.88050834936473,434.74171780695207,0
2024-02-11,SKU_006,419.87941382342933,390.63237908178246,447.8796873335881,0
2024-02-12,SKU_006,403.4497179870488,374.7482730084135,432.32578165744826,0
2024-02-13,SKU_006,348.8376561506189,319.58624266724354,375.59823885689013,0
2024-02-14,SKU_006,316.29638401452354,287.166926034879,344.4624913035098,0
2024-02-15,SKU_006,313.5835494804126,288.0829818199365,343.2091202987486,0
2024-02-16,SKU_006,343.0464116432315,314.7544364531052,373.4023348961271,0
2024-02-17,SKU_006,391.7654639419214,363.9170593273669,419.5780684311627,0
2024-02-18,SKU_006,406.2789281873556,379.35599826186245,434.9467116168395,0
2024-02-19,SKU_006,389.49913011002036,361.8424538866961,418.7174756198661,0
2024-02-20,SKU_006,334.68384541568327,307.1522043134723,360.86712129285297,0
2024-02-21,SKU_006,302.09311442778966,274.4789326190031,331.54574855171694,0
2024-02-22,SKU_006,299.4868061190378,269.83657772869464,328.58584571054314,0
2024-02-23,SKU_006,329.2096088078388,300.11658009245554,356.72801314110865,0
2024-02-24,SKU_006,378.3346673763674,349.40675162738904,408.18006942183007,0
2024-02-25,SKU_006,393.3882346157072,364.24414951248446,421.91720125893244,0
2024-02-26,SKU_006,377.26634403841473,348.27337946930373,405.8203264193308,0
2024-02-27,SKU_006,323.2065856355058,293.41422453383905,350.88277126722744,0
2024-02-28,SKU_006,291.4454714292418,263.2047526086185,319.55409514500116,0
2024-02-29,SKU_006,289.7166564839468,263.1354206275513,319.0131197704811,0
2024-03-01,SKU_006,320.3366745216864,291.9140686956107,348.299857688407,0
2024-03-02,SKU_006,370.349387084744,341.4990646905892,399.1535011384353,0
2024-03-03,SKU_006,386.25149084906565,357.74391877354776,414.35683098470884,0
2024-03-04,SKU_006,370.9100659596061,343.13749321181893,400.9442695511509,0
2024-03-05,SKU_006,317.5352217337596,288.82541269420136,345.97472853697246,0
2024-03-06,SKU_006,286.33830121293386,258.4828835886588,314.7403529151651,0
2024-03-07,SKU_006,285.0308858376306,256.7962951511381,313.32478806302925,0
2024-03-08,SKU_006,315.9112362129812,287.0366031530159,344.15411594825514,0
2024-03-09,SKU_006,366.0093468897031,335.4096599792523,393.2279103993853,0
2024-03-10,SKU_006,381.8129414410246,354.3692012995894,409.6806770676141,0
2024-03-11,SKU_006,366.1853756207108,337.55309058722094,393.395193646005,0
2024-03-12,SKU_006,312.33849355339305,283.9561383381511,339.4582260935123,0
2024-03-13,SKU_006,280.4908910759504,252.5471891238313,310.64440454777485,0
2024-03-14,SKU_006,278.36682440678425,250.9823519124818,306.0523959304092,0
2024-03-15,SKU_006,308.2824013829453,280.4046127971371,335.90331448008556,0
2024-03-16,SKU_006,357.2902388185409,330.1903689616624,387.81418541962245,0
2024-03-17,SKU_006,371.90492210208316,344.7756055575322,399.35405606991907,0
2024-03-18,SKU_006,355.02024861267483,325.1622891796664,383.8659211190322,0
2024-03-19,SKU_006,299.8813172701596,270.8866939204217,327.2000482521291,0
2024-03-20,SKU_006,266.74307207675406,238.40055708274048,294.86534672467184,0
2024-03-21,SKU_006,263.3648944285617,235.96873264601442,294.89537271056366,0
2024-03-22,SKU_006,292.0992390929615,262.62493771004625,321.6580504159222,0
2024-03-23,SKU_006,340.0341906911397,310.9794657198571,370.2398169257173,0
2024-03-24,SKU_006,353.7179697213191,325.162332664698,381.50390127079334,0
2024-03-25,SKU_006,336.0752626632873,305.4359255940145,364.8044560153727,0
2024-03-26,SKU_006,280.3784636952961,253.25922282914436,309.83478425894674,0
2024-03-27,SKU_006,246.90432608190815,218.6825500835075,275.05007389392864,0
2024-03-28,SKU_006,243.43130548906302,213.70757820838577,272.4529244052361,0
2024-03-29,SKU_006,272.32427543022374,242.4397513612155,300.5956444932777,0
2024-03-30,SKU_006,320.67783906134713,292.06262285840415,349.90493620743484,0
2024-03-31,SKU_006,335.0406106494238,306.66650271834095,364.5802083284225,0
2024-04-01,SKU_006,318.33148100361814,289.9748039598353,345.87666057917437,0
2024-04-02,SKU_006,263.8109564778539,235.87612679737393,291.96382923345044,0
2024-04-03,SKU_006,231.73806723058925,203.74914016286584,258.11215044956776,0
2024-04-04,SKU_006,229.86812024408113,199.93685717561686,259.9897831974668,0
2024-04-05,SKU_006,260.5379663639983,231.68298913162215,287.8045558725327,0
2024-04-06,SKU_006,310.8099907548108,283.54411199465335,339.9804940286595,0
2024-04-07,SKU_006,327.19718181396826,300.0232380225612,356.3892546963017,0
2024-04-08,SKU_006,312.580271608027,283.70602369865395,341.6580421949213,0
2024-04-09,SKU_006,260.18001386728884,231.60263787042302,291.29198884791424,0
2024-04-10,SKU_006,230.21506996942787,202.53709482409212,258.56734139547973,0
2024-04-11,SKU_006,230.4007521832392,201.83955650671228,259.9078846099962,0
2024-04-12,SKU_006,263.0460708968102,236.21660532720344,291.2498699490787,0
2024-04-13,SKU_006,315.16624957115295,286.7694835049214,343.9400962964527,0
2024-04-14,SKU_006,333.24107705874536,303.8875172782492,359.99261142868335,0
2024-04-15,SKU_006,320.1220281421979,292.6065117874926,349.594497768966,0
2024-04-16,SKU_006,269.0052176766243,239.99567783058188,300.08412212671135,0
2024-04-17,SKU_006,240.08983759022294,211.8164774465227,267.2936520721429,0
2024-04-18,SKU_006,241.0773123223058,212.97734416162555,269.11510863376736,0
2024-04-19,SKU_006,274.2578056940826,246.45519323571045,302.3660664122008,0
2024-04-20,SKU_006,326.6552570094904,297.775201936784,355.93714195891334,0
2024-04-21,SKU_006,344.7532753223742,313.3396273305423,374.44596101372,0
2024-04-22,SKU_006,331.41286503514897,301.8070718261907,359.06929744734333,0
2024-04-23,SKU_006,279.84503566455373,251.48646858242049,308.6205039721225,0
2024-04-24,SKU_006,250.26876004624307,222.35457616009992,278.8316342806069,0
2024-04-25,SKU_006,250.40953123392495,221.26796662100355,280.13712953335227,0
2024-04-26,SKU_006,282.5851689366008,253.29029954991557,309.9329724297356,0
2024-04-27,SKU_006,333.8500737585387,306.13211650901997,362.72436555412156,0
2024-04-28,SKU_006,350.7202806816324,321.2493934122374,377.81689984409513,0
2024-04-29,SKU_006,336.09030882342614,309.78502581992007,364.2208285729639,0
2024-04-30,SKU_006,283.2048848683862,254.94464276047236,312.977771393329,0
2024-05-01,SKU_006,252.316028974363,223.54667862327423,282.5093463080359,0
2024-05-02,SKU_006,251.18077723142494,220.7499819378512,278.09457472109534,0
2024-05-03,SKU_006,282.14621394533526,254.95664926879107,311.1256184437498,0
2024-05-04,SKU_006,332.2930324260869,303.9443455489604,359.7085638266482,0
2024-05-05,SKU_006,348.1599935607414,320.4834983344718,378.78414573096467,0
2024-05-06,SKU_006,332.66289667795724,302.66624612891934,361.70604834714317,0
2024-05-07,SKU_006,279.0581379711782,250.91163395285446,306.9444797256864,0
2024-05-08,SKU_006,247.60737980592927,218.8497881763401,275.3595882151142,0
2024-05-09,SKU_006,246.0725817493926,219.00280369814718,275.3957049193764,0
2024-05-10,SKU_006,276.80107977516127,249.83419061751698,304.68676336230965,0
2024-05-11,SKU_006,326.8693254307683,296.06261157168876,355.4897672187794,0
2024-05-12,SKU_006,342.8076463075693,313.2191497613184,369.6391131748206,0
2024-05-13,SKU_006,327.5170282169714,298.84756261653405,357.984835979935,0
2024-05-14,SKU_006,274.24099330438435,243.95502569188415,303.25748299421946,0
2024-05-15,SKU_006,243.2230533789419,213.81724062117982,270.4540237455993,0
2024-05-16,SKU_006,242.2049970044116,213.35541376141015,269.44993136993276,0
2024-05-17,SKU_006,273.5126626382082,244.8079711248112,301.66601721876225,0
2024-05-18,SKU_006,324.2003907214346,291.51600923901253,352.67910534103,0
2024-05-19,SKU_006,340.77649427732223,311.98713772086126,367.95214755565775,0
2024-05-20,SKU_006,326.1207270732532,297.309000192462,354.72510562714274,0
2024-05-21,SKU_006,273.45680330288076,245.53920334931252,302.90787747008955,0
2024-05-22,SKU_006,243.01042945552626,214.9221518346505,271.4695086123022,0
2024-05-23,SKU_006,242.50809051070263,213.9443672449053,270.15705081897454,0
2024-05-24,SKU_006,274.2632290099224,247.7900106073259,299.96886548027317,0
2024-05-25,SKU_006,325.3209992285542,297.2022003718733,353.58557987246144,0
2024-05-26,SKU_006,342.18392866463853,314.69829769985665,371.08921367651607,0
2024-05-27,SKU_006,327.72946209669976,301.1124178480116,355.91639566306924,0
2024-05-28,SKU_006,275.1824419553938,249.02370115237932,303.3721405164661,0
2024-05-29,SKU_006,244.7729892509302,219.62567812513515,275.2349721436829,0
2024-05-30,SKU_006,244.2350329694907,214.1089583014521,272.74764463114286,0
2024-05-31,SKU_006,275.89213851451615,248.07130729151467,305.4615162468132,0
2024-06-01,SKU_006,326.80182820627834,300.11818558641306,353.51820435561126,0
2024-06-02,SKU_006,343.4807423310747,315.20194603722143,372.6951909973314,0
2024-06-03,SKU_006,328.8216329729374,300.5444593705795,358.61612243642907,0
2024-06-04,SKU_006,276.0652629378695,248.12242498911783,303.2038751714957,0
2024-06-05,SKU_006,245.4576931641015,213.7302971081231,275.1504134110587,0
2024-06-06,SKU_006,244.74822709685367,214.49505100096357,272.2063540719505,0
2024-06-07,SKU_006,276.2746796704901,248.7105727475396,306.6537901740172,0
2024-06-08,SKU_006,327.10718405191005,296.81550347403373,354.11777124738484,0
2024-06-09,SKU_006,343.77290012781924,315.6292964146495,372.3598636535304,0
2024-06-10,SKU_006,329.1726316015088,297.9859096547285,358.9647977887754,0
2024-06-11,SKU_006,276.55243591150406,247.2750770312502,303.0294279036963,0
2024-06-12,SKU_006,246.1607193808356,219.72798873368464,276.70371660487353,0
2024-06-13,SKU_006,245.7460919346544,215.52099227770506,272.3909059074395,0
2024-06-14,SKU_006,277.6426515637451,248.70489863014518,305.9654756664689,0
2024-06-15,SKU_006,328.9139108260188,301.3226816279057,357.76458476617347,0
2024-06-16,SKU_006,346.07772515794875,316.55844445213853,374.5784964133868,0
2024-06-17,SKU_006,332.0232224316528,306.2243101945907,359.5137077589512,0
2024-06-18,SKU_006,279.9828075804742,252.85592489525476,306.82336988948765,0
2024-06-19,SKU_006,250.18972166514322,221.5251524503411,279.83985136318177,0
2024-06-20,SKU_006,250.3764144685614,220.92687506245025,279.3367251618508,0
2024-06-21,SKU_006,282.8603838516678,251.75513285279882,313.4271362401648,0
2024-06-22,SKU_006,334.6886757420452,306.2659621734718,363.54919471718983,0
2024-06-23,SKU_006,352.363386165327,326.2687758798817,382.09808316077846,0
2024-06-24,SKU_006,338.75914544523056,309.23654920463343,364.9588640920674,0
2024-06-25,SKU_006,287.0956403298891,258.2199720461761,314.0385387201218,0
2024-06-26,SKU_006,257.59563621375,229.91453506434095,288.2629527637628,0
2024-06-27,SKU_006,257.9837430647497,229.6420697543964,287.960476062829,0
2024-06-28,SKU_006,290.5725649334472,261.98384734033755,318.1486429104786,0
2024-06-29,SKU_006,342.4074164260135,312.5362793956699,374.39930264564794,0
2024-06-30,SKU_006,359.99193931541043,330.7678281222466,389.9786808979919,0
2024-07-01,SKU_006,346.20559528001525,316.446549932895,374.22199758610356,0
2024-07-02,SKU_006,294.27608905373944,267.7937809387543,323.57308984634335,0
2024-07-03,SKU_006,264.4371863575916,233.7324436199439,292.5747443566249,0
2024-07-04,SKU_006,264.42717571403006,235.28555323549614,292.25162993373596,0
2024-07-05,SKU_006,296.5746227129906,269.43805963703977,324.9609449556294,0
2024-07-06,SKU_006,347.9426117271079,319.6578530407154,375.85729740007645,0
2024-07-07,SKU_006,365.05382246174014,336.97959944855666,393.1247381569923,0
2024-07-08,SKU_006,350.80743369267327,321.36057341909435,378.7528806566853,0
2024-07-09,SKU_006,298.4509265145946,269.3358029930641,326.55370258313576,0
2024-07-10,SKU_006,268.2372706124487,240.69296887724892,294.8340874789915,0
2024-07-11,SKU_006,267.92276234454187,241.3291458662225,296.5176045421059,0
2024-07-12,SKU_006,299.85218280492467,272.17853374804184,329.5015353142936,0
2024-07-13,SKU_006,351.1024897999878,321.93563317549194,379.4524373269958,0
2024-07-14,SKU_006,368.2074087806087,339.60127855001036,396.1210815398174,0
2024-07-15,SKU_006,354.0739334635722,324.2628700239168,382.855804671989,0
2024-07-16,SKU_006,301.9538093702271,273.89783549943706,330.3660386756066,0
2024-07-17,SKU_006,272.10051983088033,244.42415382930457,300.70183943946665,0
2024-07-18,SKU_006,272.2670256926549,244.2158768439361,300.47750349388826,0
2024-07-19,SKU_006,304.79094386453806,274.7426511397597,334.10062377351557,0
2024-07-20,SKU_006,356.7383769420518,327.80794635144,384.52238248121034,0
2024-07-21,SKU_006,374.62875622977305,346.29784040411704,402.31062148758167,0
2024-07-22,SKU_006,361.3517001405617,332.8597062889115,391.4582394867366,0
2024-07-23,SKU_006,310.13896425136386,280.03355600294464,339.7329158646674,0
2024-07-24,SKU_006,281.22196467279554,252.1856591100333,309.6323553340465,0
2024-07-25,SKU_006,282.3301358480979,252.73160700350053,311.63019436345604,0
2024-07-26,SKU_006,315.77677765116533,286.3096032771485,343.0122443711848,0
2024-07-27,SKU_006,368.60358714602006,339.2187868418011,395.20214332044503,0
2024-07-28,SKU_006,387.30621672898474,359.360037816592,416.50990482729173,0
2024-07-29,SKU_006,374.7518394508647,346.4984349492751,401.3908529721782,0
2024-07-30,SKU_006,324.1517766633785,293.54730739998007,353.98545351702967,0
2024-07-31,SKU_006,295.7196491899042,266.9842423599645,323.6149955145005,0
2024-08-01,SKU_006,297.17029397175037,268.0561565435751,328.1741175407313,0
2024-08-02,SKU_006,330.80608377097116,302.26534614020494,359.54501918034515,0
2024-08-03,SKU_006,383.66183040574936,356.05000880331255,412.44184582968137,0
2024-08-04,SKU_006,402.23060121226837,372.92965637627594,429.3450599562261,0
2024-08-05,SKU_006,389.38142075255746,360.0254622987382,418.14049247191093,0
2024-08-06,SKU_006,338.3319076447147,308.8844085780158,367.06223343200554,0
2024-08-07,SKU_006,309.3063063217378,279.95340544183165,337.2970263390281,0
2024-08-08,SKU_006,310.0341570894652,282.1514715751466,338.1388337910139,0
2024-08-09,SKU_006,342.8362496121989,314.1840557837947,371.05507383358923,0
2024-08-10,SKU_006,394.76904824524087,367.54276802696296,424.0350949369181,0
2024-08-11,SKU_006,412.34993257354853,383.92597553411616,441.1601548211244,0
2024-08-12,SKU_006,398.4742408517146,371.8667249647043,427.209470837225,0
2024-08-13,SKU_006,346.3871845849015,316.7212860022223,375.72141326297947,0
2024-08-14,SKU_006,316.34111426310363,286.12875431247744,344.5276743407546,0
2024-08-15,SKU_006,316.09340219759855,286.9017046854743,345.4872509586631,0
2024-08-16,SKU_006,347.9916085635461,319.24422257402244,378.89447784936624,0
2024-08-17,SKU_006,399.1171433696934,368.425588508296,426.6018348810147,0
2024-08-18,SKU_006,416.0097890896019,384.4908540786425,445.9543007150904,0
2024-08-19,SKU_006,401.58409280611244,370.13791242754047,429.3684362408264,0
2024-08-20,SKU_006,349.1007153071359,319.71328426902494,379.0344898667174,0
2024-08-21,SKU_006,318.8232339773989,290.3569880245566,347.6680330379551,0
2024-08-22,SKU_006,318.51567939911786,289.2409415853676,348.4181272934236,0
2024-08-23,SKU_006,350.5274824413724,322.8057206563689,380.7378258883668,0
2024-08-24,SKU_006,401.9370516198254,371.9107751829893,432.282311639432,0
2024-08-25,SKU_006,419.2763486873761,390.1321987209215,446.76250522482644,0
2024-08-26,SKU_006,405.44747058149875,377.6497396197044,433.9985344671724,0
2024-08-27,SKU_006,353.69432050573226,325.8354203133459,382.41283608757766,0
2024-08-28,SKU_006,324.2598564933466,295.5407895944842,352.7918620409783,0
2024-08-29,SKU_006,324.88418528308966,294.4208465128304,352.0777958604732,0
2024-08-30,SKU_006,357.89016294148024,328.7346777204453,385.87689526118317,0
2024-08-31,SKU_006,410.3277038383863,378.84316080668964,438.97087229634036,0
2024-09-01,SKU_006,428.69914545327254,401.5007620865618,458.4737688647083,0
2024-09-02,SKU_006,415.8766549203701,385.3690823767272,447.4062702786541,0
2024-09-03,SKU_006,365.0747367826397,338.23963064891666,393.4594826363479,0
2024-09-04,SKU_006,336.5083065685276,307.13632179669435,365.28721866552894,0
2024-09-05,SKU_006,337.89157454585404,309.0616497369963,366.5564923978125,0
2024-09-06,SKU_006,371.52437854849774,342.21378093456553,397.6078151002802,0
2024-09-07,SKU_006,424.43714652747383,395.2173228874885,451.4004570090767,0
2024-09-08,SKU_006,443.1168175477503,412.6372420423867,470.19181848254846,0
2024-09-09,SKU_006,430.4246911177118,399.3569555312904,458.3906957190327,0
2024-09-10,SKU_006,379.5692515069613,350.12930229660617,407.15381377182234,0
2024-09-11,SKU_006,350.76442243577674,321.51520972115804,381.4495581653243,0
2024-09-12,SKU_006,351.7284911030297,324.7890544922157,382.83731563260534,0
2024-09-13,SKU_006,384.770339084238,352.89761786143134,413.92554364775026,0
2024-09-14,SKU_006,436.934163435601,409.10407072282663,466.4403849317479,0
2024-09-15,SKU_006,454.72502339918344,425.0548972416048,482.0976148658132,0
2024-09-16,SKU_006,441.02619306495137,413.09090411074624,469.291930827627,0
2024-09-17,SKU_006,389.0713806140552,360.54985570667816,418.08034470296326,0
2024-09-18,SKU_006,359.10228659556475,331.9989757732905,388.1948000529723,0
2024-09-19,SKU_006,358.86675988295497,330.86771929281167,389.4131940234399,0
2024-09-20,SKU_006,390.70421056913153,362.5591665022061,419.45714155092304,0
2024-09-21,SKU_006,441.689486285141,411.73283010514086,469.6681886175478,0
2024-09-22,SKU_006,458.35757124078907,430.15958927296356,487.7174302540449,0
2024-09-23,SKU_006,443.6201123256485,413.4511303389445,470.38058922043325,0
2024-09-24,SKU_006,390.73685624552724,360.58134349054836,419.69094335907056,0
2024-09-25,SKU_006,359.97249221791606,331.58359179560745,390.55727891077106,0
2024-09-26,SKU_006,359.0941790144821,330.89354712173633,386.11778018267756,0
2024-09-27,SKU_006,390.4564332525888,362.2835241091498,419.43211796605,0
2024-09-28,SKU_006,441.1446000553051,413.24881699112314,468.1230990476304,0
2024-09-29,SKU_006,457.6992765913817,428.2468263218146,487.2468653774031,0
2024-09-30,SKU_006,443.0327003028823,414.7755412506935,470.963561455784,0
2024-10-01,SKU_006,390.40018931455836,360.46523213917453,416.8387966768184,0
2024-10-02,SKU_006,360.0571290192568,330.7405432574727,387.6068740092421,0
2024-10-03,SKU_006,359.7567790803558,332.2751709987104,387.5118878115,0
2024-10-04,SKU_006,391.83556931045604,362.8455987530821,421.0252911079031,0
2024-10-05,SKU_006,443.3570934832351,415.1868470473927,473.30738345651383,0
2024-10-06,SKU_006,460.83715624123954,431.913386231113,488.0579247907983,0
2024-10-07,SKU_006,447.1608667365121,418.60442570941393,474.50470290625896,0
2024-10-08,SKU_006,395.5548460342416,366.7861319430753,425.54963694223795,0
2024-10-09,SKU_006,366.24502011339047,338.462208211869,397.27984306347827,0
2024-10-10,SKU_006,366.95524949559916,339.4332889932976,396.0712438041688,0
2024-10-11,SKU_006,399.9934403772288,372.49428402940697,426.98407362014154,0
2024-10-12,SKU_006,452.396323046325,423.75540215388713,481.61751195028603,0
2024-10-13,SKU_006,470.655230457584,440.1616007316191,500.06720910920717,0
2024-10-14,SKU_006,457.6338499354073,430.5377806053052,488.47047668496884,0
2024-10-15,SKU_006,406.5409965986448,377.4050721154357,433.93168269048095,0
2024-10-16,SKU_006,377.5888646449308,349.2548201337555,405.1595520417344,0
2024-10-17,SKU_006,378.4919950345573,350.1605618774731,405.52614934094066,0
2024-10-18,SKU_006,411.5535955042368,384.25523748854494,441.66077520463733,0
2024-10-19,SKU_006,463.8103935433851,434.7973167245333,494.75590012365456,0
2024-10-20,SKU_006,481.75835399393094,453.38779449159,509.8983892886152,0
2024-10-21,SKU_006,468.2702369801076,439.74129492262705,497.7839797303927,0
2024-10-22,SKU_006,416.56805136012093,385.6551105826613,446.3173983214465,0
2024-10-23,SKU_006,386.88087008167025,357.34579906897284,415.9478195511247,0
2024-10-24,SKU_006,386.9432595672202,358.99185114358914,414.6987636761771,0
2024-10-25,SKU_006,419.08097555645736,390.6784086273402,447.0537920487393,0
2024-10-26,SKU_006,470.35512497757816,441.74866600276266,499.20552839220886,0
2024-10-27,SKU_006,487.2871462967537,458.99802748605583,516.2833682975365,0
2024-10-28,SKU_006,472.7756060879133,442.0965371603908,500.4410606283334,0
2024-10-29,SKU_006,420.0678896358099,390.5261332879777,448.7841149976113,0
2024-10-30,SKU_006,389.4172744983111,362.0592519264725,419.4003640205767,0
2024-10-31,SKU_006,388.5806609424588,361.3861049158471,416.71049066807774,0
2024-11-01,SKU_006,419.90363209473827,390.6998621369787,448.4109271073789,0
2024-11-02,SKU_006,470.4640617945803,439.932631457145,498.370203748995,0
2024-11-03,SKU_006,486.7966385025907,457.6691517467314,518.1196893108461,0
2024-11-04,SKU_006,471.80931591588376,443.91688100251565,501.41757028539485,0
2024-11-05,SKU_006,418.75477766784593,389.7884991775006,445.8034571174284,0
2024-11-06,SKU_006,387.88741096385303,359.3761185906837,416.35223180939056,0
2024-11-07,SKU_006,386.96106521170475,360.3660570977574,413.4692738629571,0
2024-11-08,SKU_006,418.3142667866261,387.4642720940642,447.670401480757,0
2024-11-09,SKU_006,469.01410244577437,438.42806297633285,496.0565452986684,0
2024-11-10,SKU_006,485.58113066364666,455.9368141151403,515.439860416958,0
2024-11-11,SKU_006,470.9063191554175,443.7340569891425,500.5233993054429,0
2024-11-12,SKU_006,418.22308062861833,391.45892674934606,445.2600120884388,0
2024-11-13,SKU_006,387.76488382081357,357.7537074228919,416.7917320777029,0
2024-11-14,SKU_006,387.2636961521598,360.1545190857174,416.52654152548337,0
2024-11-15,SKU_006,419.03590807335786,391.1466286407221,447.1808042952495,0
2024-11-16,SKU_006,470.1269298618632,442.03710426353103,498.0370307400406,0
2024-11-17,SKU_006,487.0367983365525,457.7268309038285,514.9325256742783,0
2024-11-18,SKU_006,472.6377705619381,443.91165876535246,499.78831546010883,0
2024-11-19,SKU_006,420.14695663462334,391.7834865353798,449.23732375498065,0
2024-11-20,SKU_006,389.7844505013539,361.88753995631095,420.24167553495676,0
2024-11-21,SKU_006,389.27219941263417,360.57484776979436,416.71364636238974,0
2024-11-22,SKU_006,420.9202492171622,392.40922126605295,450.63817033292065,0
2024-11-23,SKU_006,471.77154660815984,443.9645277521651,499.5752250448184,0
2024-11-24,SKU_006,488.3276296686273,461.4361936372905,516.2444688488756,0
2024-11-25,SKU_006,473.4661813609685,443.3105069523879,500.628359370254,0
2024-11-26,SKU_006,420.4134993936617,391.0801285395975,449.68301759288227,0
2024-11-27,SKU_006,389.40234648133986,361.196119717551,417.1783945768991,0
2024-11-28,SKU_006,388.1704302260419,361.92101607405704,416.8002399460721,0
2024-11-29,SKU_006,419.04616176486024,391.6953123659367,446.4919712102018,0
2024-11-30,SKU_006,469.0928891681628,440.66977570894096,499.88605231278393,0
2024-12-01,SKU_006,484.8339543024886,456.5117551016637,512.1548690433618,0
2024-12-02,SKU_006,469.16956714767286,440.65674767173675,498.56404925632336,0
2024-12-03,SKU_006,415.3485717179373,386.501364145182,442.8374894321873,0
2024-12-04,SKU_006,383.62558909284706,354.35877274546857,412.41209562276686,0
2024-12-05,SKU_006,381.7588083838909,357.21625629082445,414.5188095018666,0
2024-12-06,SKU_006,412.09509584550824,383.95664711719525,440.4088740533106,0
2024-12-07,SKU_006,461.71363800609663,431.7478817335293,492.0709508995874,0
2024-12-08,SKU_006,477.15048565584846,451.068329897029,504.8749149325183,0
2024-12-09,SKU_006,461.31500848344206,430.9339695635118,490.3571018534625,0
2024-12-10,SKU_006,407.46134752174504,377.37450812455825,436.4314050229551,0
2024-12-11,SKU_006,375.8453607266391,347.159565489005,404.70082889622125,0
2024-12-12,SKU_006,374.22233885216485,346.89441005383514,402.6409166370262,0
2024-12-13,SKU_006,404.93216447522207,377.4730788545599,435.7787724632326,0
2024-12-14,SKU_006,455.04312893758413,426.76691834667776,481.5214022929401,0
2024-12-15,SKU_006,471.0767691878242,440.53675329432434,499.09352743124276,0
2024-12-16,SKU_006,455.92472586838386,427.7698840425761,484.14532387416654,0
2024-12-17,SKU_006,402.8206980140226,373.7325160661903,431.2834965101226,0
2024-12-18,SKU_006,371.9979748926253,343.3433931213027,399.46545324794283,0
2024-12-19,SKU_006,371.1878047999266,341.4359635916423,399.22335242206645,0
2024-12-20,SKU_006,402.7052542673638,374.16772733456116,433.1127213932515,0
2024-12-21,SKU_006,453.59375159176415,424.38380663409316,482.6346283607746,0
2024-12-22,SKU_006,470.35065497119376,441.28217300864355,498.0483097271091,0
2024-12-23,SKU_006,455.84482469645707,426.6129929512432,483.93014996862973,0
2024-12-24,SKU_006,403.2892533405454,373.1556159640969,431.69425659394807,0
2024-12-25,SKU_006,372.89921414853745,343.7933053683063,400.8236021606865,0
2024-12-26,SKU_006,372.3911688350185,344.2722598062587,401.4871372397623,0
2024-12-27,SKU_006,404.069071917963,372.6091029610845,433.0960844836195,0
2024-12-28,SKU_006,454.96925193544325,427.0003055281569,482.59241408436253,0
2024-12-29,SKU_006,471.58619945249995,444.5549464709807,499.25544139424386,0
2024-12-30,SKU_006,456.79023442400654,429.59355411094515,483.3728945744486,0
2024-12-31,SKU_006,403.80010368633714,374.4040875919216,430.5971426729248,1
2025-01-01,SKU_006,372.84096942294093,343.5191475136589,398.6453994231766,1
2025-01-02,SKU_006,371.6430342560018,342.97008568865306,400.2901013890549,1
2025-01-03,SKU_006,402.527448217103,372.36289937802655,432.19058340625946,1
2025-01-04,SKU_006,452.55068950714434,424.14554116182273,482.8959857669867,1
2025-01-05,SKU_006,468.22976362650564,437.636795143773,498.32630034676714,1
2025-01-06,SKU_006,452.4592107846141,424.88772348597644,479.8808009724723,1
2025-01-07,SKU_006,398.4829918691814,368.7417744669929,427.38769588549354,1
2025-01-08,SKU_006,366.55173491495117,339.4064895467083,395.4152076229191,1
2025-01-09,SKU_006,364.42060976981816,334.958912599428,391.7062851289452,1
2025-01-10,SKU_006,394.4344985707025,366.22137086286796,422.9549175852562,1
2025-01-11,SKU_006,443.67167592655295,415.19236819563696,471.8422385114349,1
2025-01-12,SKU_006,458.6683643612828,429.7298546056754,487.72709836064536,1
2025-01-13,SKU_006,442.33517424726176,413.5614992765871,471.06514896319425,1
2023-01-01,SKU_007,216.847835371247,183.27286913492102,251.01993448013158,0
2023-01-02,SKU_007,163.00202949694432,131.51827569344573,198.59512482213407,0
2023-01-03,SKU_007,121.10478586049572,86.54499185973481,156.35419211599063,0
2023-01-04,SKU_007,121.20174882792188,84.44881946478924,157.80039718504452,0
2023-01-05,SKU_007,164.8902337629882,131.10038690975344,200.1858141971866,0
2023-01-06,SKU_007,222.74676438293508,186.95997328039496,257.23622388153007,0
2023-01-07,SKU_007,245.157903862701,211.6287386922375,279.0867036304988,0
2023-01-08,SKU_007,220.61908543094756,188.53213631071924,255.18085399099238,0
2023-01-09,SKU_007,166.56405912760297,130.75896758906404,204.64700877058374,0
2023-01-10,SKU_007,124.46830893753693,89.47701051094059,159.86231108776147,0
2023-01-11,SKU_007,124.38976273616757,90.58503057807317,156.6874819742885,0
2023-01-12,SKU_007,167.93684568517253,134.0947555306337,202.97570349044236,0
2023-01-13,SKU_007,225.69568359518766,192.15962240660468,260.6513613976156,0
2023-01-14,SKU_007,248.06065060396668,214.44742596757496,285.20346410237477,0
2023-01-15,SKU_007,223.5329753212332,188.75121970049426,259.7209342020332,0
2023-01-16,SKU_007,169.55002872120087,134.48261758753353,205.5969771856189,0
2023-01-17,SKU_007,127.58865258950658,92.60546161301804,162.33317492371393,0
2023-01-18,SKU_007,127.70585341677037,94.20374828351711,162.07032277758583,0
2023-01-19,SKU_007,171.50691260811448,137.21800686936768,209.28295586502915,0
2023-01-20,SKU_007,229.5727175252507,193.85832823929798,264.2432150953978,0
2023-01-21,SKU_007,252.29050354280952,220.15111310887482,287.28095916961036,0
2023-01-22,SKU_007,228.1527150482167,192.11244854487356,263.322325687817,0
2023-01-23,SKU_007,174.58660058668806,137.51469936650696,207.39926828493066,0
2023-01-24,SKU_007,133.0578912552681,96.64494088262653,167.2603063530651,0
2023-01-25,SKU_007,133.61187621040892,97.40606868173587,168.28128090239719,0
2023-01-26,SKU_007,177.84191410974535,142.77582572697048,213.75653583217252,0
2023-01-27,SKU_007,236.31717238415186,202.36543543986275,272.9879040671563,0
2023-01-28,SKU_007,259.413771569987,226.35625652929525,291.4784297576498,0
2023-01-29,SKU_007,235.61402988405771,201.11287079108823,267.82472095479704,0
2023-01-30,SKU_007,182.33641100521177,145.60662592607702,220.47048016332994,0
2023-01-31,SKU_007,141.03951284682722,106.49359126452906,175.17716468771033,0
2023-02-01,SKU_007,141.76340111062373,109.67801011432383,179.50689527393317,0
2023-02-02,SKU_007,186.0983179807589,151.26558173619458,218.4778630092319,0
2023-02-03,SKU_007,244.612551156359,207.7633269398235,280.63517536397603,0
2023-02-04,SKU_007,267.6836359028869,231.7123632844929,298.9015538380954,0
2023-02-05,SKU_007,243.7975828934517,210.9629597590433,279.27354177499603,0
2023-02-06,SKU_007,190.37873471286673,156.71316636127315,225.39832568577182,0
2023-02-07,SKU_007,148.8935910244487,113.72308935538992,183.21996347647385,0
2023-02-08,SKU_007,149.39191066528525,114.46818167527022,185.741903727394,0
2023-02-09,SKU_007,193.47512764369577,157.51077395466038,226.89906940196477,0
2023-02-10,SKU_007,251.72387480756146,215.69731636679433,286.5700802555941,0
2023-02-11,SKU_007,274.5287981367115,241.97012210667302,312.4803894569769,0
2023-02-12,SKU_007,250.38936612608268,217.47268944581276,287.17039063002403,0
2023-02-13,SKU_007,196.743289878054,162.22830508802573,232.69012806538197,0
2023-02-14,SKU_007,155.06990735151925,120.07362475216016,189.4836455896841,0
2023-02-15,SKU_007,155.43085376005183,119.02627469830718,190.5343096130905,0
2023-02-16,SKU_007,199.43806869774687,167.67609295717472,235.31496429073667,0
2023-02-17,SKU_007,257.68094682083097,224.40675743753843,291.439840543151,0
2023-02-18,SKU_007,280.55682706091164,246.7455129357539,314.74490967949885,0
2023-02-19,SKU_007,256.56953615886846,224.68425536259733,289.9000939380359,0
2023-02-20,SKU_007,203.15861025647314,168.87352021233622,238.2125790097083,0
2023-02-21,SKU_007,161.80255622943977,124.61240112677443,196.8287543731116,0
2023-02-22,SKU_007,162.55947925951165,129.27503066870779,197.0287427146623,0
2023-02-23,SKU_007,207.03512997624804,170.44492044093715,242.74745516984052,0
2023-02-24,SKU_007,265.810178193688,232.81197510766566,300.8553900778328,0
2023-02-25,SKU_007,289.2709060062555,256.21877077880157,325.22723109175473,0
2023-02-26,SKU_007,265.9080307400772,232.0699429005431,304.2256743157344,0
2023-02-27,SKU_007,213.14627541666914,177.9651234106615,247.22107517176144,0
2023-02-28,SKU_007,172.4480380859251,135.52299246777545,207.23157674164273,0
2023-03-01,SKU_007,173.8544758468395,140.63077391150927,209.70305518844646,0
2023-03-02,SKU_007,218.9540439744742,182.27492421525557,253.02381143574718,0
2023-03-03,SKU_007,278.3102831234286,243.67568554547358,312.3733448510146,0
2023-03-04,SKU_007,302.2930324683046,266.6025316632789,337.32013014207377,0
2023-03-05,SKU_007,279.37776395264325,242.96272421205788,312.5814426585747,0
2023-03-06,SKU_007,226.97564000263873,193.6868356095589,260.603272656157,0
2023-03-07,SKU_007,186.53763123479087,149.7592500652042,218.9824156924902,0
2023-03-08,SKU_007,188.09599605991627,153.57280114663223,222.80594663958064,0
2023-03-09,SKU_007,233.2331500168036,198.77497715984646,266.42751118490406,0
2023-03-10,SKU_007,292.50970693026534,256.81684341732944,325.82094269451403,0
2023-03-11,SKU_007,316.29586093432465,282.1036347166394,349.41837575107695,0
2023-03-12,SKU_007,293.07079803686935,260.87145842485603,327.69167649120226,0
2023-03-13,SKU_007,240.2527356461831,206.05055436556776,272.8468398982261,0
2023-03-14,SKU_007,199.30292531173194,163.32717986723205,234.7779511044001,0
2023-03-15,SKU_007,200.26692215109443,167.94404132647136,234.7097633529903,0
2023-03-16,SKU_007,244.74315300585528,209.7382890007956,278.69463563022384,0
2023-03-17,SKU_007,303.3105723878746,272.1549251704319,338.4539204281847,0
2023-03-18,SKU_007,326.3595846797349,289.7364031609086,361.4809846901941,0
2023-03-19,SKU_007,302.3909329609985,266.7488114522529,335.63510206259974,0
2023-03-20,SKU_007,248.84516652219278,216.0869527559113,284.8059005788252,0
2023-03-21,SKU_007,207.20603758640146,172.79670149092206,240.24395328756543,0
2023-03-22,SKU_007,207.5411470683615,170.93529571471424,242.64740709829368,0
2023-03-23,SKU_007,251.46988861218256,215.9163453184176,285.1509853861776,0
2023-03-24,SKU_007,309.5904973316844,275.41306201527647,344.6491330925295,0
2023-03-25,SKU_007,332.3103988810257,297.1699460624019,366.57879579894325,0
2023-03-26,SKU_007,308.1445756584316,271.89185053500853,341.27084755539653,0
2023-03-27,SKU_007,254.5445774579287,222.1719375344056,289.6754533164258,0
2023-03-28,SKU_007,213.0015407007865,178.04823449104592,248.22758613355006,0
2023-03-29,SKU_007,213.5865476736319,179.1329695225344,245.97154463472967,0
2023-03-30,SKU_007,257.91838423743707,222.4314830847741,290.41855811243704,0
2023-03-31,SKU_007,316.59050900942043,284.5407711358232,353.4374024480755,0
2023-04-01,SKU_007,340.0014333601535,305.79055850402335,375.8807910378703,0
2023-04-02,SKU_007,316.6532297706583,284.05951879192116,351.89111303848705,0
2023-04-03,SKU_007,263.9807935556857,230.74964031776068,295.39205784205177,0
2023-04-04,SKU_007,223.45521679288336,188.3721320027542,254.32152285490042,0
2023-04-05,SKU_007,225.12408157375313,190.45318346367898,259.76224559699676,0
2023-04-06,SKU_007,270.5813008650104,236.87384203584728,305.0633713227962,0
2023-04-07,SKU_007,330.39314538508023,293.6454299512382,366.14583214643784,0
2023-04-08,SKU_007,354.92980188106054,318.5255660086939,390.16839400338637,0
2023-04-09,SKU_007,332.6645827207165,296.1718492451839,368.4574475824756,0
2023-04-10,SKU_007,281.0039097832486,247.50905088613618,314.7957693869721,0
2023-04-11,SKU_007,241.39141262258084,207.77593094815813,275.7570871239786,0
2023-04-12,SKU_007,243.8494450733238,207.67798999789935,279.5795575864173,0
2023-04-13,SKU_007,289.9480491613839,255.3722479674217,324.3460904653699,0
2023-04-14,SKU_007,350.23314812731854,317.2635930792978,386.47339637908016,0
2023-04-15,SKU_007,375.05813598247994,341.4034914829461,408.2970962995896,0
2023-04-16,SKU_007,352.8835493327899,318.41800927221493,388.6773725118977,0
2023-04-17,SKU_007,301.107415648819,264.35079319532935,339.79406153842723,0
2023-04-18,SKU_007,261.1696078168435,227.29572325511995,296.6307085084951,0
2023-04-19,SKU_007,263.0935018177789,232.89496998077843,297.65950671104156,0
2023-04-20,SKU_007,308.454962094536,275.3728780472831,343.30329483527044,0
2023-04-21,SKU_007,367.8104352638998,335.364989836626,401.716120163486,0
2023-04-22,SKU_007,391.52832162182335,358.27278108569453,423.66076239130217,0
2023-04-23,SKU_007,368.08831535858724,333.82928240334815,400.746368557368,0
2023-04-24,SKU_007,314.9113158349772,280.91407405050273,348.15237502260794,0
2023-04-25,SKU_007,273.4632507320915,237.66336849739864,304.45220071597254,0
2023-04-26,SKU_007,273.79612139411347,241.01520352210056,311.1912594258221,0
2023-04-27,SKU_007,317.51631054195684,282.3451283090708,352.11307595114835,0
2023-04-28,SKU_007,375.21195035305226,339.94365787589317,410.5255488249542,0
2023-04-29,SKU_007,397.2537927660752,364.4893546608334,431.0790940344703,0
2023-04-30,SKU_007,372.1830232632103,339.4841163953936,407.82653470417665,0
2023-05-01,SKU_007,317.4511781399696,284.24572377042193,348.9643640191877,0
2023-05-02,SKU_007,274.55298735114326,242.35645733907873,309.8780185112526,0
2023-05-03,SKU_007,273.566740811543,238.24211014202984,309.15685021783236,0
2023-05-04,SKU_007,316.1219817564662,282.2799923904502,350.01615467342725,0
2023-05-05,SKU_007,372.82634065686113,342.60349157281513,407.78305028298615,0
2023-05-06,SKU_007,394.0957110737479,361.40484655485915,430.56672540907704,0
2023-05-07,SKU_007,368.4524885596669,333.9772840075915,403.68379176776125,0
2023-05-08,SKU_007,313.3545026118841,280.4412117404252,348.76813527679315,0
2023-05-09,SKU_007,270.2980068691262,234.17375406600996,304.4348588999493,0
2023-05-10,SKU_007,269.3580583499118,232.9097220344786,302.2389582157899,0
2023-05-11,SKU_007,312.15634193911114,275.65561011115705,346.1663751913939,0
2023-05-12,SKU_007,369.2882493164887,335.7888039019408,404.9113015189955,0
2023-05-13,SKU_007,391.1534064477062,356.3998439124471,427.2358615565164,0
2023-05-14,SKU_007,366.25436072471507,328.6717471495449,400.68913794754155,0
2023-05-15,SKU_007,312.0260452857272,275.9597518519681,346.8035172310084,0
2023-05-16,SKU_007,269.93937110622164,232.5988744961791,306.5807476535516,0
2023-05-17,SKU_007,270.04226136512887,237.7735297895294,306.1919092111954,0
2023-05-18,SKU_007,313.92816674094,279.1969876746799,347.8887082973366,0
2023-05-19,SKU_007,372.1638525079476,336.5618366265562,407.95208594562155,0
2023-05-20,SKU_007,395.1206329645303,359.25122301445504,428.83959950147056,0
2023-05-21,SKU_007,371.2737459184957,336.9775120251919,405.1919945555685,0
2023-05-22,SKU_007,318.0062862870775,282.1945975605275,351.92238826418185,0
2023-05-23,SKU_007,276.7919371834814,243.88844415311505,311.58856069935473,0
2023-05-24,SKU_007,277.6579897573564,244.64517997148548,313.83225694296334,0
2023-05-25,SKU_007,322.18048608643704,287.0438113204994,356.4461568562285,0
2023-05-26,SKU_007,380.91236131973983,344.16029788452676,415.245237055006,0
2023-05-27,SKU_007,404.21493359858573,370.20296822588244,440.441396272131,0
2023-05-28,SKU_007,380.55742940894925,344.50982256057443,415.5122828594993,0
2023-05-29,SKU_007,327.3471420845511,290.92554381902653,360.88826237618304,0
2023-05-30,SKU_007,286.033558353897,249.09522964762004,320.17391019570346,0
2023-05-31,SKU_007,286.6497562145019,255.0366347563824,325.9090633510071,0
2023-06-01,SKU_007,330.78110632169705,295.50505861164106,363.3973293371085,0
2023-06-02,SKU_007,388.9930661346897,353.95801021173145,423.7162131074673,0
2023-06-03,SKU_007,411.66224557404985,376.835558044729,447.95099672230083,0
2023-06-04,SKU_007,387.2754448181972,352.1597182455257,420.8783368989745,0
2023-06-05,SKU_007,333.25927645244565,298.6061175012221,367.67188662455453,0
2023-06-06,SKU_007,291.0837224556075,255.18962084994084,325.80074051250875,0
2023-06-07,SKU_007,290.80294554856937,257.05839916203297,325.36777497985287,0
2023-06-08,SKU_007,334.02340352193033,299.5668777384582,368.8971407979341,0
2023-06-09,SKU_007,391.3310719445857,357.99097506071934,424.82946947033025,0
2023-06-10,SKU_007,413.1219694423217,380.3567045130729,447.50055412079683,0
2023-06-11,SKU_007,387.9007004760444,356.99865756621784,423.0905562083789,0
2023-06-12,SKU_007,333.1096406042624,300.3528000842353,368.99246846881226,0
2023-06-13,SKU_007,290.23212562544427,256.3007222626442,327.2642222450867,0
2023-06-14,SKU_007,289.32007087860376,253.3473956414297,325.1182240811556,0
2023-06-15,SKU_007,332.0005858344404,297.76132846775266,366.1821208217663,0
2023-06-16,SKU_007,388.8643730985557,354.00961866943976,423.3933858431508,0
2023-06-17,SKU_007,410.30912755835016,377.3276297175233,445.5630874866031,0
2023-06-18,SKU_007,384.8381392791432,350.7643541007348,419.9720768097147,0
2023-06-19,SKU_007,329.88962343505983,295.0588658571584,363.17661262458216,0
2023-06-20,SKU_007,286.9401326007534,250.65529897386023,320.81259770471246,0
2023-06-21,SKU_007,286.04537150111776,252.1122133034619,321.06447303687133,0
2023-06-22,SKU_007,328.8084591735173,296.90901478914304,361.80609239200066,0
2023-06-23,SKU_007,385.807436244997,349.22508087986074,418.9096556388488,0
2023-06-24,SKU_007,407.426200048698,375.1653416089091,441.0088615598568,0
2023-06-25,SKU_007,382.1535676760203,351.0809941105879,418.017101971961,0
2023-06-26,SKU_007,327.41307423201124,293.80058643341084,362.5819821151355,0
2023-06-27,SKU_007,284.6668476423785,252.83045529234806,318.665230310739,0
2023-06-28,SKU_007,283.9568665603404,247.60106863965777,316.60220642039997,0
2023-06-29,SKU_007,326.87363359480105,291.95776098318083,361.0922222411237,0
2023-06-30,SKU_007,383.98405000550804,347.69039431405594,417.98302353172403,0
2023-07-01,SKU_007,405.6626645286258,371.9307433643745,440.7601289520346,0
2023-07-02,SKU_007,380.3909881364008,343.8548668018806,415.0942857920667,0
2023-07-03,SKU_007,325.5874756901029,288.15573764414967,359.60083115631784,0
2023-07-04,SKU_007,282.7115116661985,247.3968690370966,318.619751117658,0
2023-07-05,SKU_007,281.8047045653201,246.52661992787907,316.0777307346355,0
2023-07-06,SKU_007,324.45952254109807,291.377418582609,359.3413457623104,0
2023-07-07,SKU_007,381.24705891729116,347.19367400537226,416.4482954299717,0
2023-07-08,SKU_007,402.5459538855232,370.62763848996656,438.0520097354342,0
2023-07-09,SKU_007,376.8479257486108,340.75908261684464,412.15328202462894,0
2023-07-10,SKU_007,321.5810109284452,287.0703896941301,355.9444709137999,0
2023-07-11,SKU_007,278.2153696320184,243.73632332108002,313.5339336341595,0
2023-07-12,SKU_007,276.80421761581033,242.41214192622232,310.88412329953115,0
2023-07-13,SKU_007,318.95207919507317,286.08953579369444,354.7591826619647,0
2023-07-14,SKU_007,375.24216221848314,342.2848076786131,408.3007918439198,0
2023-07-15,SKU_007,396.06704439231,360.43626670066044,429.8876797203534,0
2023-07-16,SKU_007,369.92738111741807,338.40608130063356,403.62035845336226,0
2023-07-17,SKU_007,314.26125519488903,281.01022622061225,351.55993138850124,0
2023-07-18,SKU_007,270.54752544284065,235.9852431681016,304.01914722022383,0
2023-07-19,SKU_007,268.8464985343217,233.69686266569394,304.90667175760916,0
2023-07-20,SKU_007,310.76797555104974,276.275922562583,345.20635406862175,0
2023-07-21,SKU_007,366.8984795793566,332.8067188033273,400.2302728540921,0
2023-07-22,SKU_007,387.6318574654462,352.33831292077485,421.24461840887966,0
2023-07-23,SKU_007,361.46796764950403,326.6627493419157,395.19901684949934,0
2023-07-24,SKU_007,305.8420742033897,273.0112466919456,340.13414459243546,0
2023-07-25,SKU_007,262.22830190422997,228.27668401396542,298.9392172857724,0
2023-07-26,SKU_007,260.6804725783984,226.07300517770415,297.3826574238879,0
2023-07-27,SKU_007,302.8003684024515,267.3935560330829,337.5506072121629,0
2023-07-28,SKU_007,359.1652211498459,321.88130582446,392.8397359996281,0
2023-07-29,SKU_007,380.1586118747051,344.999328812118,414.14463590183027,0
2023-07-30,SKU_007,354.26948331673526,319.7571818199157,392.6103182702944,0
2023-07-31,SKU_007,298.9218743898755,264.9690736135603,333.39025659783306,0
2023-08-01,SKU_007,255.5787229863098,221.00842310130267,289.98766524958836,0
2023-08-02,SKU_007,254.28304233309544,220.00294484506392,287.82701148102973,0
2023-08-03,SKU_007,296.62651034450835,259.8388105578421,331.1496416776204,0
2023-08-04,SKU_007,353.17725896356853,316.40323436890833,385.9145469891824,0
2023-08-05,SKU_007,374.31103943587135,339.01795938891934,408.53695044746297,0
2023-08-06,SKU_007,348.5104579895916,313.91191350158323,384.17848169946615,0
2023-08-07,SKU_007,293.19488529370346,257.8109392814501,329.9866170352647,0
2023-08-08,SKU_007,249.82437897773258,216.07391979731776,282.06990802797236,0
2023-08-09,SKU_007,248.44092555246976,214.30978169327489,282.41793474622136,0
2023-08-10,SKU_007,290.63703561380964,256.3375352266155,323.0824380194885,0
2023-08-11,SKU_007,346.9834819125798,312.0796196240665,383.67559719362373,0
2023-08-12,SKU_007,367.8603580735306,333.22716649381533,401.1866098229303,0
2023-08-13,SKU_007,341.7561563858067,309.3439670654175,376.06889245221157,0
2023-08-14,SKU_007,286.09747354537535,248.0031047020634,319.6110163435508,0
2023-08-15,SKU_007,242.35269050676453,206.2002669879569,274.0455117634015,0
2023-08-16,SKU_007,240.5729408013401,203.9572144541767,272.790984258175,0
2023-08-17,SKU_007,282.360410104159,246.76319606536427,316.1684908078904,0
2023-08-18,SKU_007,338.2957661318059,302.40426559836493,375.59747539063864,0
2023-08-19,SKU_007,358.76890644436946,324.6337418817491,394.2252311125444,0
2023-08-20,SKU_007,332.2777323656581,299.79664026939236,363.6779400952728,0
2023-08-21,SKU_007,276.257567361214,241.8263684079987,309.8904426656426,0
2023-08-22,SKU_007,232.1845748946167,195.2741853700985,265.7015228398683,0
2023-08-23,SKU_007,230.1164691634101,196.17741265971446,264.06725223362827,0
2023-08-24,SKU_007,271.66071300596,236.69033153991904,304.3833069071375,0
2023-08-25,SKU_007,327.4017182748244,295.4173085889993,360.8283864192614,0
2023-08-26,SKU_007,347.7315295931283,311.4854424806639,382.7832007826536,0
2023-08-27,SKU_007,321.148557477734,286.35491928631296,355.73594085190956,0
2023-08-28,SKU_007,265.0870088542151,230.25756206380862,297.6278646596286,0
2023-08-29,SKU_007,221.02036905397745,187.85236133228503,253.852792077305,0
2023-08-30,SKU_007,219.0022550609414,183.7355554929378,254.19354968375322,0
2023-08-31,SKU_007,260.6346855169742,225.56518933913634,294.95543286082415,0
2023-09-01,SKU_007,316.49556657361563,282.4489336671362,349.476615171927,0
2023-09-02,SKU_007,336.9695784394522,301.2069955598913,370.7070997487848,0
2023-09-03,SKU_007,310.54716550937246,276.10389805382516,344.13549770144425,0
2023-09-04,SKU_007,254.65424066387385,222.1663143471483,289.6422989921733,0
2023-09-05,SKU_007,210.75594884563287,177.83866014077313,248.19631400404796,0
2023-09-06,SKU_007,208.8978005080774,174.832504555612,245.42089239731806,0
2023-09-07,SKU_007,250.67421137800895,217.0803283204832,285.94914010484433,0
2023-09-08,SKU_007,306.6562389382469,271.2872771890132,342.3110701839078,0
2023-09-09,SKU_007,327.22269247230133,296.65772882877445,361.48015619766795,0
2023-09-10,SKU_007,300.85931245715017,264.735148658389,335.8127734705905,0
2023-09-11,SKU_007,244.9886239459968,212.90130468237697,279.4677537087206,0
2023-09-12,SKU_007,201.07380441451218,166.91989244559738,237.40435709947937,0
2023-09-13,SKU_007,199.15987351125682,163.80735389716773,234.16261147406973,0
2023-09-14,SKU_007,240.84223956176902,208.51147488949067,275.23675113808514,0
2023-09-15,SKU_007,296.69439325021744,262.118229660946,330.996579096928,0
2023-09-16,SKU_007,317.0989268837206,282.1609844872563,351.6986139311519,0
2023-09-17,SKU_007,290.54657853743186,257.08335225951055,325.7947527462626,0
2023-09-18,SKU_007,234.46590967447435,197.58923924620743,264.9875051580975,0
2023-09-19,SKU_007,190.32696330791882,159.5231307051946,225.9381004361534,0
2023-09-20,SKU_007,188.18221683190512,152.31532328654245,222.72183753339223,0
2023-09-21,SKU_007,229.634872338949,195.61836038918952,265.7586199911537,0
2023-09-22,SKU_007,285.2662833697956,249.6119164746302,319.22191035747693,0
2023-09-23,SKU_007,305.4667054382901,271.8805155019428,340.07912811450433,0
2023-09-24,SKU_007,278.7340782245525,242.1599965632546,314.98659412633407,0
2023-09-25,SKU_007,222.5034574102601,187.5168272590728,255.48797691165703,0
2023-09-26,SKU_007,178.25045075299332,143.6134600457191,213.94266495181697,0
2023-09-27,SKU_007,176.03198028619602,143.3896070951833,211.90810138233272,0
2023-09-28,SKU_007,217.4544198172346,183.7524377461184,252.4951228899101,0
2023-09-29,SKU_007,273.10091186027256,237.6227810948862,305.9194971153527,0
2023-09-30,SKU_007,293.36205515148083,257.1391951775675,327.51252906661944,0
2023-10-01,SKU_007,266.73467291812545,229.9931030158617,299.42569106756986,0
2023-10-02,SKU_007,210.65128056605133,178.3266412816362,247.0027460203168,0
2023-10-03,SKU_007,166.58360643307583,132.12190473806928,200.59256114890823,0
2023-10-04,SKU_007,164.58348495175676,130.3724521001449,199.02384974795086,0
2023-10-05,SKU_007,206.25116731585743,174.5705164945062,242.78041023957078,0
2023-10-06,SKU_007,262.16284830555986,225.88207067502694,294.46897199686373,0
2023-10-07,SKU_007,282.7015936919757,246.60919014435777,316.4164502648591,0
2023-10-08,SKU_007,256.35637064871037,221.63117042048682,290.0165738720002,0
2023-10-09,SKU_007,200.55179076768295,164.92470091238846,235.03600078556082,0
2023-10-10,SKU_007,156.75191286548778,122.26296910847012,191.33995638194733,0
2023-10-11,SKU_007,155.0014104431354,122.33932035503705,190.70992161612187,0
2023-10-12,SKU_007,196.89414484708948,160.61389146036004,230.26452898537656,0
2023-10-13,SKU_007,253.00093132341547,217.24232543246308,286.54819810196136,0
2023-10-14,SKU_007,273.7006746745366,238.05669159539758,309.0804447236264,0
2023-10-15,SKU_007,247.47956962928166,211.27207129534472,282.00611666717504,0
2023-10-16,SKU_007,191.7609698796537,155.70115444476215,224.8206150090738,0
2023-10-17,SKU_007,148.0092655725465,112.76304638933479,180.01459233361024,0
2023-10-18,SKU_007,146.27107603217513,112.35912695566688,181.28217424806152,0
2023-10-19,SKU_007,188.14379193935827,153.26956179560634,223.33142535548325,0
2023-10-20,SKU_007,244.20325683681565,209.9658098630352,277.54176724867705,0
2023-10-21,SKU_007,264.83476596326204,232.04220194450443,299.1488268765868,0
2023-10-22,SKU_007,238.53208103101704,200.8787208967654,272.9055688718127,0
2023-10-23,SKU_007,182.72707000598348,148.00144599825308,218.68856137259294,0
2023-10-24,SKU_007,138.89331824230493,101.45650101204204,173.4281838152974,0
2023-10-25,SKU_007,137.08702558330089,105.1023189702834,172.15702168170102,0
2023-10-26,SKU_007,178.91523253162237,145.8045195559643,215.0279302930126,0
2023-10-27,SKU_007,234.963175014335,203.51560736428138,270.33702002076626,0
2023-10-28,SKU_007,255.62495588337774,220.3887121355529,288.73023879606507,0
2023-10-29,SKU_007,229.40224209587535,191.2496676533823,263.8889150042916,0
2023-10-30,SKU_007,173.73360680895144,140.55728224846266,207.28839096339544,0
2023-10-31,SKU_007,130.09787247703343,95.67849661698119,166.68868241386485,0
2023-11-01,SKU_007,128.554778506447,93.49915331834218,160.395953459294,0
2023-11-02,SKU_007,170.71302463599497,133.27627508070495,201.98176858662026,0
2023-11-03,SKU_007,227.15749592500882,193.8941244249628,265.38983906989137,0
2023-11-04,SKU_007,248.27986287582308,214.97181157380678,284.3607548253435,0
2023-11-05,SKU_007,222.5772689141702,188.84311231614066,259.80307472024845,0
2023-11-06,SKU_007,167.4817260897126,132.9323701315918,201.09699565679495,0
2023-11-07,SKU_007,124.46357479570695,89.3789993675396,161.19991788588237,0
2023-11-08,SKU_007,123.57232889197658,86.52447421767893,157.80131740363137,0
2023-11-09,SKU_007,166.40495320351098,133.860975332728,198.50825020973807,0
2023-11-10,SKU_007,223.53337372845198,190.42080125720602,256.22680981284964,0
2023-11-11,SKU_007,245.33540637229478,211.29587139340123,280.9550892496981,0
2023-11-12,SKU_007,220.29380772532235,185.93214648267846,255.18399667532543,0
2023-11-13,SKU_007,165.82605871264343,130.65956088571585,201.6132645624854,0
2023-11-14,SKU_007,123.38822603247634,88.04274883057111,153.43048586383227,0
2023-11-15,SKU_007,123.01621131887626,87.76309519589228,156.65066422944204,0
2023-11-16,SKU_007,166.29442332112507,129.4804575501179,201.92489028529656,0
2023-11-17,SKU_007,223.78366186409187,185.62249011215485,258.1341091949523,0
2023-11-18,SKU_007,245.85238829207654,212.61565225461771,277.28343962343445,0
2023-11-19,SKU_007,220.97607557920955,188.89810466105578,253.96554896231126,0
2023-11-20,SKU_007,166.56723971018062,132.28431157880053,197.41553965900764,0
2023-11-21,SKU_007,124.07948938839793,91.24985584546937,160.91086708503985,0
2023-11-22,SKU_007,123.54889778328209,90.71184791040105,160.1766610069326,0
2023-11-23,SKU_007,166.56272720214974,131.53881272030407,199.14936196914695,0
2023-11-24,SKU_007,223.68729298146854,188.209602535525,257.1382905500566,0
2023-11-25,SKU_007,245.2991410684182,213.03458938145016,281.60734896614616,0
2023-11-26,SKU_007,219.88423388548296,186.98608296286616,253.22260917908972,0
2023-11-27,SKU_007,164.86775013690635,127.89880601589438,199.12821135229672,0
2023-11-28,SKU_007,121.7178411911818,89.08126330278397,158.68222687531986,0
2023-11-29,SKU_007,120.48665531667385,86.44964061814234,156.64556908360098,0
2023-11-30,SKU_007,162.7786698034964,127.75010251689363,197.48217881630535,0
2023-12-01,SKU_007,219.17812779396496,183.77564538320917,253.20808025124828,0
2023-12-02,SKU_007,240.07976571397793,204.1298202966575,274.88994770067325,0
2023-12-03,SKU_007,213.987538488162,179.71108298210126,247.87656150034326,0
2023-12-04,SKU_007,158.34396059040887,121.41901509972115,192.83575805681636,0
2023-12-05,SKU_007,114.63341842118714,78.7638710161753,148.21312246900214,0
2023-12-06,SKU_007,112.92277761770629,78.9445032297269,148.5233617661898,0
2023-12-07,SKU_007,154.82933699883617,118.9045692479863,189.31782591779495,0
2023-12-08,SKU_007,210.9479365853848,173.3992586056454,244.99300883171037,0
2023-12-09,SKU_007,231.68141486022634,197.67691597630096,265.7775459441317,0
2023-12-10,SKU_007,205.53913009785745,173.0476373467217,242.38068086893864,0
2023-12-11,SKU_007,149.96616961165898,116.33333005137578,185.17016384229743,0
2023-12-12,SKU_007,106.44660618303766,70.0470263572302,141.1563217200774,0
2023-12-13,SKU_007,105.0441269115237,69.38999313322452,138.6287746772116,0
2023-12-14,SKU_007,147.37008562795376,113.37619772631183,182.666727093357,0
2023-12-15,SKU_007,204.01078356984613,167.79729476531713,239.77909226373032,0
2023-12-16,SKU_007,225.35816862642577,189.11671002999248,261.1314864505917,0
2023-12-17,SKU_007,199.90866116458017,165.8438745829278,231.70032157202658,0
2023-12-18,SKU_007,145.09272135847033,110.70996894966538,178.21158618948593,0
2023-12-19,SKU_007,102.37850869691451,65.64416468247883,137.81880636382655,0
2023-12-20,SKU_007,101.81294442107978,66.36848745523264,134.1324122422857,0
2023-12-21,SKU_007,144.99021882772473,111.29324013451635,179.76680416452936,0
2023-12-22,SKU_007,202.4795337188023,166.75709975762285,239.52737290290645,0
2023-12-23,SKU_007,224.65625756125237,192.10284481612683,261.2594820632179,0
2023-12-24,SKU_007,200.00118849871234,163.05199810266006,234.83161159724642,0
2023-12-25,SKU_007,145.93052814341252,113.65531212209471,178.6485214118231,0
2023-12-26,SKU_007,103.89990388805279,70.16008673543107,137.78629957004193,0
2023-12-27,SKU_007,103.94574345780839,69.63858737183367,139.12867787561467,0
2023-12-28,SKU_007,147.65403194721114,113.22241646439494,182.21126893258133,0
2023-12-29,SKU_007,205.5882363884728,171.15459179573998,243.32281571470944,0
2023-12-30,SKU_007,228.12057030481031,191.97954986696135,263.06031451256774,0
2023-12-31,SKU_007,203.73129072892488,171.84022175703188,238.42726877242703,0
2024-01-01,SKU_007,149.8386301616881,114.61316440443,184.17825911250824,0
2024-01-02,SKU_007,107.90270297836184,73.11513800378603,145.28562619095126,0
2024-01-03,SKU_007,107.96669393785419,71.36259158303821,143.49121467875693,0
2024-01-04,SKU_007,151.6253650238492,116.69443107621949,186.53760871511273,0
2024-01-05,SKU_007,209.45267351909223,174.27633927796222,242.16778866789724,0
2024-01-06,SKU_007,231.83268325937496,197.71793763875257,266.7961575848944,0
2024-01-07,SKU_007,207.25847238891234,171.1310819867724,237.88061311109274,0
2024-01-08,SKU_007,153.1616519753439,118.87094971363436,184.64478498801725,0
2024-01-09,SKU_007,111.01584753899303,76.69446014010863,146.63410076223627,0
2024-01-10,SKU_007,110.87746400577817,76.1229080537641,145.62825980817038,0
2024-01-11,SKU_007,154.3537831210768,120.36637856348558,186.96890298721493,0
2024-01-12,SKU_007,212.03019847198175,175.11182964674268,246.82903951282628,0
2024-01-13,SKU_007,234.30078161726314,202.27216838125537,269.4124965328843,0
2024-01-14,SKU_007,209.66689291976795,176.68234795050634,245.46099039798978,0
2024-01-15,SKU_007,155.56646027432816,119.62229522417856,190.85525067125593,0
2024-01-16,SKU_007,113.47728486108505,81.14942320062681,148.43965236022558,0
2024-01-17,SKU_007,113.4576995606136,80.23027180521242,148.41694149535562,0
2024-01-18,SKU_007,157.11463202608888,120.4595087855923,193.25082264129168,0
2024-01-19,SKU_007,215.0308784241155,180.6974304717744,248.13387022226442,0
2024-01-20,SKU_007,237.5957798292148,202.6051920165626,271.2430975632127,0
2024-01-21,SKU_007,213.30401126506067,177.60208055088185,248.2109786401438,0
2024-01-22,SKU_007,159.5851008559324,123.53038302318183,196.9979587241898,0
2024-01-23,SKU_007,117.90703058599973,84.37262088911443,152.9362338551118,0
2024-01-24,SKU_007,118.31723497360629,84.42060248345186,154.96010737803516,0
2024-01-25,SKU_007,162.41103893346,128.1899891851596,195.75437071744315,0
2024-01-26,SKU_007,220.75932902175913,184.58306000613035,256.30020042765807,0
2024-01-27,SKU_007,243.73963751338607,208.9176710612029,278.59163088371247,0
2024-01-28,SKU_007,219.83533641474025,185.20002014022424,253.45983697387254,0
2024-01-29,SKU_007,166.46554604258557,133.3177740162054,203.07534303457166,0
2024-01-30,SKU_007,125.08909725752798,88.88604315380269,159.93118691969693,0
2024-01-31,SKU_007,125.74585207871553,92.23244425768648,163.6513564783872,0
2024-02-01,SKU_007,170.02541354170378,135.49180842581683,207.0086561467627,0
2024-02-02,SKU_007,228.49500991399182,194.11587647330634,263.3480054191511,0
2024-02-03,SKU_007,251.53072643954448,217.00386123427506,285.76844553531055,0
2024-02-04,SKU_007,227.61677488012182,193.5021732408685,263.0660085601374,0
2024-02-05,SKU_007,174.17540424253912,140.15188728593938,210.85460680454244,0
2024-02-06,SKU_007,132.67079025317042,97.41321799670683,163.48060539714297,0
2024-02-07,SKU_007,133.15021011565193,97.64165601630926,168.07134695349174,0
2024-02-08,SKU_007,177.21253733522155,140.96626869699602,212.44754745956908,0
2024-02-09,SKU_007,235.4358479873577,204.72137375877563,270.02490910568633,0
2024-02-10,SKU_007,258.2083188476619,224.45340096731806,294.936438812411,0
2024-02-11,SKU_007,234.02711924358775,197.88047586099154,266.7971325285312,0
2024-02-12,SKU_007,180.32790966503794,145.1490501517714,214.01022119008664,0
2024-02-13,SKU_007,138.58829807580366,103.6591556217213,172.3135706380648,0
2024-02-14,SKU_007,138.868573597177,103.3686646912563,169.73996867306016,0
2024-02-15,SKU_007,182.77976604303382,147.64991913950016,217.30324726461964,0
2024-02-16,SKU_007,240.91083635718806,204.09253490249353,273.60166487233084,0
2024-02-17,SKU_007,263.6591916059415,230.66856679429242,300.15244369734023,0
2024-02-18,SKU_007,239.52923878067563,205.58744407494896,273.19980467291214,0
2024-02-19,SKU_007,185.96160161590495,153.12241831357184,220.27131020654448,0
2024-02-20,SKU_007,144.43636096361388,111.07804896776808,179.88866053103317,0
2024-02-21,SKU_007,145.01364610441095,111.25770406037701,181.1180422381073,0
2024-02-22,SKU_007,189.30163106386408,156.03804699237523,225.1800156173274,0
2024-02-23,SKU_007,247.88374424211264,214.8176498223734,282.6876126178316,0
2024-02-24,SKU_007,271.14928581834596,237.2932446819204,303.1364965070132,0
2024-02-25,SKU_007,247.59216550584298,213.85049863621344,282.69830563788616,0
2024-02-26,SKU_007,194.6403806929185,159.12108890274965,229.81359638759113,0
2024-02-27,SKU_007,153.75958894820042,120.2874409778908,188.54987497321966,0
2024-02-28,SKU_007,154.99409354139942,121.01589634983534,188.0251742999258,0
2024-02-29,SKU_007,199.93528526244563,166.42357302825485,234.13931063707201,0
2024-03-01,SKU_007,259.14933642657024,225.62091600135162,291.8945256851007,0
2024-03-02,SKU_007,283.0083277474616,248.567848942695,314.96703537806246,0
2024-03-03,SKU_007,259.98950591961085,225.48255420409663,294.64551314438523,0
2024-03-04,SKU_007,207.50527668321004,170.1598408805306,242.4437161528786,0
2024-03-05,SKU_007,167.00727201780302,134.3891482725947,204.15542164223257,0
2024-03-06,SKU_007,168.52779509502193,135.16433033231954,203.9961155683129,0
2024-03-07,SKU_007,213.64867211926753,179.84235626283422,250.6742860860687,0
2024-03-08,SKU_007,272.9292939767977,239.47427005876634,308.58264858425724,0
2024-03-09,SKU_007,296.7380170394698,261.61015781205015,331.16261094891115,0
2024-03-10,SKU_007,273.5516116011284,239.27633812669137,307.39794287684765,0
2024-03-11,SKU_007,220.78535562235598,188.85470536641728,258.0501805701293,0
2024-03-12,SKU_007,179.89710783289905,144.84952191216755,214.4512749217688,0
2024-03-13,SKU_007,180.92866188980787,146.32444261220695,215.9318457732328,0
2024-03-14,SKU_007,225.47441154112678,189.7431687382864,263.28427593327945,0
2024-03-15,SKU_007,284.10911330025084,250.15744197451463,317.31146407159775,0
2024-03-16,SKU_007,307.21892225801923,272.1478912395425,340.82394159917897,0
2024-03-17,SKU_007,283.30039833440776,249.26882512440073,319.5443143067366,0
2024-03-18,SKU_007,229.79009180660336,196.38603151076262,262.30845887056466,0
2024-03-19,SKU_007,188.16805534773107,153.60871468525977,222.33319250773562,0
2024-03-20,SKU_007,188.49859915794372,153.70810157579118,224.6530858817656,0
2024-03-21,SKU_007,232.39833528866956,196.2864396112399,265.38539999155313,0
2024-03-22,SKU_007,290.4633146873682,253.65334679260013,327.4684268751505,0
2024-03-23,SKU_007,313.099449947414,279.01692997618017,345.5444411993811,0
2024-03-24,SKU_007,288.820938332665,253.85355500371648,322.22727046665324,0
2024-03-25,SKU_007,235.07931057383482,198.19465497054168,271.50738792867975,0
2024-03-26,SKU_007,193.36646825661427,158.69251111479045,227.67374835088086,0
2024-03-27,SKU_007,193.75504044499365,159.78521817858817,226.90812477261656,0
2024-03-28,SKU_007,237.8661177868964,204.00290644314427,269.5509026138088,0
2024-03-29,SKU_007,296.29617745098756,261.2239281229848,330.51678477291216,0
2024-03-30,SKU_007,319.4473991641389,283.5219646903085,353.7147026463963,0
2024-03-31,SKU_007,295.82609135593077,261.679493777627,329.37114092887344,0
2024-04-01,SKU_007,242.87185439663514,208.1755117194558,279.4733893588229,0
2024-04-02,SKU_007,202.0608422104656,166.31876085289875,235.32670312303114,0
2024-04-03,SKU_007,203.44644834507181,171.0666033029899,241.3864708222501,0
2024-04-04,SKU_007,248.62746728010094,214.145051777531,283.58491321956825,0
2024-04-05,SKU_007,308.17553411567025,271.59127466252835,340.5933707204781,0
2024-04-06,SKU_007,332.4660302320362,298.671666868667,365.7830962678797,0
2024-04-07,SKU_007,309.9771590999884,274.8811457259742,344.3932211750068,0
2024-04-08,SKU_007,258.11980264451756,224.5829051379925,291.51544499593,0
2024-04-09,SKU_007,218.34150154282494,181.87242309027877,251.83139426683348,0
2024-04-10,SKU_007,220.66786679918664,182.97511298928436,254.5117336566945,0
2024-04-11,SKU_007,266.67145430805465,233.18272258650055,301.261420225573,0
2024-04-12,SKU_007,326.9055563705336,292.1870255663881,359.84617064259567,0
2024-04-13,SKU_007,351.7187310101771,318.51178126868274,383.9679885093587,0
2024-04-14,SKU_007,329.5714533798842,293.85406625552366,364.163756800809,0
2024-04-15,SKU_007,277.86078722274493,244.8009492728654,312.41732014848304,0
2024-04-16,SKU_007,238.0247550666536,203.0841954628592,275.44404506222463,0
2024-04-17,SKU_007,240.08403398525556,204.80764214958816,271.395412507554,0
2024-04-18,SKU_007,285.611000587828,251.4996626266836,320.6009209471857,0
2024-04-19,SKU_007,345.1579044177927,311.6310241842175,381.51908645471804,0
2024-04-20,SKU_007,369.0883372135602,334.01627515301004,407.12640677102377,0
2024-04-21,SKU_007,345.8766864557223,311.26015742849984,379.0813672925356,0
2024-04-22,SKU_007,292.9381726655591,257.9006440870598,326.86704447249036,0
2024-04-23,SKU_007,251.73280802721706,217.6430073412171,288.3179485398809,0
2024-04-24,SKU_007,252.30658318044496,217.94952630287938,288.165706092543,0
2024-04-25,SKU_007,296.25991871876636,261.7120157178795,328.6573348601222,0
2024-04-26,SKU_007,354.1751756984608,319.2883889067879,389.3993942930958,0
2024-04-27,SKU_007,376.4474095593627,340.87199562306023,411.16785599813437,0
2024-04-28,SKU_007,351.5830742150202,316.9156809336381,386.7365033228746,0
2024-04-29,SKU_007,297.0292949986768,262.7926082521129,330.76891859599516,0
2024-04-30,SKU_007,254.27706763310994,217.6856549391083,289.6253360795372,0
2024-05-01,SKU_007,253.40170951772322,219.09557983369277,286.15151068485824,0
2024-05-02,SKU_007,296.0306186443014,262.2567503216292,330.9312769794877,0
2024-05-03,SKU_007,352.77015205365655,319.02632248903535,387.81407802409797,0
2024-05-04,SKU_007,374.0358242035343,341.2912343969856,408.8961382331877,0
2024-05-05,SKU_007,348.3505459149154,313.3023611630707,384.15520024226646,0
2024-05-06,SKU_007,293.20149716405496,258.62389039558127,328.49823098747885,0
2024-05-07,SKU_007,250.05918417067443,215.27936510458395,285.04033966633824,0
2024-05-08,SKU_007,249.00164385190715,213.2714259810885,283.1937806646532,0
2024-05-09,SKU_007,291.65422272222105,255.33174257508443,323.0415182339572,0
2024-05-10,SKU_007,348.61655721196803,314.611954473434,384.0659460568698,0
2024-05-11,SKU_007,370.29298914632085,334.0106621088842,402.3737044222331,0
2024-05-12,SKU_007,345.19113050716487,308.9256079208588,379.4131666390682,0
2024-05-13,SKU_007,290.75119829838013,256.56295903355897,327.27312451032884,0
2024-05-14,SKU_007,248.44947354694315,215.86986426735433,283.87486746157373,0
2024-05-15,SKU_007,248.33920245257798,213.87558228452278,284.9799881045889,0
2024-05-16,SKU_007,292.01898180537006,255.59277066923096,324.0523327743679,0
2024-05-17,SKU_007,350.0604228913718,314.091637130734,385.1303693313147,0
2024-05-18,SKU_007,372.83927253879756,337.600358082089,405.6280755578554,0
2024-05-19,SKU_007,348.83468686564316,313.42147994923835,383.2409348037625,0
2024-05-20,SKU_007,295.4592600755654,262.8842253854302,331.4815433103986,0
2024-05-21,SKU_007,254.1631444849835,218.13151229429081,286.9494121506399,0
2024-05-22,SKU_007,254.97556300980474,221.84730813413694,287.42347104667135,0
2024-05-23,SKU_007,299.47374098750856,264.05833507916435,333.7733585618658,0
2024-05-24,SKU_007,358.2110382230476,320.81784657389295,391.38089869540164,0
2024-05-25,SKU_007,381.54844885124606,345.93530508768447,416.50584400459434,0
2024-05-26,SKU_007,357.9541560500784,323.04452322284106,393.8328202397394,0
2024-05-27,SKU_007,304.83373817997165,273.5095194924587,338.8649924253998,0
2024-05-28,SKU_007,263.63435961716146,227.9014665841041,296.83633526257614,0
2024-05-29,SKU_007,264.4017352575812,226.62291808601222,295.90054638156755,0
2024-05-30,SKU_007,308.7024597645472,274.8442238724677,342.979622496895,0
2024-05-31,SKU_007,367.09836547442535,332.07565439665575,402.17704690765584,0
2024-06-01,SKU_007,389.9622074030218,355.7475497767904,423.53603899155405,0
2024-06-02,SKU_007,365.77681161378575,332.3709860283055,400.2518347021154,0
2024-06-03,SKU_007,311.9648083178626,278.2369714612506,346.9879376903091,0
2024-06-04,SKU_007,269.9922971267161,234.70367420174966,306.3999137321933,0
2024-06-05,SKU_007,269.9097610541417,235.51623296020492,304.56892101023163,0
2024-06-06,SKU_007,313.3202751522228,277.37770443463575,347.0570125475242,0
2024-06-07,SKU_007,370.8068127432123,334.64722168573616,406.6485717164421,0
2024-06-08,SKU_007,392.7628413369552,358.9591709207687,429.09619927918203,0
2024-06-09,SKU_007,367.690921464546,331.5134379278041,402.091083186601,0
2024-06-10,SKU_007,313.0319321558345,276.4793002000248,345.32664271509657,0
2024-06-11,SKU_007,270.26828367287214,235.92922425847476,302.36564220218787,0
2024-06-12,SKU_007,269.46444549529014,236.59766673561182,301.8764882265829,0
2024-06-13,SKU_007,312.2348447789361,281.33110108523744,347.4639801265773,0
2024-06-14,SKU_007,369.1709452660789,336.41008833078234,402.929323240667,0
2024-06-15,SKU_007,390.67170329317526,356.07454243367874,426.85206414823045,0
2024-06-16,SKU_007,365.2421161139223,328.6321620705791,400.24564350669243,0
2024-06-17,SKU_007,310.3224856807289,277.761793658386,341.45702105609064,0
2024-06-18,SKU_007,267.3917553889774,231.6515880620777,302.9156685273419,0
2024-06-19,SKU_007,266.50824228228134,229.83343551024512,301.1820953854708,0
2024-06-20,SKU_007,309.27781224567667,274.6664067253206,341.01269917015173,0
2024-06-21,SKU_007,366.2812991820149,332.73403148161464,398.738076917479,0
2024-06-22,SKU_007,387.90535029822604,354.3853308994632,423.00189765372386,0
2024-06-23,SKU_007,362.6414066765116,329.5496579253744,396.3881770390437,0
2024-06-24,SKU_007,307.91542232345984,273.6958957082695,341.064374653917,0
2024-06-25,SKU_007,265.19166851514126,232.46492315556472,298.8908616986633,0
2024-06-26,SKU_007,264.5139312638095,228.80039347315696,301.7238547726234,0
2024-06-27,SKU_007,307.4741357397527,272.60930379166297,342.3188480290308,0
2024-06-28,SKU_007,364.64018502197985,328.0797001939708,398.63944140672413,0
2024-06-29,SKU_007,386.38718667010914,351.7943774049529,418.0045748783123,0
2024-06-30,SKU_007,361.1967593335803,322.926788561605,394.43602877535324,0
2024-07-01,SKU_007,306.4870203305886,268.9990918063677,342.62316235042596,0
2024-07-02,SKU_007,263.7165909435662,226.3659989441556,299.32712845084103,0
2024-07-03,SKU_007,262.9259231966387,227.7378149872013,295.24997917598455,0
2024-07-04,SKU_007,305.7059794399857,268.8271739747431,337.6082810020918,0
2024-07-05,SKU_007,362.62605187557926,329.81829215938615,397.8405566207133,0
2024-07-06,SKU_007,384.06489749207645,350.6174776298971,418.382756273145,0
2024-07-07,SKU_007,358.5098847409846,323.5168732047014,394.42755840936826,0
2024-07-08,SKU_007,303.386758981759,268.52657347669253,337.83355508751185,0
2024-07-09,SKU_007,260.1633713071034,225.76660813969607,294.16808460719636,0
2024-07-10,SKU_007,258.89068388733244,225.198184663454,293.9878619475689,0
2024-07-11,SKU_007,301.17109374117047,265.6005400568015,334.508351293293,0
2024-07-12,SKU_007,357.5858735172096,325.1645830307968,392.28138013475615,0
2024-07-13,SKU_007,378.52591672893834,344.0507187240104,411.280766086237,0
2024-07-14,SKU_007,352.49049588988544,318.2680749995467,386.60886518553053,0
2024-07-15,SKU_007,296.91665251041854,261.32158546923273,330.94123519236126,0
2024-07-16,SKU_007,253.28257477992238,216.92870905107176,288.5553142993015,0
2024-07-17,SKU_007,251.64828672920893,214.12538609620123,283.47705219491917,0
2024-07-18,SKU_007,293.62369977120255,256.80020155821717,326.2683202613507,0
2024-07-19,SKU_007,349.7958330613089,317.4785337371815,385.023521428088,0
2024-07-20,SKU_007,370.5593961604596,333.1821067923222,403.7592474677733,0
2024-07-21,SKU_007,344.415446654822,312.0868052755068,381.9389279941567,0
2024-07-22,SKU_007,288.8007439310949,255.42843738533236,323.294239773476,0
2024-07-23,SKU_007,245.19115530491246,211.02844994286104,278.4545530707669,0
2024-07-24,SKU_007,243.64243635246797,208.64910339278725,276.3105053418954,0
2024-07-25,SKU_007,285.75843294762694,251.88032651486455,322.72816447090946,0
2024-07-26,SKU_007,342.1185059411105,308.8626846829493,373.55123969581535,0
2024-07-27,SKU_007,363.1083650112939,325.5302121493673,395.4409945590643,0
2024-07-28,SKU_007,337.21901601208197,300.05823204457954,369.0545211247001,0
2024-07-29,SKU_007,281.8764336047085,247.10924939863924,318.027937832088,0
2024-07-30,SKU_007,238.5453051820451,203.39827166597888,271.5992106841509,0
2024-07-31,SKU_007,237.27015727520194,199.58917081577886,271.65307405502836,0
2024-08-01,SKU_007,279.64390116809926,244.06722351679227,314.38917110803357,0
2024-08-02,SKU_007,336.235588071971,299.72434989081194,367.4549016238742,0
2024-08-03,SKU_007,357.42155033718313,323.72292964305024,391.10468688365046,0
2024-08-04,SKU_007,331.6846237971289,296.33815976316373,364.6600921240958,0
2024-08-05,SKU_007,276.4440549147578,241.1775191912953,308.6178510295849,0
2024-08-06,SKU_007,233.1594319527126,198.28464310409845,269.08127540763996,0
2024-08-07,SKU_007,231.87194643832416,196.68303935678023,266.1288847417637,0
2024-08-08,SKU_007,274.17301647593604,240.81746771010248,311.24362425151577,0
2024-08-09,SKU_007,330.6320636934429,298.6001340467321,365.427172770559,0
2024-08-10,SKU_007,351.62761710188477,317.95069960479606,386.6591890408438,0
2024-08-11,SKU_007,325.64644240086,291.0516946052598,359.1467013360093,0
2024-08-12,SKU_007,270.1133036100068,236.55808298094462,304.2242228798285,0
2024-08-13,SKU_007,226.49470138449016,190.89067568600157,262.76541632844396,0
2024-08-14,SKU_007,224.83990051867002,191.9315485975101,259.1207464437511,0
2024-08-15,SKU_007,266.74928754959444,229.6313700226687,298.8849388667832,0
2024-08-16,SKU_007,322.80185573748474,288.51956799760757,358.78506332507953,0
2024-08-17,SKU_007,343.3860032965666,310.59351031920625,379.830811836884,0
2024-08-18,SKU_007,316.9983515481923,280.6429418862098,351.35513116536157,0
2024-08-19,SKU_007,261.0732000141033,225.83271982613903,297.4230006172104,0
2024-08-20,SKU_007,217.08597238224766,182.63930033897336,251.0544570206867,0
2024-08-21,SKU_007,215.09397488627903,180.173832526379,249.15623808460447,0
2024-08-22,SKU_007,256.7045162314727,222.03022197079449,290.52171231349695,0
2024-08-23,SKU_007,312.5021934994463,276.58185545304383,347.5741946653034,0
2024-08-24,SKU_007,332.8795357787228,295.78739640259903,367.8180486023,0
2024-08-25,SKU_007,306.3357166107777,273.85333420438997,341.0934589469868,0
2024-08-26,SKU_007,250.3059551048506,216.02658854099695,285.12068082722817,0
2024-08-27,SKU_007,206.26496082859148,173.25303180788794,241.49691847911234,0
2024-08-28,SKU_007,204.26774350622796,169.24642917057471,241.56676847397523,0
2024-08-29,SKU_007,245.91783449052926,210.77489985070605,281.30950603335214,0
2024-08-30,SKU_007,301.79472069956296,267.74868257298317,338.1165180403872,0
2024-08-31,SKU_007,322.2846775700797,287.86912758761383,356.2519800259501,0
2024-09-01,SKU_007,295.87970566046084,260.8608878895938,331.30048732786827,0
2024-09-02,SKU_007,240.00718322210992,206.14949511911246,273.66889964785184,0
2024-09-03,SKU_007,196.13358150844599,161.6504462870211,232.50154553747447,0
2024-09-04,SKU_007,194.30555496110935,159.7695793380597,228.06048455168846,0
2024-09-05,SKU_007,236.11844408829822,204.62270616419246,270.2549813859596,0
2024-09-06,SKU_007,292.14398260194105,256.01472140206124,325.8737276847667,0
2024-09-07,SKU_007,312.7613865668607,278.02568770481685,350.31825027767786,0
2024-09-08,SKU_007,286.4565219883304,253.36871280884188,321.2472524087006,0
2024-09-09,SKU_007,230.651755812044,194.1119489076095,266.4458280920329,0
2024-09-10,SKU_007,186.80983084986173,151.38019295411965,220.17559000643737,0
2024-09-11,SKU_007,184.97507179519982,151.3039292490016,218.59396313224903,0
2024-09-12,SKU_007,226.74195660561566,190.93054588540284,261.49727643573584,0
2024-09-13,SKU_007,282.68284283355416,247.4310185009995,317.0886716634409,0
2024-09-14,SKU_007,303.1790262701823,269.41405240483715,335.7513201795473,0
2024-09-15,SKU_007,276.7198295587044,244.21021378760443,308.1579274884002,0
2024-09-16,SKU_007,220.73232854939224,186.30233527535768,257.2597775564098,0
2024-09-17,SKU_007,176.68506118512394,143.41155998396994,211.03065977089304,0
2024-09-18,SKU_007,174.62903169390293,139.77016942272274,210.00698522896352,0
2024-09-19,SKU_007,216.16605113349112,180.80255544248902,251.08770432690363,0
2024-09-20,SKU_007,271.87621157280586,236.7999547367434,306.60233384948157,0
2024-09-21,SKU_007,292.14867966837625,258.00229217854763,326.9382189329621,0
2024-09-22,SKU_007,265.48051609773927,231.22824022793526,297.25707069102987,0
2024-09-23,SKU_007,209.30613757228036,172.57999610369313,246.3217700145888,0
2024-09-24,SKU_007,165.10077500172218,129.92864306504222,201.3831829557656,0
2024-09-25,SKU_007,162.92124894268014,127.27099105275697,195.61853681618751,0
2024-09-26,SKU_007,204.3741110214415,172.5241137773615,237.71454741254576,0
2024-09-27,SKU_007,260.0429553040015,227.5430916919708,296.2426886883809,0
2024-09-28,SKU_007,280.3190908925859,245.22406546457,312.71573161574514,0
2024-09-29,SKU_007,253.700286371386,217.80440958308583,287.5744751820073,0
2024-09-30,SKU_007,197.62020549767902,164.85019455909335,232.09942656600396,0
2024-10-01,SKU_007,153.55188879845895,118.61075871857265,188.97300053066866,0
2024-10-02,SKU_007,151.54860166810008,119.00686346605266,185.92407616387396,0
2024-10-03,SKU_007,193.21209550826717,155.90979964671743,232.39058233117757,0
2024-10-04,SKU_007,249.1200821757623,213.7649889547937,284.3209304791707,0
2024-10-05,SKU_007,269.6571078751762,235.30683313729395,305.65546236137857,0
2024-10-06,SKU_007,243.31353068661826,207.09830240449287,277.41406069405116,0
2024-10-07,SKU_007,187.5152136081826,155.97694740366452,221.91951090983486,0
2024-10-08,SKU_007,143.7272794094922,109.21352308152628,180.20176260218975,0
2024-10-09,SKU_007,141.995238929356,107.37722368891062,176.5069488218519,0
2024-10-10,SKU_007,183.9135301028163,150.19158725641557,217.54327079785313,0
2024-10-11,SKU_007,240.0532587053014,203.4830268215366,273.63455653388013,0
2024-10-12,SKU_007,260.793317962484,225.4048666039467,293.727308675065,0
2024-10-13,SKU_007,234.61958279999777,200.91259217509435,268.777329879286,0
2024-10-14,SKU_007,178.9547830446291,142.85618583531954,211.4777552809196,0
2024-10-15,SKU_007,135.26239540043423,102.19694425061503,171.2809125539287,0
2024-10-16,SKU_007,133.58786067293494,98.74353482813666,168.37376699821263,0
2024-10-17,SKU_007,175.52715985467017,142.7272390855925,209.15968347264206,0
2024-10-18,SKU_007,231.65453800976556,195.94043128344993,265.2036304296142,0
2024-10-19,SKU_007,252.35355275159097,216.8778322489322,288.0620266909626,0
2024-10-20,SKU_007,226.11614447700697,191.50191631274802,260.28426032494025,0
2024-10-21,SKU_007,170.37233574823176,134.1407701491766,205.32078416093282,0
2024-10-22,SKU_007,126.593904367308,92.07825761730781,161.20135478090273,0
2024-10-23,SKU_007,124.83534282929587,90.97903464416385,159.4435923396508,0
2024-10-24,SKU_007,166.70214530762485,132.48354031176405,201.85259957725526,0
2024-10-25,SKU_007,222.7782197460671,188.12037219587515,258.04433601167983,0
2024-10-26,SKU_007,243.45661134165815,209.1559688036157,279.6645808326872,0
2024-10-27,SKU_007,217.2382446289802,183.06410709246333,251.98941210294075,0
2024-10-28,SKU_007,161.561301864092,124.99337910872599,195.26796659878863,0
2024-10-29,SKU_007,117.90459249970284,80.24275025840647,155.01406685888696,0
2024-10-30,SKU_007,116.32823631559211,80.95225447321513,149.44361458491426,0
2024-10-31,SKU_007,158.44171053934116,127.78538244410908,192.63441497976024,0
2024-11-01,SKU_007,214.8310667546042,180.62345499968492,248.4034326672562,0
2024-11-02,SKU_007,235.88951085323674,201.08514611372223,271.28353928887594,0
2024-11-03,SKU_007,210.11605875209764,176.3572399834236,246.70320039969138,0
2024-11-04,SKU_007,154.94488942817372,121.18932487240514,190.82998517696794,0
2024-11-05,SKU_007,111.84875212622487,80.26928084122378,149.12688176776734,0
2024-11-06,SKU_007,110.87975048880207,77.0566394689425,144.94674032589793,0
2024-11-07,SKU_007,153.63755222203832,116.86049753860674,188.61066133017786,0
2024-11-08,SKU_007,210.69682649382412,177.65294754471532,244.37541288459215,0
2024-11-09,SKU_007,232.43809692737113,197.2742243427523,265.76048796988886,0
2024-11-10,SKU_007,207.34671585780262,173.70052618971653,244.5390539575795,0
2024-11-11,SKU_007,152.84257289890087,117.71477495194573,186.7435804901441,0
2024-11-12,SKU_007,110.38388492741917,76.28435151051286,145.69223466020478,0
2024-11-13,SKU_007,110.00837954628393,77.2808304902678,143.98872069199743,0
2024-11-14,SKU_007,153.30190930213058,116.16960550772241,188.48799876117653,0
2024-11-15,SKU_007,210.8262871978696,175.48442702403145,245.20861953953468,0
2024-11-16,SKU_007,232.95051973747238,198.26471391578028,266.490521187337,0
2024-11-17,SKU_007,208.15013190637728,173.77299557240843,243.05265911376534,0
2024-11-18,SKU_007,153.83718658005273,118.87829304430093,187.84791536434767,0
2024-11-19,SKU_007,111.4643359332064,76.99407767094227,143.84778093019574,0
2024-11-20,SKU_007,111.0662086893976,76.67205086109078,146.90226493396645,0
2024-11-21,SKU_007,154.22816383180654,119.3448795419248,188.86506277349858,0
2024-11-22,SKU_007,211.51419643839688,174.38631050582813,246.60212103228443,0
2024-11-23,SKU_007,233.2981689375916,198.4581963579731,267.4312951164498,0
2024-11-24,SKU_007,208.06306128743722,173.44604924396205,241.2015230492068,0
2024-11-25,SKU_007,153.23084375410815,118.46455184979564,188.12341961402626,0
2024-11-26,SKU_007,110.2663131176779,76.43226556897741,143.82940598370286,0
2024-11-27,SKU_007,109.21820138809963,75.13831349414428,142.60910786005357,0
2024-11-28,SKU_007,151.6875947513086,119.1343736095686,186.5504506154783,0
2024-11-29,SKU_007,208.2554571777791,171.778120241147,244.22831655892261,0
2024-11-30,SKU_007,229.31344217641305,192.5265156302387,261.89949917441436,0
2024-12-01,SKU_007,203.36269752210117,168.49191429924855,238.48783106165675,0
2024-12-02,SKU_007,147.84327878710633,109.80673319225049,181.45512677334818,0
2024-12-03,SKU_007,104.23752512043598,68.84883702595828,138.074589492247,0
2024-12-04,SKU_007,102.61071909860937,67.64915261089979,138.15513468088145,0
2024-12-05,SKU_007,144.57908085030272,109.92670847611947,179.127920385559,0
2024-12-06,SKU_007,200.73690275975395,167.2552336012722,234.24570609465067,0
2024-12-07,SKU_007,221.48701913942642,186.56815526223582,257.12970939936145,0
2024-12-08,SKU_007,195.3393253444039,160.27729335733898,229.3123542697286,0
2024-12-09,SKU_007,139.73997022638687,105.74607449750086,173.80069433602438,0
2024-12-10,SKU_007,96.17458165445069,61.12594027634643,129.48523947281856,0
2024-12-11,SKU_007,94.70885121522895,60.932697293112895,128.94747502548455,0
2024-12-12,SKU_007,136.9565304730307,101.70918918370414,172.44285805691138,0
2024-12-13,SKU_007,193.50664508120113,154.84261064990957,227.90930782038302,0
2024-12-14,SKU_007,214.75411893725135,180.91178452537807,250.07584360740805,0
2024-12-15,SKU_007,189.1985185167527,154.5514931748267,222.87841367631657,0
2024-12-16,SKU_007,134.2735349358685,99.60715797239972,168.5530323990088,0
2024-12-17,SKU_007,91.45055528606193,56.42639288071,125.48075425157498,0
2024-12-18,SKU_007,90.77963956878477,57.553534147870764,126.01122654007557,0
2024-12-19,SKU_007,133.85794450420042,101.75945725349625,169.28333873219802,0
2024-12-20,SKU_007,191.25738839701256,156.15327413890265,226.57627067788385,0
2024-12-21,SKU_007,213.3557364909807,180.30277250749967,247.53726911747023,0
2024-12-22,SKU_007,188.63580390261538,154.77811975275128,222.0105310704684,0
2024-12-23,SKU_007,134.5153807326522,98.23079630519833,166.92389128696274,0
2024-12-24,SKU_007,92.45121842249256,58.80308093089999,121.65726919346515,0
2024-12-25,SKU_007,92.48038203023285,58.35054999213663,125.72359519128543,0
2024-12-26,SKU_007,136.18899923123246,101.64536399439133,172.65254108971882,0
2024-12-27,SKU_007,194.1401912253859,162.23696891713004,226.84662451144555,0
2024-12-28,SKU_007,216.70535771924978,182.6913908680298,250.38932882618562,0
2024-12-29,SKU_007,192.3635077715376,156.4753043693897,226.67708745112046,0
2024-12-30,SKU_007,138.53123788644382,102.54753825024119,172.44804349290197,0
2024-12-31,SKU_007,96.66669541767263,61.256265581141456,130.00541783198338,1
2025-01-01,SKU_007,96.81083317110577,62.05342665213779,131.2820230914493,1
2025-01-02,SKU_007,140.55598941379708,109.44840786238403,175.6296910819613,1
2025-01-03,SKU_007,198.4735839558395,164.7443351668938,233.21998507174712,1
2025-01-04,SKU_007,220.94510988378954,190.12325905402753,256.2107367256005,1
2025-01-05,SKU_007,196.4611218378414,160.76813037350306,232.09676618145053,1
2025-01-06,SKU_007,142.45083275545016,107.18021294507845,175.29488107589586,1
2025-01-07,SKU_007,100.38566879303707,65.28801082436563,134.68576702065678,1
2025-01-08,SKU_007,100.32010073749487,63.50085394324181,133.5872014416432,1
2025-01-09,SKU_007,143.85979892406624,110.40585303656468,179.196041207626,1
2025-01-10,SKU_007,201.58891516734738,166.84866497654326,239.38638039578595,1
2025-01-11,SKU_007,223.90068374403054,190.55147247896664,259.03880404354425,1
2025-01-12,SKU_007,199.29605404556696,166.4061405041948,236.1021124194351,1
2025-01-13,SKU_007,145.2129774567216,111.00085689364053,178.966976198691,1
2023-01-01,SKU_008,150.03243873923486,128.615829563524,171.99606079692953,0
2023-01-02,SKU_008,114.12543752166562,91.46402552763425,136.4513345458962,0
2023-01-03,SKU_008,83.70943560828762,62.37842737880524,106.92444828955502,0
2023-01-04,SKU_008,83.67348452747099,62.72850546635035,106.74870387403507,0
2023-01-05,SKU_008,117.3763650489775,96.01565445125561,139.85425651021623,0
2023-01-06,SKU_008,152.9971975046252,129.5852861090146,175.63348876625025,0
2023-01-07,SKU_008,171.81119369737826,150.95765286922995,195.81050056094534,0
2023-01-08,SKU_008,152.90095205396858,131.39198259851977,175.21917903580024,0
2023-01-09,SKU_008,117.35838560821955,95.31285385856413,138.97746154516165,0
2023-01-10,SKU_008,87.28258741631807,64.14682573789707,109.2297341388696,0
2023-01-11,SKU_008,87.5620896061946,63.55698569095287,109.57808561208866,0
2023-01-12,SKU_008,121.55574480172558,98.38324100240808,141.63216060311711,0
2023-01-13,SKU_008,157.44326613344174,134.2802772973822,179.31602944193432,0
2023-01-14,SKU_008,176.50089682850597,155.12223189427343,197.5064940071758,0
2023-01-15,SKU_008,157.81261445007456,136.96531508444752,180.17699180002882,0
2023-01-16,SKU_008,122.47196296240473,101.06021204331269,144.6600801859109,0
2023-01-17,SKU_008,92.57982084799919,70.49805040436853,113.23071488708855,0
2023-01-18,SKU_008,93.026565034673,69.01897186528741,116.23255901555403,0
2023-01-19,SKU_008,127.17286273199745,104.58290498616478,148.9936358248207,0
2023-01-20,SKU_008,163.20013044536984,141.72153529315526,183.768169887458,0
2023-01-21,SKU_008,182.38613382256764,159.4139795963674,204.24966431044916,0
2023-01-22,SKU_008,163.81613557975567,142.80543552031813,184.85709443711593,0
2023-01-23,SKU_008,128.5846863200755,107.3953308989949,149.26307261867393,0
2023-01-24,SKU_008,98.79336751566532,76.73308044835086,120.75914626283239,0
2023-01-25,SKU_008,99.33294686022829,78.15193149835112,119.93363682131404,0
2023-01-26,SKU_008,133.56417780548847,113.09856472137332,155.173151894836,0
2023-01-27,SKU_008,169.6682819519621,147.1685491260535,189.78816159468823,0
2023-01-28,SKU_008,188.9225863967134,166.9220654185879,210.46344873056123,0
2023-01-29,SKU_008,170.41172151370012,148.1562361964442,193.34257739904183,0
2023-01-30,SKU_008,135.22947165270836,113.03140730100003,157.308858610057,0
2023-01-31,SKU_008,105.47658537161679,82.91243977896576,127.17417423946323,0
2023-02-01,SKU_008,106.04300247117705,84.40828936996867,129.35901225163778,0
2023-02-02,SKU_008,140.2887266861098,118.82291346993847,160.10758922194313,0
2023-02-03,SKU_008,176.3943794015675,154.60213873898167,198.90562357325902,0
2023-02-04,SKU_008,195.6369036648804,174.3779662015372,215.81086700220695,0
2023-02-05,SKU_008,177.1008210185436,154.8705830548458,197.11486355899163,0
2023-02-06,SKU_008,141.88013108916027,120.38505583292256,162.88014302077374,0
2023-02-07,SKU_008,112.07615834790913,89.09939408406458,133.15053785701502,0
2023-02-08,SKU_008,112.5798015630092,90.54675348590126,133.01354500277316,0
2023-02-09,SKU_008,146.7524135619794,122.24130996980013,167.48190263768157,0
2023-02-10,SKU_008,182.7763459979297,162.75445339401418,205.0178866034389,0
2023-02-11,SKU_008,201.93062829534938,177.82890927497422,223.7435985072239,0
2023-02-12,SKU_008,183.30218380879603,161.60978464301309,205.30603761505301,0
2023-02-13,SKU_008,147.98767420450704,126.77512732302296,171.09688131481525,0
2023-02-14,SKU_008,118.09127811056216,95.66827144780588,140.73311870602433,0
2023-02-15,SKU_008,118.50686167561885,97.39228334853877,141.3792724683065,0
2023-02-16,SKU_008,152.598771202313,131.3448974981556,174.79437913700804,0
2023-02-17,SKU_008,188.55228543507693,167.31076612444804,212.31064661455238,0
2023-02-18,SKU_008,207.64919982700596,185.71576677420612,227.52409731847575,0
2023-02-19,SKU_008,188.9789490363992,167.8285276082442,211.87754796272392,0
2023-02-20,SKU_008,153.64036208616614,131.46190897142242,175.8773180329759,0
2023-02-21,SKU_008,123.7393593429561,101.28412496203987,146.63843824875806,0
2023-02-22,SKU_008,124.17105205206894,102.29438751457381,146.6529672862694,0
2023-02-23,SKU_008,158.3004773161959,137.89250129347252,180.57595354019327,0
2023-02-24,SKU_008,194.31300844868403,170.33317883299344,215.38588738212076,0
2023-02-25,SKU_008,213.48991487958997,191.1803710543646,235.11318854405354,0
2023-02-26,SKU_008,194.9194792412681,172.3447708652219,217.02792833789852,0
2023-02-27,SKU_008,159.698766676193,137.93843130207205,180.3115272516332,0
2023-02-28,SKU_008,129.93135572038526,109.64138509208131,151.13185587555395,0
2023-03-01,SKU_008,130.50949088333624,108.89689265481914,152.45607999097442,0
2023-03-02,SKU_008,164.7948886232494,142.70097183680386,186.9777281923901,0
2023-03-03,SKU_008,200.96923483809888,179.58133041684883,223.88723250995395,0
2023-03-04,SKU_008,220.3098456782161,197.60528051431658,241.59785174200158,0
2023-03-05,SKU_008,201.90089644013588,179.80500521062757,223.3297375854125,0
2023-03-06,SKU_008,166.83531030709545,145.30461440736764,189.22534348481122,0
2023-03-07,SKU_008,137.21261270012997,115.76987704743244,160.10787682541846,0
2023-03-08,SKU_008,137.92120756952346,115.17175229403499,158.18194692088005,0
2023-03-09,SKU_008,172.31930344984477,151.878549841727,194.52109762123155,0
2023-03-10,SKU_008,208.58552355956436,186.6035657138502,230.97108287846396,0
2023-03-11,SKU_008,227.99466807534395,206.56379708244302,251.50745096077222,0
2023-03-12,SKU_008,209.62902993886397,187.80896625554877,232.0651000255144,0
2023-03-13,SKU_008,174.58035295376052,153.31414043140532,195.38088321091593,0
2023-03-14,SKU_008,144.94773542539863,124.1176134289223,167.60846331180946,0
2023-03-15,SKU_008,145.61993372531717,124.3823262677948,167.33220964484798,0
2023-03-16,SKU_008,179.95629232344191,158.67945116935016,202.90446031185215,0
2023-03-17,SKU_008,216.13733397824214,194.8972606122156,238.78252166703885,0
2023-03-18,SKU_008,235.44047835325804,213.9773414735228,257.48016469519973,0
2023-03-19,SKU_008,216.95129129543758,193.6735561422746,238.7888916568222,0
2023-03-20,SKU_008,181.76535513026644,161.1536672274995,205.02219193036578,0
2023-03-21,SKU_008,151.98606550239367,132.96512643957522,174.38455431150385,0
2023-03-22,SKU_008,152.50681205565144,130.723990798906,173.94503885065447,0
2023-03-23,SKU_008,186.6917729327038,164.75139746866918,207.67612610914617,0
2023-03-24,SKU_008,222.72636068091174,201.261258816314,245.15372474416407,0
2023-03-25,SKU_008,241.89279205819946,220.8655712582997,264.09844008433544,0
2023-03-26,SKU_008,223.28118840640033,200.8899722334997,245.94282092491838,0
2023-03-27,SKU_008,187.99130146243965,164.82427030005897,209.30115712381544,0
2023-03-28,SKU_008,158.13017458342412,137.0996387000375,180.42921730569466,0
2023-03-29,SKU_008,158.59420093797732,136.01322440302008,181.486330447789,0
2023-03-30,SKU_008,192.74981257080282,172.24488475900384,213.9778015213357,0
2023-03-31,SKU_008,228.7838414045696,207.8547028257215,250.59014781699793,0
2023-04-01,SKU_008,247.97902758242458,227.1892219478254,269.04948915256927,0
2023-04-02,SKU_008,229.4250840775744,207.3660811469211,250.25830815076563,0
2023-04-03,SKU_008,194.22041395194705,171.97939666598919,214.870585999971,0
2023-04-04,SKU_008,164.46979096775146,142.2294569883028,185.91045557585466,0
2023-04-05,SKU_008,165.06646496691934,142.166196077233,185.35946036363896,0
2023-04-06,SKU_008,199.37292517002717,175.96348422969646,222.3573773500253,0
2023-04-07,SKU_008,235.57136035150955,213.35578440701124,258.0422755716971,0
2023-04-08,SKU_008,254.93928912518794,231.82839427338143,277.31072162947686,0
2023-04-09,SKU_008,236.560765852197,215.59837698218465,258.5363290021446,0
2023-04-10,SKU_008,201.52825472929356,181.22211757895863,223.15847295317556,0
2023-04-11,SKU_008,171.94047838936118,149.08687144824037,193.25110763412425,0
2023-04-12,SKU_008,172.6846976921305,151.57270616934903,194.02747249669005,0
2023-04-13,SKU_008,207.11765066094824,185.80647015692227,227.7024261451003,0
2023-04-14,SKU_008,243.41618473979833,221.77070209083303,265.0241426177502,0
2023-04-15,SKU_008,262.8530501577202,240.8865705896627,286.3201019851438,0
2023-04-16,SKU_008,244.5082551875096,222.0969450364186,264.68940456212397,0
2023-04-17,SKU_008,209.47107125733152,188.53355133586064,231.27137820104974,0
2023-04-18,SKU_008,179.837990159908,157.93771485816512,203.12809388808077,0
2023-04-19,SKU_008,180.49508655324908,158.7074398249984,202.13903663600627,0
2023-04-20,SKU_008,214.79901093593224,194.09436936829772,238.0555711399963,0
2023-04-21,SKU_008,250.92764530201788,228.95386028121024,273.7123364863743,0
2023-04-22,SKU_008,270.1558881564769,247.65654857361383,289.84591662142594,0
2023-04-23,SKU_008,251.5669694911291,230.46063930080936,273.54814046715757,0
2023-04-24,SKU_008,216.25438440690533,194.25107556387826,238.3509083930975,0
2023-04-25,SKU_008,186.31974927668426,163.7936684306959,206.55585881537837,0
2023-04-26,SKU_008,186.655036162919,165.3916535985338,206.5283995379426,0
2023-04-27,SKU_008,220.6234140053898,198.69214196816253,243.36883557238426,0
2023-04-28,SKU_008,256.40973283512244,234.1798352178837,276.9356659356952,0
2023-04-29,SKU_008,275.2961223526565,253.2160339533464,296.78095427391446,0
2023-04-30,SKU_008,256.3731106562133,234.6474229987127,277.23328132762094,0
2023-05-01,SKU_008,220.7413571966771,198.64603747560324,242.35034798013507,0
2023-05-02,SKU_008,190.5093096008516,168.03507192838097,211.63302462761186,0
2023-05-03,SKU_008,190.57524571131503,168.63618318080023,211.1593517204145,0
2023-05-04,SKU_008,224.3079348904241,203.1932870051791,246.6440757440257,0
2023-05-05,SKU_008,259.89696007015436,238.34006221099412,280.913732568127,0
2023-05-06,SKU_008,278.6281766495558,255.52309912353473,301.5003121158212,0
2023-05-07,SKU_008,259.59471813655284,237.63805290271156,281.0964986103752,0
2023-05-08,SKU_008,223.89864612773806,202.3926242969091,245.77880952626552,0
2023-05-09,SKU_008,193.64855677232197,172.3440220269274,216.83063826115142,0
2023-05-10,SKU_008,193.7416067950998,171.9281588123504,215.44132534679628,0
2023-05-11,SKU_008,227.54419383052,204.27870772579652,248.1870248445911,0
2023-05-12,SKU_008,263.24233226792325,242.00289185896497,285.63971906220945,0
2023-05-13,SKU_008,282.1171994354113,261.4403001691105,304.0860009573436,0
2023-05-14,SKU_008,263.2562597785012,241.61282984075876,286.4681427803848,0
2023-05-15,SKU_008,227.75506148932072,206.72590949887808,249.0395468294491,0
2023-05-16,SKU_008,197.715013766697,176.62681816870202,219.14140221811775,0
2023-05-17,SKU_008,198.0256031140105,176.392664486044,220.65343248620107,0
2023-05-18,SKU_008,232.04527817654832,211.34328747455106,252.76521809339485,0
2023-05-19,SKU_008,267.9520386369911,247.2538622053238,290.5473119241084,0
2023-05-20,SKU_008,287.0191970496728,266.366803905508,307.70096850409504,0
2023-05-21,SKU_008,268.32671521857236,246.13709610897436,290.1329850330513,0
2023-05-22,SKU_008,232.9632035875465,210.18509962322813,254.6527329283756,0
2023-05-23,SKU_008,203.02388617167622,182.00041181026367,226.4344077101762,0
2023-05-24,SKU_008,203.39298397094464,181.01734126955031,225.05762989333428,0
2023-05-25,SKU_008,237.42474177522413,214.1699058305075,260.2077045799758,0
2023-05-26,SKU_008,273.29412976151724,250.82218841822345,294.7062874181411,0
2023-05-27,SKU_008,292.27268556803773,268.62957580343226,313.9164496159536,0
2023-05-28,SKU_008,273.43989615591755,250.24310371685388,293.7136337609297,0
2023-05-29,SKU_008,237.88520663868587,216.63779572716692,258.20129409439,0
2023-05-30,SKU_008,207.70595826267717,186.9860040769501,229.56660803727232,0
2023-05-31,SKU_008,207.7897093947009,186.64218651433887,227.21438108205834,0
2023-06-01,SKU_008,241.4951660683495,219.66283241646002,264.4731721800275,0
2023-06-02,SKU_008,277.00275632415736,255.52451620942713,300.3144921239987,0
2023-06-03,SKU_008,295.59031766874017,274.6031003457864,318.07669415355934,0
2023-06-04,SKU_008,276.34430140837077,255.24314347793708,297.62901642703406,0
2023-06-05,SKU_008,240.36158614371175,220.1673262500129,262.05926308128545,0
2023-06-06,SKU_008,209.74720823046374,188.0364135380777,232.0212799034589,0
2023-06-07,SKU_008,209.3964690360445,187.3350539185518,232.3750046539648,0
2023-06-08,SKU_008,242.67565169593087,222.29058378739987,264.7792068755075,0
2023-06-09,SKU_008,277.7723877581674,256.8536758366511,298.613599814378,0
2023-06-10,SKU_008,295.97114901107335,274.74362484575926,318.28662436424935,0
2023-06-11,SKU_008,276.3642738703118,254.1169483941049,297.67152280091693,0
2023-06-12,SKU_008,240.0536257094695,218.22710350142216,262.34375583534575,0
2023-06-13,SKU_008,209.14819536702402,187.26366607197562,230.7443704246568,0
2023-06-14,SKU_008,208.54611131371533,184.77657474839177,230.4992332143527,0
2023-06-15,SKU_008,241.61529278977838,220.32333917574232,264.11797938852413,0
2023-06-16,SKU_008,276.5437882651837,253.34395974217495,298.3161143229206,0
2023-06-17,SKU_008,294.6152749798092,273.28986658858025,316.4222268873362,0
2023-06-18,SKU_008,274.92012868545015,253.11075011886925,297.42414833452,0
2023-06-19,SKU_008,238.55715952912408,217.79876959442922,261.16024851899465,0
2023-06-20,SKU_008,207.63132387540662,185.7520477700141,229.2827764263643,0
2023-06-21,SKU_008,207.03587215634357,185.46892955000172,229.63307313192112,0
2023-06-22,SKU_008,240.13316395193914,217.47398962140542,262.24196379101613,0
2023-06-23,SKU_008,275.1051874896798,251.8162845282294,296.46748590139157,0
2023-06-24,SKU_008,293.22925404027933,270.99837609085256,315.7051914329688,0
2023-06-25,SKU_008,273.5892702960754,252.23585357563388,295.35090772546255,0
2023-06-26,SKU_008,237.27767853968004,214.01342498530823,259.91479962476024,0
2023-06-27,SKU_008,206.39336819422394,184.4637518130618,227.45769720077578,0
2023-06-28,SKU_008,205.8240127708729,184.42160497935672,229.70694501346443,0
2023-06-29,SKU_008,238.92705765907513,216.69256174252385,260.8456198371928,0
2023-06-30,SKU_008,273.8803906792897,250.76255703578633,295.7478993257024,0
2023-07-01,SKU_008,291.95816125427575,270.8898958534677,313.7755826124496,0
2023-07-02,SKU_008,272.2421474528477,250.2323048477861,295.118115420908,0
2023-07-03,SKU_008,235.82375778744108,213.40284513804673,256.75610070744716,0
2023-07-04,SKU_008,204.80196942770468,181.76830161182738,226.5514897027713,0
2023-07-05,SKU_008,204.0656559761133,181.76126907835646,225.85506073021054,0
2023-07-06,SKU_008,236.97453047163737,214.0251097290045,257.92456822776006,0
2023-07-07,SKU_008,271.7097368477266,249.55691482148208,292.7938413693534,0
2023-07-08,SKU_008,289.54955806449357,266.85273737254977,310.8725132386011,0
2023-07-09,SKU_008,269.5806435217703,246.63882724156707,291.5009763127064,0
2023-07-10,SKU_008,232.8998468680202,211.82547818779986,255.6775388934825,0
2023-07-11,SKU_008,201.61198088877111,178.83649296518277,223.9826301940866,0
2023-07-12,SKU_008,200.6119482539852,175.97749040640375,220.95087047505388,0
2023-07-13,SKU_008,233.26547987865618,211.5772061584817,255.820185948601,0
2023-07-14,SKU_008,267.759520498827,244.59584201599446,289.81097179545475,0
2023-07-15,SKU_008,285.3777361335431,262.739128536583,308.57285236451713,0
2023-07-16,SKU_008,265.21155238955276,245.33459822601446,287.48566671246425,0
2023-07-17,SKU_008,228.36182077767938,207.90895843152785,252.1846285574417,0
2023-07-18,SKU_008,196.93642528565118,175.22387944521003,218.70876285988922,0
2023-07-19,SKU_008,195.8322928973858,172.38038204667725,217.74694270621313,0
2023-07-20,SKU_008,228.41604391882754,207.07615891704512,248.65004539854007,0
2023-07-21,SKU_008,262.8743248734373,239.1088968061664,284.87561998777505,0
2023-07-22,SKU_008,280.4893007601375,259.4080879134651,304.1505014379464,0
2023-07-23,SKU_008,260.3497166329907,237.97407058491456,283.38108456656255,0
2023-07-24,SKU_008,223.55262552339747,201.4059802848469,246.8444716882492,0
2023-07-25,SKU_008,192.20109362871975,171.56928243262735,214.41353675475366,0
2023-07-26,SKU_008,191.1863440059477,170.70435208348496,212.7419046571257,0
2023-07-27,SKU_008,223.86857109945714,201.7300745862089,245.5540577155337,0
2023-07-28,SKU_008,258.4274643528603,236.34877476578177,281.2021741664777,0
2023-07-29,SKU_008,276.13791232457595,253.78735168982794,297.921073264753,0
2023-07-30,SKU_008,256.08129118256306,232.89367492342146,277.94108715801246,0
2023-07-31,SKU_008,219.34742798215814,197.69120035604632,241.41917025381298,0
2023-08-01,SKU_008,188.03254265167683,164.47799317053608,209.75676775254442,0
2023-08-02,SKU_008,187.0216228582037,166.12356123859223,208.86310949817968,0
2023-08-03,SKU_008,219.66945696877485,197.7722097652063,241.123480941708,0
2023-08-04,SKU_008,254.15135658783177,229.73389447352406,275.61948933727916,0
2023-08-05,SKU_008,271.739033763285,248.50303816894476,292.7675958751274,0
2023-08-06,SKU_008,251.51203107074213,230.96128093156557,273.2381659793882,0
2023-08-07,SKU_008,214.55979014250948,191.27398747810508,236.63990339503323,0
2023-08-08,SKU_008,182.97965874862703,160.65949092167372,203.39202304505338,0
2023-08-09,SKU_008,181.65928780380378,159.69097497568464,203.34173198538926,0
2023-08-10,SKU_008,213.95764203679192,192.02652392778714,236.27191426508338,0
2023-08-11,SKU_008,248.05565549385625,227.2049403077281,271.0235635641686,0
2023-08-12,SKU_008,265.23199798463986,244.32177576014942,288.43749705498175,0
2023-08-13,SKU_008,244.57435295581837,223.91561316556889,266.75028701723954,0
2023-08-14,SKU_008,207.18129586192364,185.1744405074407,229.6100336920209,0
2023-08-15,SKU_008,175.16007777861236,154.72317435412856,195.4160158124453,0
2023-08-16,SKU_008,173.40877129080812,151.1500251664891,194.95357428858316,0
2023-08-17,SKU_008,205.29700892112922,183.03373568638474,226.04207751129255,0
2023-08-18,SKU_008,239.01635249804303,216.57609384898348,261.2375905962236,0
2023-08-19,SKU_008,255.85576729527907,234.11056029631249,276.87286607845715,0
2023-08-20,SKU_008,234.9126094494542,211.2687062122229,257.655501948323,0
2023-08-21,SKU_008,197.2942238022415,176.03564602294765,217.76097092000435,0
2023-08-22,SKU_008,165.11546483891334,142.96799673516793,186.74544006975688,0
2023-08-23,SKU_008,163.28060530324143,142.93586466717676,186.0886406509715,0
2023-08-24,SKU_008,195.16386965612995,171.74428867335976,217.05051965994133,0
2023-08-25,SKU_008,228.95963700445247,206.9738573219692,251.35135107764924,0
2023-08-26,SKU_008,245.95779241840148,223.61198227284677,266.9905486407068,0
2023-08-27,SKU_008,225.25463922346566,204.77806667321454,247.84480907758845,0
2023-08-28,SKU_008,187.9544721905424,166.37444459514288,210.74628031042505,0
2023-08-29,SKU_008,156.16712573770943,134.78004551869802,179.4663001126297,0
2023-08-30,SKU_008,154.78996176659,133.01456813940675,176.95399005728794,0
2023-08-31,SKU_008,187.18853297515693,165.8012020859412,209.09552684033355,0
2023-09-01,SKU_008,221.54696345189353,199.96379205853967,241.70672370789958,0
2023-09-02,SKU_008,239.1435214820119,216.1696619565879,260.31564465867876,0
2023-09-03,SKU_008,219.061791825784,196.48754908738042,241.36494027080332,0
2023-09-04,SKU_008,182.39254102791438,160.5406128023143,204.24501625265071,0
2023-09-05,SKU_008,151.2315825786983,129.0144483857859,174.25654549468086,0
2023-09-06,SKU_008,150.46209852752256,128.4889269592477,172.67472691257768,0
2023-09-07,SKU_008,183.43564485431952,162.33406928911444,203.82153102865584,0
2023-09-08,SKU_008,218.32287357510688,196.07972669044466,240.4818036154203,0
2023-09-09,SKU_008,236.38943763910652,213.9693686814252,258.1239228747355,0
2023-09-10,SKU_008,216.70747718510316,194.69289251064507,239.44605683998256,0
2023-09-11,SKU_008,180.35777245703866,157.33712883773808,202.26400765281454,0
2023-09-12,SKU_008,149.42786258021084,126.26127507620177,171.79198648319914,0
2023-09-13,SKU_008,148.79458004368473,127.2194011049327,172.07506498621615,0
2023-09-14,SKU_008,181.80522247841878,162.31070202655278,204.42684914574534,0
2023-09-15,SKU_008,216.6283901904413,194.73428247840585,237.99606023381062,0
2023-09-16,SKU_008,234.52995232068957,213.89264146633653,256.1685546016473,0
2023-09-17,SKU_008,214.58453841029174,193.15877607162977,235.91600255816417,0
2023-09-18,SKU_008,177.8776403830764,157.4725300061992,197.76260863821383,0
2023-09-19,SKU_008,146.50362529272562,125.64605379431721,169.6766510388507,0
2023-09-20,SKU_008,145.348111305754,123.2386694741338,166.36192948730874,0
2023-09-21,SKU_008,177.76893250381013,158.53281300251987,200.11724143075864,0
2023-09-22,SKU_008,211.94672623508202,188.50111807792544,235.53792791538325,0
2023-09-23,SKU_008,229.1606122897588,207.46875189857715,250.79312816361303,0
2023-09-24,SKU_008,208.49936805737383,183.4403738154355,229.34082363373219,0
2023-09-25,SKU_008,171.06319279172996,149.1247236089893,192.69574943903945,0
2023-09-26,SKU_008,138.96137003749146,116.68461494629868,160.8927975310405,0
2023-09-27,SKU_008,137.09428967454278,115.6989928680902,158.63565115122526,0
2023-09-28,SKU_008,168.83406424455336,146.67826078913635,190.5404742680595,0
2023-09-29,SKU_008,202.37478219392872,179.8743387213353,224.0839522083812,0
2023-09-30,SKU_008,219.00787581108133,196.4561980513595,240.31215901247987,0
2023-10-01,SKU_008,197.83301588361567,175.45535834581455,219.80998331321715,0
2023-10-02,SKU_008,159.95963323536967,139.42698989629648,182.13950797626137,0
2023-10-03,SKU_008,127.50438219796553,106.50002579594532,149.66132571770012,0
2023-10-04,SKU_008,125.37301229815759,103.81238143755512,148.06055594026532,0
2023-10-05,SKU_008,156.94088634037922,135.24164272710743,179.76954357631837,0
2023-10-06,SKU_008,190.4031896410395,168.47212351094657,212.79096622969934,0
2023-10-07,SKU_008,207.0503088649829,184.4090384802786,227.80045135789885,0
2023-10-08,SKU_008,185.97879171508194,162.11824327992272,207.84317553375232,0
2023-10-09,SKU_008,148.29298543915132,126.3917580883149,169.3075035300602,0
2023-10-10,SKU_008,116.10266555942714,92.66174057716215,138.5968670423112,0
2023-10-11,SKU_008,114.30511645425833,93.21434673251377,137.4570747168834,0
2023-10-12,SKU_008,146.265895858077,124.31644373535215,168.2787912834746,0
2023-10-13,SKU_008,180.1693212329015,158.28767358736468,201.93495971011424,0
2023-10-14,SKU_008,197.29414879562873,176.83932674921468,218.44793095079183,0
2023-10-15,SKU_008,176.7248482568874,153.52294449273174,198.3363112773598,0
2023-10-16,SKU_008,139.55356270404366,117.95635525331218,163.20269422670265,0
2023-10-17,SKU_008,107.87805651539543,87.21840767221623,129.02810260653808,0
2023-10-18,SKU_008,106.58410430921131,86.58956445577606,130.61856799260835,0
2023-10-19,SKU_008,139.02654508036497,119.76948384624022,161.24524360003784,0
2023-10-20,SKU_008,173.3800319009001,153.65331371200352,195.45851331399928,0
2023-10-21,SKU_008,190.91494128217462,168.9006572692245,213.09937984745127,0
2023-10-22,SKU_008,170.70883951517013,147.93216559951898,192.9286788193025,0
2023-10-23,SKU_008,133.84859079410435,110.63267646856995,155.14451200695825,0
2023-10-24,SKU_008,102.42840661040579,79.94219549892347,122.95030451024458,0
2023-10-25,SKU_008,101.3322873299962,79.9189980570508,123.44015793340773,0
2023-10-26,SKU_008,133.9150793684889,113.9256894701727,155.5791603031037,0
2023-10-27,SKU_008,168.35317896494394,145.70956041753456,189.3531275247473,0
2023-10-28,SKU_008,185.92034860050262,164.70819012507988,206.20185197096214,0
2023-10-29,SKU_008,165.69904659927877,142.8937372350556,188.70023623332858,0
2023-10-30,SKU_008,128.78235908753987,105.23400373287917,152.2174145136828,0
2023-10-31,SKU_008,97.2718392069775,73.04734516233309,120.6416389502293,0
2023-11-01,SKU_008,96.05971077195085,74.55404909573379,118.77571455517213,0
2023-11-02,SKU_008,128.5096667321127,107.62198566259889,151.3564470942729,0
2023-11-03,SKU_008,162.80730092108976,141.02993156384258,183.43070166567352,0
2023-11-04,SKU_008,180.23564683513146,158.02588784986875,199.226675134869,0
2023-11-05,SKU_008,159.88623177927553,137.05462640307897,180.97482117047286,0
2023-11-06,SKU_008,122.8607431858394,99.89846852694231,144.9612384879318,0
2023-11-07,SKU_008,91.26861926798016,71.16241155588433,114.60854212013588,0
2023-11-08,SKU_008,90.00902789686732,68.8848310385269,111.42655109256306,0
2023-11-09,SKU_008,122.45147004046103,102.50028034943375,144.56334402909505,0
2023-11-10,SKU_008,156.78605127773204,133.6732726294322,178.19679531934725,0
2023-11-11,SKU_008,174.2988991953677,152.2138004495571,196.6647918618636,0
2023-11-12,SKU_008,154.08313789422917,132.07757667817268,176.4102940126292,0
2023-11-13,SKU_008,117.24051812170049,95.98353695026806,139.06431520180843,0
2023-11-14,SKU_008,85.87901567171482,64.43401107942836,107.52673577271715,0
2023-11-15,SKU_008,84.89486119193926,63.96739575627611,105.73479261644323,0
2023-11-16,SKU_008,117.65323579503072,98.00900863452851,139.5997973804167,0
2023-11-17,SKU_008,152.33867292377798,129.90717680774938,174.8295854913834,0
2023-11-18,SKU_008,170.230640189678,147.78941762765817,191.39129783201872,0
2023-11-19,SKU_008,150.41470742535353,129.62650958091086,172.61325413139377,0
2023-11-20,SKU_008,113.98439374044874,93.28362039304399,136.49212623857187,0
2023-11-21,SKU_008,83.03899991121014,61.29190685648335,104.78996105711839,0
2023-11-22,SKU_008,82.46588254628885,60.61808703223664,106.6952873961823,0
2023-11-23,SKU_008,115.6213975250554,94.8199949320773,137.7829517991809,0
2023-11-24,SKU_008,150.68154627177813,127.34779148735862,173.1893405686985,0
2023-11-25,SKU_008,168.91779177505074,146.2504638502939,191.00691186157513,0
2023-11-26,SKU_008,149.40844444244982,127.13669066814127,172.4546253471231,0
2023-11-27,SKU_008,113.24070459204705,89.86245105571402,135.72298596643114,0
2023-11-28,SKU_008,82.50866291303186,60.546091688916064,104.3613432297238,0
2023-11-29,SKU_008,82.09571105707177,58.04851382135707,102.88016290740231,0
2023-11-30,SKU_008,115.35558653805681,92.1194679099493,138.6503236263291,0
2023-12-01,SKU_008,150.46308318101063,129.40202884691652,172.88698388430925,0
2023-12-02,SKU_008,168.6898928978117,146.18507173710609,189.64242951101198,0
2023-12-03,SKU_008,149.11597853930343,127.64752317228255,171.1198610283837,0
2023-12-04,SKU_008,112.83156574867577,92.80220049263473,132.7609339945257,0
2023-12-05,SKU_008,81.93505701372199,59.87697280195075,104.85139549311633,0
2023-12-06,SKU_008,81.31532301287362,58.54071071461502,103.76285371129617,0
2023-12-07,SKU_008,114.33259921601667,92.70232346646809,134.6842761484524,0
2023-12-08,SKU_008,149.16902349628077,125.45110554169496,170.6340101509218,0
2023-12-09,SKU_008,167.10428564835206,145.4441071032236,188.66664838619528,0
2023-12-10,SKU_008,147.22679412396099,125.45894249972199,167.33666744894848,0
2023-12-11,SKU_008,110.63545374918529,88.83155904822532,131.3678162151501,0
2023-12-12,SKU_008,79.4373635693299,58.63246031567086,101.64615154796684,0
2023-12-13,SKU_008,78.52989580226432,56.88307181993001,98.99361802613764,0
2023-12-14,SKU_008,111.28138951846708,90.33153024042127,133.56437671018193,0
2023-12-15,SKU_008,145.88150007874722,123.85623907716709,167.18815222983562,0
2023-12-16,SKU_008,163.61667996768108,141.3992785448641,185.5880402226967,0
2023-12-17,SKU_008,143.58120043376132,121.8364513469928,164.92222000707667,0
2023-12-18,SKU_008,106.87881106223806,83.18796845397925,128.90386549754518,0
2023-12-19,SKU_008,75.62034879730896,54.64306895488804,97.49887111141341,0
2023-12-20,SKU_008,74.70575928324497,51.4188932222943,97.84980654738617,0
2023-12-21,SKU_008,107.50476457083134,84.88768203623209,128.8220466555006,0
2023-12-22,SKU_008,142.20721813951062,120.59299087435507,162.3784062987362,0
2023-12-23,SKU_008,160.0986217460224,137.39894708500026,182.6674860729976,0
2023-12-24,SKU_008,140.27121157047145,118.57462467812748,162.7857016273117,0
2023-12-25,SKU_008,103.82570806180156,82.5438262427848,126.24008685870993,0
2023-12-26,SKU_008,72.86903777578857,51.487910797630114,94.53444787304272,0
2023-12-27,SKU_008,72.29648589738153,49.988734230070264,93.1757576458712,0
2023-12-28,SKU_008,105.4725094368043,82.48396115367737,126.56515120198648,0
2023-12-29,SKU_008,140.58124731216265,119.00907562296864,162.24182904656868,0
2023-12-30,SKU_008,158.9021971104832,136.32725378366857,181.4194427701134,0
2023-12-31,SKU_008,139.52146126496623,116.79126544396001,161.41161608186962,0
2024-01-01,SKU_008,103.53365246525465,81.4595594288833,125.62461501058431,0
2024-01-02,SKU_008,73.0397622927302,49.04387553598013,93.58676070956565,0
2024-01-03,SKU_008,72.92944787754172,51.449765442287756,95.07212437891717,0
2024-01-04,SKU_008,106.5619631850128,85.79911946985906,128.40266186931476,0
2024-01-05,SKU_008,142.1167683652446,120.61702217215887,163.84646746298213,0
2024-01-06,SKU_008,160.86928485128735,139.28592846675824,182.07794565295973,0
2024-01-07,SKU_008,141.90219755208352,119.89544072713072,162.17962883643798,0
2024-01-08,SKU_008,106.30739331420878,84.93132169548542,128.1613436451975,0
2024-01-09,SKU_008,76.18383973417981,53.747757094350874,99.01870916895076,0
2024-01-10,SKU_008,76.41985993729283,54.360168708969354,99.73504216333055,0
2024-01-11,SKU_008,110.37403139601271,88.77308187440444,133.05750102639018,0
2024-01-12,SKU_008,146.22574435162636,126.11373722991821,167.90296929468784,0
2024-01-13,SKU_008,165.2508901049029,142.70625900352383,186.71962051035499,0
2024-01-14,SKU_008,146.53308358014328,125.26417230015012,168.0337812216511,0
2024-01-15,SKU_008,111.16551269159037,89.23998428218911,132.24663149797078,0
2024-01-16,SKU_008,81.24872214677205,58.632256410412566,103.54465041605337,0
2024-01-17,SKU_008,81.67279093186707,59.38394975653053,103.87048393529759,0
2024-01-18,SKU_008,115.79813514958786,94.78790459137387,137.43634032425624,0
2024-01-19,SKU_008,151.8059751581404,130.15907976626468,172.84138980927884,0
2024-01-20,SKU_008,170.9739404552356,150.09052335734822,192.7694151965498,0
2024-01-21,SKU_008,152.3872194608199,130.82328884143993,174.22653399134683,0
2024-01-22,SKU_008,117.14034903655426,94.06933217025825,140.33634318181234,0
2024-01-23,SKU_008,87.3349531556671,65.86387430543702,109.11025234670007,0
2024-01-24,SKU_008,87.8618911594147,66.03858474237485,110.74151677367013,0
2024-01-25,SKU_008,122.0820478600875,100.7220785388139,143.49820235786817,0
2024-01-26,SKU_008,158.17680440131141,135.59050633853843,179.41262122428802,0
2024-01-27,SKU_008,177.4236626769665,154.681383290547,199.55672955553638,0
2024-01-28,SKU_008,158.907429239034,136.99246187123478,181.6430324816344,0
2024-01-29,SKU_008,123.72205178962396,102.61163652262088,145.2348141495675,0
2024-01-30,SKU_008,93.9684154616579,71.55893404451471,115.53380632132873,0
2024-01-31,SKU_008,94.53655674739719,71.3163073205667,115.51124664844185,0
2024-02-01,SKU_008,128.78652447406463,105.51930913203661,149.81960686709982,0
2024-02-02,SKU_008,164.8989808666381,143.42399591144277,187.13164547746183,0
2024-02-03,SKU_008,184.15072657577034,163.61829372789597,206.3830442394488,0
2024-02-04,SKU_008,165.62612418328183,142.94117840654306,188.97153360234105,0
2024-02-05,SKU_008,130.41893873412653,108.86964077911469,152.84819536182732,0
2024-02-06,SKU_008,100.63018567001299,78.84365916020943,121.8702699308799,0
2024-02-07,SKU_008,101.15038455905744,78.07196064346167,122.36145538111332,0
2024-02-08,SKU_008,135.34044615420177,113.32911477101116,157.35840802319052,0
2024-02-09,SKU_008,171.38222728560703,148.79520085932216,193.38082367930542,0
2024-02-10,SKU_008,190.5542224656982,168.1161393979332,212.2233476123961,0
2024-02-11,SKU_008,171.94279484405882,150.2317971167467,194.2447214726696,0
2024-02-12,SKU_008,136.64403705074216,115.54835423594852,158.47101562439246,0
2024-02-13,SKU_008,106.76156742411307,87.21302964251764,129.4305860486073,0
2024-02-14,SKU_008,107.18871867535061,84.3061656386636,129.0600049560329,0
2024-02-15,SKU_008,141.2893485258275,119.04555030386624,163.21431395894982,0
2024-02-16,SKU_008,177.2483092699539,155.48392511070705,200.0813797928496,0
2024-02-17,SKU_008,196.34704795354213,175.8972808228692,219.55019457029147,0
2024-02-18,SKU_008,177.67474288783606,156.50414927715036,200.0999328811536,0
2024-02-19,SKU_008,142.33007028791621,119.22330400755204,165.45854949835405,0
2024-02-20,SKU_008,112.4189098447281,90.0844086531912,134.3497725058482,0
2024-02-21,SKU_008,112.83644953618918,89.8680739327303,134.28813850511858,0
2024-02-22,SKU_008,146.94792231112413,123.76025262886091,168.76735983080127,0
2024-02-23,SKU_008,182.93901441992378,162.04157282154037,204.39368869727534,0
2024-02-24,SKU_008,202.0914195314685,181.574533328467,223.70013715575294,0
2024-02-25,SKU_008,183.49394635642545,162.43020735736496,205.32170200664132,0
2024-02-26,SKU_008,148.24427543307306,125.13468657567189,169.3953036571343,0
2024-02-27,SKU_008,118.44667271014895,97.01073769106526,141.38679271354198,0
2024-02-28,SKU_008,118.99412458183028,98.03144992307934,140.47831855930656,0
2024-02-29,SKU_008,153.24912250661134,130.02734275826958,174.81400036456938,0
2024-03-01,SKU_008,189.39413799222086,167.52164513947415,212.43598446507855,0
2024-03-02,SKU_008,208.70726001740883,185.75477731862793,231.45833702750767,0
2024-03-03,SKU_008,190.27340036984998,167.85480086651907,211.52432123877543,0
2024-03-04,SKU_008,155.1861593974945,133.61826321835653,176.89165864614293,0
2024-03-05,SKU_008,125.54565867448017,103.52168176129426,146.02246635963067,0
2024-03-06,SKU_008,126.240797614959,103.92618300460111,147.54759665195652,0
2024-03-07,SKU_008,160.63016251349535,139.75281362913813,181.72594007572764,0
2024-03-08,SKU_008,196.89262288172225,176.18958531461922,217.4823315238305,0
2024-03-09,SKU_008,216.30308369988546,193.5479536268551,237.5453278542692,0
2024-03-10,SKU_008,197.94379533436376,174.134921875656,219.51365043943707,0
2024-03-11,SKU_008,162.90631013836088,140.7653889203886,185.63376838676385,0
2024-03-12,SKU_008,133.28938912108714,111.4315937025739,154.86514459580064,0
2024-03-13,SKU_008,133.98131307058256,112.93050538685385,154.6935755179484,0
2024-03-14,SKU_008,168.34082451929422,147.0348389674384,190.32583599288486,0
2024-03-15,SKU_008,204.5477339657785,181.61926345039032,227.95443130854878,0
2024-03-16,SKU_008,223.87865820413714,203.4075505658286,245.5626793905945,0
2024-03-17,SKU_008,205.41829246607742,183.04929224177596,225.87319020544842,0
2024-03-18,SKU_008,170.26130608987336,147.80529964225153,191.3381725076549,0
2024-03-19,SKU_008,140.51016651691788,117.55544171840971,163.38670553843727,0
2024-03-20,SKU_008,141.05734813745872,120.16709662329899,163.06309723710422,0
2024-03-21,SKU_008,175.26615502945518,153.48235881527376,196.8246707203199,0
2024-03-22,SKU_008,211.321194518737,188.6185396022757,233.82796090534177,0
2024-03-23,SKU_008,230.5039730082946,207.96568444529177,252.7121070652366,0
2024-03-24,SKU_008,211.90402003069735,190.5015856416543,235.04976154857346,0
2024-03-25,SKU_008,176.6206346142725,157.6210325020625,198.8081495163713,0
2024-03-26,SKU_008,146.7605632678877,125.07041819450518,167.7164457089395,0
2024-03-27,SKU_008,147.22007056518694,126.9097512989827,170.31959086197887,0
2024-03-28,SKU_008,181.36563578973548,159.697713456051,204.73685206623549,0
2024-03-29,SKU_008,217.3843163914031,195.41524947112595,239.28303749916088,0
2024-03-30,SKU_008,236.5592535015416,215.2037604062788,258.24229014762017,0
2024-03-31,SKU_008,217.98072842444128,195.85676277030666,239.40478982127257,0
2024-04-01,SKU_008,182.74786664127592,161.27605306908717,206.0682944105824,0
2024-04-02,SKU_008,152.96630034139858,130.51326301878717,175.14970367365288,0
2024-04-03,SKU_008,153.53025138392448,131.6856708412703,175.83255784059654,0
2024-04-04,SKU_008,187.80326826309513,163.21376040211226,209.63331453687687,0
2024-04-05,SKU_008,223.96865709882678,200.81152016506215,246.619841851501,0
2024-04-06,SKU_008,243.30508035136742,221.67693142283187,264.72426075537845,0
2024-04-07,SKU_008,224.8977298402451,203.63264630663699,246.8250683279491,0
2024-04-08,SKU_008,189.84016753781225,167.03013924520943,212.0675310337704,0
2024-04-09,SKU_008,160.23214143984677,138.75283541763315,181.48238405144753,0
2024-04-10,SKU_008,160.96183415930548,139.49004538860447,182.77395697825543,0
2024-04-11,SKU_008,195.38677313472937,175.2266457838834,216.6352992633168,0
2024-04-12,SKU_008,231.68443762678874,211.06086511156164,254.3823904995157,0
2024-04-13,SKU_008,251.12803045955303,229.16675617160053,274.0680104314816,0
2024-04-14,SKU_008,232.7978172107467,211.72388538375577,254.13610630453135,0
2024-04-15,SKU_008,197.78312011709852,175.90292321297628,219.54059047522404,0
2024-04-16,SKU_008,168.18026995366498,147.35396803191156,190.56269179301393,0
2024-04-17,SKU_008,168.87496919197994,148.91774091698497,191.04672224991435,0
2024-04-18,SKU_008,203.223291683224,182.36847228841572,226.15228672945182,0
2024-04-19,SKU_008,239.4023509540758,218.26803952118618,260.39676153295306,0
2024-04-20,SKU_008,258.6861035157573,236.51122585307354,280.4286559106396,0
2024-04-21,SKU_008,240.1566873252438,219.52271489661518,261.68994675365445,0
2024-04-22,SKU_008,204.90638348200446,182.19713529010048,224.7735921829412,0
2024-04-23,SKU_008,175.0355042999564,153.01485798480252,196.49223318462182,0
2024-04-24,SKU_008,175.43466260703948,152.57355462253048,197.36639662378622,0
2024-04-25,SKU_008,209.46564982091442,187.0413409394319,230.36367531722348,0
2024-04-26,SKU_008,245.31195803040654,225.20069052811272,268.08356850678854,0
2024-04-27,SKU_008,264.25441636181563,243.587174494466,284.6981769233091,0
2024-04-28,SKU_008,245.38234629253918,222.79914904946438,266.25530542297867,0
2024-04-29,SKU_008,209.79532903160253,188.75855414701826,231.50750092927404,0
2024-04-30,SKU_008,179.60089351640434,158.08519551076677,200.746547806798,0
2024-05-01,SKU_008,179.69658550707913,158.32415314415138,202.16176003771704,0
2024-05-02,SKU_008,213.45065101386618,191.5067453136775,235.7432795373533,0
2024-05-03,SKU_008,249.0523748680043,227.6532890565183,271.0531183209322,0
2024-05-04,SKU_008,267.7875500271556,246.35797747997336,289.420883323232,0
2024-05-05,SKU_008,248.74948716521743,224.88499740143453,270.7905576794889,0
2024-05-06,SKU_008,213.04069559115806,192.2428466402492,236.0256937166539,0
2024-05-07,SKU_008,182.7703796312453,162.36294695599065,205.03162869460104,0
2024-05-08,SKU_008,182.836549836254,161.85828651046762,204.83251645545351,0
2024-05-09,SKU_008,216.60664809673628,196.14121530589745,237.53810154532093,0
2024-05-10,SKU_008,252.26789646882062,230.33443448948879,275.02737963518564,0
2024-05-11,SKU_008,271.1028116655815,247.84072442638686,291.1449085635469,0
2024-05-12,SKU_008,252.2002937326498,230.6019281998217,274.82362331317717,0
2024-05-13,SKU_008,216.65738434595104,194.60256309994767,238.91846337212743,0
2024-05-14,SKU_008,186.57700397550377,164.1368681583103,207.2283210767864,0
2024-05-15,SKU_008,186.85012744544503,164.93964070687093,209.1955563531541,0
2024-05-16,SKU_008,220.83662853172478,198.98653711442716,242.0368026551178,0
2024-05-17,SKU_008,256.715830253757,235.06772644262935,279.5589179718323,0
2024-05-18,SKU_008,275.7622308281297,252.97990569142652,297.2342403582457,0
2024-05-19,SKU_008,257.0568079120205,235.44081301171778,278.1895354444336,0
2024-05-20,SKU_008,221.6889905276156,199.9266470075618,244.37351356070263,0
2024-05-21,SKU_008,191.75460190880932,168.563424742067,213.7650779360308,0
2024-05-22,SKU_008,192.1382269903241,171.37748865592692,214.26468693024964,0
2024-05-23,SKU_008,226.1942297532746,203.7098773273147,248.56948424384836,0
2024-05-24,SKU_008,262.09745217940883,241.98124851925013,284.6724841882999,0
2024-05-25,SKU_008,281.1190605554939,260.2332731148017,302.5787755735259,0
2024-05-26,SKU_008,262.33793832305724,240.30781614864682,283.33402029398377,0
2024-05-27,SKU_008,226.84271233835787,205.71564852577478,249.09487299947685,0
2024-05-28,SKU_008,196.72971422414784,175.92330065616855,219.9914036630691,0
2024-05-29,SKU_008,196.88839180606894,176.231434073387,218.6260337237755,0
2024-05-30,SKU_008,230.67308734303543,208.7979377079797,252.71262408422294,0
2024-05-31,SKU_008,266.26283386615154,245.0347038886898,287.9216725439033,0
2024-06-01,SKU_008,284.9340198675617,264.2883968513545,306.9155723466415,0
2024-06-02,SKU_008,265.77163398687355,242.33394617874313,287.654423630927,0
2024-06-03,SKU_008,229.87111901602543,208.3112381292423,251.41456256205544,0
2024-06-04,SKU_008,199.33614185845266,177.07340637519275,220.35854524315033,0
2024-06-05,SKU_008,199.06073813996744,177.86387895834517,220.84854088843997,0
2024-06-06,SKU_008,232.41006309621548,210.44811409884326,254.67015492207707,0
2024-06-07,SKU_008,267.5707881485521,247.335577345332,290.1679792886869,0
2024-06-08,SKU_008,285.8266176060276,264.2586886318911,307.86118475119315,0
2024-06-09,SKU_008,266.26933416151115,245.22303692756134,288.59412814606566,0
2024-06-10,SKU_008,230.00047002716968,206.88055736200548,249.94113397711843,0
2024-06-11,SKU_008,199.1289155909654,177.60708896925885,222.03275998318605,0
2024-06-12,SKU_008,198.55292889654078,177.7365153838717,221.4572370755317,0
2024-06-13,SKU_008,231.64078141687898,210.80972556944408,252.83835593629675,0
2024-06-14,SKU_008,266.5810824865701,243.71208455591554,289.35871396710024,0
2024-06-15,SKU_008,284.65825882074995,260.8026462063766,306.67395102663477,0
2024-06-16,SKU_008,264.96359874201596,242.25508495384062,284.28167007308804,0
2024-06-17,SKU_008,228.59695785880393,206.94775451686232,248.2479120363077,0
2024-06-18,SKU_008,197.66443691466097,175.0811622617134,219.90915301706661,0
2024-06-19,SKU_008,197.0604929246189,175.49202766186386,219.7881599327186,0
2024-06-20,SKU_008,230.14871592033055,208.1706528024967,251.99567856034545,0
2024-06-21,SKU_008,265.11657350149727,242.26223956222378,286.04799743645873,0
2024-06-22,SKU_008,283.2382756029434,260.4025939683403,304.6020798745917,0
2024-06-23,SKU_008,263.598802213616,240.0715109773296,284.624239333529,0
2024-06-24,SKU_008,227.2915464614262,205.31892049379934,249.14328995314796,0
2024-06-25,SKU_008,196.41619691875147,173.16443695319919,219.732244682059,0
2024-06-26,SKU_008,195.86105018381454,174.42083668883413,218.39827001253448,0
2024-06-27,SKU_008,228.98397993616027,207.15339667767753,249.86420146607853,0
2024-06-28,SKU_008,263.96309496163394,242.61447880862025,284.77748278305097,0
2024-06-29,SKU_008,282.07255239502734,259.4775566416412,303.6025890499964,0
2024-06-30,SKU_008,262.3939256291775,241.88432286811667,284.21280206994516,0
2024-07-01,SKU_008,226.01821375341353,204.7815941964703,247.42993234197075,0
2024-07-02,SKU_008,195.04379396741652,173.88116975807827,217.39838894206713,0
2024-07-03,SKU_008,194.3587696925842,172.6167007292028,216.4348569562457,0
2024-07-04,SKU_008,227.32193943506888,207.733444039268,248.3962495308674,0
2024-07-05,SKU_008,262.1134188479495,242.23939447716725,282.9426437157811,0
2024-07-06,SKU_008,280.0103832752512,258.5794865412594,301.65703027250333,0
2024-07-07,SKU_008,260.0983323315938,237.28144528746603,281.40417055247093,0
2024-07-08,SKU_008,223.47296649097265,203.234785958142,245.71393961494212,0
2024-07-09,SKU_008,192.2379811608997,170.13762725988207,213.3180558631889,0
2024-07-10,SKU_008,191.28723579618918,169.1798346475021,214.49370781726142,0
2024-07-11,SKU_008,223.98552860274907,201.7713306662388,244.68597398393425,0
2024-07-12,SKU_008,258.51901527086966,237.02634631991072,281.93815803961115,0
2024-07-13,SKU_008,276.17074534210394,254.22193638615224,298.7502333494867,0
2024-07-14,SKU_008,256.0317242117719,233.43391252669034,277.8002011409299,0
2024-07-15,SKU_008,219.20311236617337,196.92401183225076,241.57731498727034,0
2024-07-16,SKU_008,187.7922973345879,165.2645740718089,210.8718571186397,0
2024-07-17,SKU_008,186.6964538841239,163.7349054995688,207.79959145819518,0
2024-07-18,SKU_008,219.28267582939543,198.34946182299723,240.4238263059726,0
2024-07-19,SKU_008,253.73829834663385,232.89359059047368,275.3023541214401,0
2024-07-20,SKU_008,271.3463725811655,249.33900412187648,293.8750911403538,0
2024-07-21,SKU_008,251.19670293721936,230.4207451072364,270.76317812781366,0
2024-07-22,SKU_008,214.38754471318057,191.42489126484557,236.59210816648326,0
2024-07-23,SKU_008,183.02327383446598,160.48634459604682,206.65528818952276,0
2024-07-24,SKU_008,181.9964909179916,160.59922394688007,204.4470412455388,0
2024-07-25,SKU_008,214.66879313370694,191.8467068991104,237.425305317735,0
2024-07-26,SKU_008,249.22125335029978,228.9788698742643,272.16598191081886,0
2024-07-27,SKU_008,266.93007930293805,245.96860394456894,288.58992238809344,0
2024-07-28,SKU_008,246.87785800087477,225.07727089808267,268.38978189564057,0
2024-07-29,SKU_008,210.15547711566836,188.45964780862067,231.97702714338652,0
2024-07-30,SKU_008,178.86002860008546,154.07807257329625,201.57839572892357,0
2024-07-31,SKU_008,177.8771498640478,156.36027156065583,199.00678827892023,0
2024-08-01,SKU_008,210.56202887501757,188.563131923245,231.80079750226813,0
2024-08-02,SKU_008,245.09010557208904,222.5975351609592,267.39858187774195,0
2024-08-03,SKU_008,262.73293545314897,241.35404755335085,284.60947874295005,0
2024-08-04,SKU_008,242.56961409039798,220.8163554366394,264.1144827877159,0
2024-08-05,SKU_008,205.68884847263402,182.70449335020214,226.81650353360348,0
2024-08-06,SKU_008,174.1869753653083,153.5932921482308,196.23896404912816,0
2024-08-07,SKU_008,172.9503780793269,150.23269325356517,194.42226195776752,0
2024-08-08,SKU_008,205.33652414802208,184.01379272932945,227.14585734102116,0
2024-08-09,SKU_008,239.52465613825387,219.64863724614744,260.6482702610944,0
2024-08-10,SKU_008,256.79159917436107,234.69097687883405,277.4423046879484,0
2024-08-11,SKU_008,236.22308546172673,213.99629082773416,257.51532558943865,0
2024-08-12,SKU_008,198.91568349892424,176.59389241841637,220.0867008455249,0
2024-08-13,SKU_008,166.97463537370948,144.6705266986929,188.58376226465336,0
2024-08-14,SKU_008,165.29605773163814,143.17140606286713,186.22594227874444,0
2024-08-15,SKU_008,197.24773516951637,175.43853484580274,219.17249157169843,0
2024-08-16,SKU_008,231.0195429286246,210.05133991537272,252.23594734075195,0
2024-08-17,SKU_008,247.89897121627206,226.40616646162457,269.9784682888001,0
2024-08-18,SKU_008,226.98215822268975,205.18167450017123,249.0903196596426,0
2024-08-19,SKU_008,189.37552765471938,168.19257869587773,211.43519583579342,0
2024-08-20,SKU_008,157.19334226864788,134.66547810046265,178.57743509616776,0
2024-08-21,SKU_008,155.33963697504953,135.0518167049206,176.8584204469901,0
2024-08-22,SKU_008,187.18876792469237,166.68908535968862,209.18262379915424,0
2024-08-23,SKU_008,220.9356215619693,199.0940976632645,241.1425366571966,0
2024-08-24,SKU_008,237.87096233672526,216.8974765411192,258.17040368765504,0
2024-08-25,SKU_008,217.09233156959831,197.6396560171887,238.89926864679782,0
2024-08-26,SKU_008,179.7055976262007,158.5739567600512,202.96795380894244,0
2024-08-27,SKU_008,147.82247199043945,125.54334209873423,168.81274481843354,0
2024-08-28,SKU_008,146.34245659488823,123.70723471454204,170.90760754637336,0
2024-08-29,SKU_008,178.63345921620046,156.5182955478893,199.90787652945332,0
2024-08-30,SKU_008,212.88211991391103,191.59968074489117,235.8073542027531,0
2024-08-31,SKU_008,230.36932479626165,207.90542498143492,251.52729374572928,0
2024-09-01,SKU_008,210.1813158700487,187.5582590441316,233.65986826161824,0
2024-09-02,SKU_008,173.41149213156243,151.3984307775535,196.2977644682332,0
2024-09-03,SKU_008,142.15821037691734,120.53285807389727,162.86832880418314,0
2024-09-04,SKU_008,141.30704400872753,118.74403301178745,163.75481284252098,0
2024-09-05,SKU_008,174.21172878898386,152.54296997463976,196.39846715573307,0
2024-09-06,SKU_008,209.0448300850438,186.91375890371043,230.4269905050544,0
2024-09-07,SKU_008,227.07359911922885,204.85765955799516,249.14467894954254,0
2024-09-08,SKU_008,207.3714180898292,186.0037318268878,230.7938621281964,0
2024-09-09,SKU_008,171.01992056385367,151.08408234159626,193.48812803269868,0
2024-09-10,SKU_008,140.10708722943193,119.73434030957674,162.67331755048102,0
2024-09-11,SKU_008,139.5097674861205,116.96546797299732,160.53393978628964,0
2024-09-12,SKU_008,172.57484883187175,151.013314690851,194.0258156548327,0
2024-09-13,SKU_008,207.47010260425736,186.13511137345398,228.60069642836257,0
2024-09-14,SKU_008,225.46016875544797,203.33802061006887,248.3170587605483,0
2024-09-15,SKU_008,205.6180759981884,184.96143291131918,228.07208589115575,0
2024-09-16,SKU_008,169.02738158688774,147.70055085305498,191.5806171588165,0
2024-09-17,SKU_008,137.78023014258326,116.88354344477057,159.62137725571594,0
2024-09-18,SKU_008,136.75978279868286,114.17230313824594,157.2782028303919,0
2024-09-19,SKU_008,169.3212408843686,147.4649015692473,191.60679170980183,0
2024-09-20,SKU_008,203.6424963625995,181.98342366346006,225.19404190664207,0
2024-09-21,SKU_008,220.99987666646916,201.01675645835857,244.34439978827882,0
2024-09-22,SKU_008,200.47938640539235,178.98369835485548,220.8647200731391,0
2024-09-23,SKU_008,163.1785373548981,140.85120911942064,185.1358936361767,0
2024-09-24,SKU_008,131.20407409770036,110.59998464304918,152.68939431855156,0
2024-09-25,SKU_008,129.45405516349223,108.2860414731824,150.29139236098365,0
2024-09-26,SKU_008,161.29852282678175,140.16528368904565,183.61781798360795,0
2024-09-27,SKU_008,194.9298028568312,173.48990930408036,216.36330428555453,0
2024-09-28,SKU_008,211.6379108376953,190.24787745579704,232.8099715447338,0
2024-09-29,SKU_008,190.52147615162,167.21635343745,212.88286780500297,0
2024-09-30,SKU_008,152.68928308977385,131.42015916242232,174.3058991911293,0
2024-10-01,SKU_008,120.25774371591135,99.79427230798753,142.14109420837855,0
2024-10-02,SKU_008,118.13276860701068,96.92671157825404,140.14039375574023,0
2024-10-03,SKU_008,149.69027376292757,129.0414821150786,173.68514306094468,0
2024-10-04,SKU_008,183.12636882895467,161.81913590125302,204.50632571029638,0
2024-10-05,SKU_008,199.7327057278439,177.2298209570639,222.35298581353265,0
2024-10-06,SKU_008,178.60739983294548,157.82927018362525,200.2613878323127,0
2024-10-07,SKU_008,140.8566227286407,119.70684822207461,161.6862031563017,0
2024-10-08,SKU_008,108.59217933095925,86.75407308047747,130.2214872324768,0
2024-10-09,SKU_008,106.71353225246291,85.79366336443164,127.96372160579465,0
2024-10-10,SKU_008,138.58850718756244,117.57859252609877,161.7811298458357,0
2024-10-11,SKU_008,172.4037187839358,149.14590444021835,194.2299696509929,0
2024-10-12,SKU_008,189.44018942713996,167.47646298540164,211.72700783643322,0
2024-10-13,SKU_008,168.78456559166048,146.13146561985684,189.98431537884116,0
2024-10-14,SKU_008,131.53102272575185,110.09394315033221,153.3596911256836,0
2024-10-15,SKU_008,99.77916298617846,76.96762930116633,121.48656084864682,0
2024-10-16,SKU_008,98.41636010441228,77.45198399520456,119.34936696190289,0
2024-10-17,SKU_008,130.79877664492028,110.85174502645152,152.19435318262606,0
2024-10-18,SKU_008,165.102084925826,143.83422339438337,189.33006048360994,0
2024-10-19,SKU_008,182.5973563660546,161.35252147220436,204.7739596928752,0
2024-10-20,SKU_008,162.36251699985309,139.8211623688644,184.68609260683888,0
2024-10-21,SKU_008,125.48445412514988,103.88010850645473,147.7695689657343,0
2024-10-22,SKU_008,94.05707348764969,70.76602679630852,114.82051320013626,0
2024-10-23,SKU_008,92.96375756486478,71.15426440085628,114.5020424973791,0
2024-10-24,SKU_008,125.55844778876858,103.03874506595687,147.21622765946142,0
2024-10-25,SKU_008,160.0163808962769,138.93150584078458,182.3904781319649,0
2024-10-26,SKU_008,177.60994445882056,155.80579281330827,200.48854263414623,0
2024-10-27,SKU_008,157.42005095484254,135.94420279383633,178.41829394120663,0
2024-10-28,SKU_008,120.53811826009712,98.9231576249513,142.8287397174454,0
2024-10-29,SKU_008,89.06396005390764,67.33040738618547,111.71564045426238,0
2024-10-30,SKU_008,87.88804187093022,64.7037751675454,110.71744031804977,0
2024-10-31,SKU_008,120.37233170553482,98.69697818092114,142.33107270161608,0
2024-11-01,SKU_008,154.70078217187515,133.65369652261,173.98898643374656,0
2024-11-02,SKU_008,172.15491661474516,151.89691209249133,194.98500020072524,0
2024-11-03,SKU_008,151.8249262140689,130.56665036688315,173.624109266149,0
2024-11-04,SKU_008,114.81137374979741,93.40475613693714,136.51590993941986,0
2024-11-05,SKU_008,83.2228152154273,61.95328255917008,105.44299395920952,0
2024-11-06,SKU_008,81.95780238588242,58.43678577285907,104.24039846927357,0
2024-11-07,SKU_008,114.38550210827128,93.40240379014021,135.92925201681524,0
2024-11-08,SKU_008,148.6959754810439,126.01705700955047,171.05575484044957,0
2024-11-09,SKU_008,166.17559461788085,144.1090114074451,188.92154337253302,0
2024-11-10,SKU_008,145.91800833798422,123.23188777454378,167.06140511289576,0
2024-11-11,SKU_008,109.02575564847064,86.643709815332,129.93284485786222,0
2024-11-12,SKU_008,77.6078402145077,55.04139163369176,97.73391583754508,0
2024-11-13,SKU_008,76.56172971326895,54.54106744367324,99.34289614345504,0
2024-11-14,SKU_008,109.25401539545715,87.71376102657185,132.29768816004565,0
2024-11-15,SKU_008,143.8707733705156,120.38744865393085,166.14535349833915,0
2024-11-16,SKU_008,161.69310252284495,137.8842718344928,183.7344580836695,0
2024-11-17,SKU_008,141.80824655509844,120.34872819200382,164.4147586637657,0
2024-11-18,SKU_008,105.31139425224998,83.52891949109448,126.75683378234841,0
2024-11-19,SKU_008,74.30346560206881,51.224236235769204,95.42830076567414,0
2024-11-20,SKU_008,73.67334148831725,51.70251767543796,93.87483670502625,0
2024-11-21,SKU_008,106.77876566114128,86.2461643031338,127.84824141374426,0
2024-11-22,SKU_008,141.7969536323739,118.6187202597609,163.98782180359464,0
2024-11-23,SKU_008,160.00037648146468,138.25441088157942,181.31795623608483,0
2024-11-24,SKU_008,140.46812028747584,118.63144425215444,161.46064827440304,0
2024-11-25,SKU_008,104.28790882793459,82.47946898846779,126.56160238200685,0
2024-11-26,SKU_008,73.55409123459933,51.69730683059372,95.47912364573486,0
2024-11-27,SKU_008,73.15004703793998,50.67983394383174,94.72479270213827,0
2024-11-28,SKU_008,106.42923282339845,84.42473157942578,128.59097858567614,0
2024-11-29,SKU_008,141.565901585902,119.20899347672535,163.7640321322377,0
2024-11-30,SKU_008,159.83096020527643,137.7805413347031,182.54409999809045,0
2024-12-01,SKU_008,140.30336425499138,118.03928960154093,161.6272186843084,0
2024-12-02,SKU_008,104.07213737272392,81.77388930050269,126.12596752998864,0
2024-12-03,SKU_008,73.23431754224057,52.58171872646609,94.51791983162612,0
2024-12-04,SKU_008,72.67728442892724,50.4026490864173,94.81688697796135,0
2024-12-05,SKU_008,105.75969467788501,85.49234260512033,126.58232955717006,0
2024-12-06,SKU_008,140.66205983658182,119.13028318072374,162.14772928375356,0
2024-12-07,SKU_008,158.66243666719166,135.78724979093033,179.33837073362542,0
2024-12-08,SKU_008,138.8476340477836,116.11473789259551,160.6362603535139,0
2024-12-09,SKU_008,102.31502915084347,79.95893964007799,124.65807398513076,0
2024-12-10,SKU_008,71.17030103776843,48.291705194770344,94.11007935274067,0
2024-12-11,SKU_008,70.30954174742156,49.3906578263287,90.41729080348543,0
2024-12-12,SKU_008,103.09997770645344,82.21733819228389,124.42276829063914,0
2024-12-13,SKU_008,137.7303418507431,115.36723766426474,158.87935708674013,0
2024-12-14,SKU_008,155.4863716089042,132.7012217086774,176.41854968660118,0
2024-12-15,SKU_008,135.46184183597842,113.39694212763246,158.70893427758455,0
2024-12-16,SKU_008,98.76022965429114,76.85990597442074,121.14010175680606,0
2024-12-17,SKU_008,67.49232287685112,45.07030296633565,89.03337247247812,0
2024-12-18,SKU_008,66.55823481073254,45.437107998734795,90.3622303155371,0
2024-12-19,SKU_008,99.32806011008415,78.08593052728217,120.57464048542985,0
2024-12-20,SKU_008,133.99221299845152,110.22496419073003,155.4364406823197,0
2024-12-21,SKU_008,151.83692302386433,128.8673224455598,172.75846497701679,0
2024-12-22,SKU_008,131.9552965502382,110.3611308694123,152.59073238491473,0
2024-12-23,SKU_008,95.44903920550986,73.1408510354136,117.38199007262894,0
2024-12-24,SKU_008,64.42614844868228,43.530271623867684,85.76301978320718,0
2024-12-25,SKU_008,63.783035844678764,41.114476497469155,84.43672329428558,0
2024-12-26,SKU_008,96.88530993922922,75.41006646224493,117.62563843678882,0
2024-12-27,SKU_008,131.9182568186159,109.15607290658667,153.92395100861648,0
2024-12-28,SKU_008,150.1624889655651,128.8339383964001,172.14213753416234,0
2024-12-29,SKU_008,130.70516589826724,109.22328863405754,152.4089392019629,0
2024-12-30,SKU_008,94.64187705726509,72.60157584883454,117.39244996205313,0
2024-12-31,SKU_008,64.07449147051689,43.07693194459437,86.90423017649103,1
2025-01-01,SKU_008,63.89342940037186,42.45773831503643,86.60071490305252,1
2025-01-02,SKU_008,97.45858285797074,76.87802350173023,118.7519778914097,1
2025-01-03,SKU_008,132.9499185490472,112.59093687893625,151.9321794670494,1
2025-01-04,SKU_008,151.6432309282715,128.91672586497702,174.54722912333068,1
2025-01-05,SKU_008,132.6214465658535,109.35329626519223,154.15269927133664,1
2025-01-06,SKU_008,96.97656872135826,73.43829718717086,118.39347771996776,1
2025-01-07,SKU_008,66.80756581975821,45.103447620279304,89.71808132692719,1
2025-01-08,SKU_008,67.00265894706739,44.635213797234066,89.47601346004741,1
2025-01-09,SKU_008,100.92023588205998,79.06552978044711,121.20189655853825,1
2025-01-10,SKU_008,136.73942655595684,115.23114193079135,158.098306734881,1
2025-01-11,SKU_008,155.73580956193618,134.66264727975636,177.34394776681262,1
2025-01-12,SKU_008,136.9926534133984,115.28356203278038,158.67120173539135,1
2025-01-13,SKU_008,101.60278439088705,78.85432384159176,122.01478558068187,1
2023-01-01,SKU_009,115.18807561805052,98.90790439316436,131.63061379523108,0
2023-01-02,SKU_009,84.50412299365308,68.29940622053275,100.87069986846791,0
2023-01-03,SKU_009,63.20101606900377,47.46488820950751,79.55496139666097,0
2023-01-04,SKU_009,63.52482451427059,46.913781862170616,79.32924780480963,0
2023-01-05,SKU_009,85.15750679890654,68.58421611644619,100.9982859083017,0
2023-01-06,SKU_009,115.00345319498639,98.07669467054237,132.79486170533727,0
2023-01-07,SKU_009,127.44695883591663,111.07380276141917,143.7505435631338,0
2023-01-08,SKU_009,115.6205852429994,99.75169048639196,131.79581668774662,0
2023-01-09,SKU_009,85.33963572187633,67.74061230417848,102.12495937394144,0
2023-01-10,SKU_009,64.43788819305506,45.95295788755014,81.18190499544167,0
2023-01-11,SKU_009,65.15595031783683,47.183118489297634,82.32093911005732,0
2023-01-12,SKU_009,87.17058039373077,69.84919401068903,101.73270980310298,0
2023-01-13,SKU_009,117.38133377002936,101.7060909575099,133.8714583601712,0
2023-01-14,SKU_009,130.16812986956947,113.64643347746025,145.89648721065578,0
2023-01-15,SKU_009,118.65969632629135,102.40161466096473,134.72505316357035,0
2023-01-16,SKU_009,88.66811401628414,72.85162552664684,104.26406705110048,0
2023-01-17,SKU_009,68.02460521919723,50.04527727728116,83.69912412816335,0
2023-01-18,SKU_009,68.96792877691004,52.18542098051495,84.7869117748006,0
2023-01-19,SKU_009,91.17372507068217,75.29582815954535,106.77971326628445,0
2023-01-20,SKU_009,121.54117026619816,104.93319454502752,138.64988941240316,0
2023-01-21,SKU_009,134.45053496756918,118.40081818278301,149.90372901106292,0
2023-01-22,SKU_009,123.03160418841794,107.00748095936288,139.7460671364867,0
2023-01-23,SKU_009,93.09818315235994,76.71229568737529,108.87320855083219,0
2023-01-24,SKU_009,72.48383220615136,55.54721008815,88.28293423670064,0
2023-01-25,SKU_009,73.43019603603517,55.97313784928621,89.5206952080755,0
2023-01-26,SKU_009,95.61627164383611,79.9654536040318,111.05168257301983,0
2023-01-27,SKU_009,125.94497624289718,109.8164330577399,142.8372341594469,0
2023-01-28,SKU_009,138.80061229277214,121.80465160459876,154.77744673051367,0
2023-01-29,SKU_009,127.31718864978613,110.08543799864245,143.8434884584901,0
2023-01-30,SKU_009,97.31282455953226,81.54637194165998,114.0348480832667,0
2023-01-31,SKU_009,76.6253820228515,61.40865332938098,93.54277668292787,0
2023-02-01,SKU_009,77.50069397234161,60.45025807791539,94.38051611663828,0
2023-02-02,SKU_009,99.62173486210025,84.37219240750727,117.03150103139271,0
2023-02-03,SKU_009,129.89509701512466,113.59368627227721,145.81294869267583,0
2023-02-04,SKU_009,142.70837180997248,125.87643634258664,159.31854040769025,0
2023-02-05,SKU_009,131.19839650868158,115.48488093543486,148.8127276940929,0
2023-02-06,SKU_009,101.1855950093966,85.7920966994748,117.17847020875199,0
2023-02-07,SKU_009,80.50955937995346,63.86970989399139,96.5440042426362,0
2023-02-08,SKU_009,81.41724066668047,64.80427152879018,96.5675536607731,0
2023-02-09,SKU_009,103.59209635104415,86.93019127534895,118.91676796175464,0
2023-02-10,SKU_009,133.940558267567,117.52943949981864,150.40277841740723,0
2023-02-11,SKU_009,146.84942022083032,130.72337414776368,164.45847607425264,0
2023-02-12,SKU_009,135.45410595408427,118.86647581045908,152.50819698998612,0
2023-02-13,SKU_009,105.57304528685736,88.94983632133604,122.64672181303007,0
2023-02-14,SKU_009,85.04330451980417,69.6051667658098,101.97063127284665,0
2023-02-15,SKU_009,86.10883855596938,69.92701915440652,101.73649393027911,0
2023-02-16,SKU_009,108.44971080557045,91.16250780350228,122.7691292393282,0
2023-02-17,SKU_009,138.96864314282743,122.00153579980388,154.3746936281494,0
2023-02-18,SKU_009,152.0484933912142,135.69644726760566,168.5378463260695,0
2023-02-19,SKU_009,140.82061913091025,123.45293474195519,157.50243047002718,0
2023-02-20,SKU_009,111.09935346047864,94.65397485111602,126.96621837701534,0
2023-02-21,SKU_009,90.71773678776063,75.36959403059409,107.1596788268405,0
2023-02-22,SKU_009,91.9158698343785,75.66014284221488,107.91092226580139,0
2023-02-23,SKU_009,114.37023171851652,98.91618628495642,130.1885016350566,0
2023-02-24,SKU_009,144.98032321357508,128.2530327913956,162.18434901218583,0
2023-02-25,SKU_009,158.12623057536618,141.84971374753772,174.65386728135616,0
2023-02-26,SKU_009,146.9370666936342,130.53202938227327,163.05282843558308,0
2023-02-27,SKU_009,117.2255135240493,101.93299638064788,134.50750099198956,0
2023-02-28,SKU_009,96.82360813719316,80.15609855419422,112.89541095647495,0
2023-03-01,SKU_009,97.97113626649072,81.63710023231309,114.99008842065567,0
2023-03-02,SKU_009,120.34497610528788,103.1634552681589,136.6353440126707,0
2023-03-03,SKU_009,150.8457516438879,133.06885958682767,166.07844972902382,0
2023-03-04,SKU_009,163.8553904476012,147.81628722022285,179.46251487390973,0
2023-03-05,SKU_009,152.5055424700638,135.67120402285587,168.83215811832562,0
2023-03-06,SKU_009,122.61208403541748,106.44820228116187,139.3620571575534,0
2023-03-07,SKU_009,102.01084984503214,86.68668212183584,118.12892269318577,0
2023-03-08,SKU_009,102.94595774677836,86.42489350190924,118.31909556756801,0
2023-03-09,SKU_009,125.09907019989339,108.49096919490903,141.036643942516,0
2023-03-10,SKU_009,155.3759532158195,138.5513356137243,170.5492436516668,0
2023-03-11,SKU_009,168.1639294525601,152.09226423160337,184.9332018099561,0
2023-03-12,SKU_009,156.60018408316995,139.26459942192488,174.11698544902308,0
2023-03-13,SKU_009,126.50614981513206,110.0408411876757,142.66326718050786,0
2023-03-14,SKU_009,105.72311635084063,89.52061899871613,121.25085569855882,0
2023-03-15,SKU_009,106.50043154831617,90.06857633999041,122.76088583016683,0
2023-03-16,SKU_009,128.52464086997043,112.34504554802514,145.44103404634726,0
2023-03-17,SKU_009,158.70592854295438,142.2300217508874,175.25656942097442,0
2023-03-18,SKU_009,171.43545973449233,155.11374634127878,187.88764779562374,0
2023-03-19,SKU_009,159.85358490466902,142.53097889911976,177.3624091989622,0
2023-03-20,SKU_009,129.7841351167874,114.2956478509196,146.30640944191694,0
2023-03-21,SKU_009,109.0699557894808,93.42644373582387,126.6367818131813,0
2023-03-22,SKU_009,109.96104813951068,93.90552040836371,127.5061104419996,0
2023-03-23,SKU_009,132.1436665455896,116.1038546873087,148.4676125947131,0
2023-03-24,SKU_009,162.5267366046353,145.50629099173094,177.72397912842112,0
2023-03-25,SKU_009,175.49919414554907,159.3731219696521,191.81078264335787,0
2023-03-26,SKU_009,164.19820692227324,148.07179308774982,180.26511434374024,0
2023-03-27,SKU_009,134.44350790807437,118.54640480274364,150.54148151437025,0
2023-03-28,SKU_009,114.07298737310127,97.84937829677139,131.07208478475087,0
2023-03-29,SKU_009,115.33091225613849,99.95978034625874,130.81070523870386,0
2023-03-30,SKU_009,137.8971198834728,121.69009291437172,153.87656878383657,0
2023-03-31,SKU_009,168.67354920845918,151.9488431318772,183.79011945908303,0
2023-04-01,SKU_009,182.0417078372953,166.27343106656699,198.36496133796533,0
2023-04-02,SKU_009,171.131034205331,154.83762735501,187.2646297210412,0
2023-04-03,SKU_009,141.7533811366868,126.38270220616184,158.04268647760597,0
2023-04-04,SKU_009,121.73876501455088,104.745336380907,137.4585133432028,0
2023-04-05,SKU_009,123.32374590355239,106.83344024516295,138.82097068673326,0
2023-04-06,SKU_009,146.1807823327686,130.06868299870933,161.22827626648896,0
2023-04-07,SKU_009,177.20492054712443,161.21714585059527,192.2772655486748,0
2023-04-08,SKU_009,190.77141303399281,176.50286067600385,206.19399107461314,0
2023-04-09,SKU_009,180.00422235571656,165.33219414694614,196.1628547711875,0
2023-04-10,SKU_009,150.71063330060412,134.745889453603,166.30892708490225,0
2023-04-11,SKU_009,130.7171145776955,114.70480840737639,148.14957125179205,0
2023-04-12,SKU_009,132.25779266732982,115.75172329097414,147.8991725081776,0
2023-04-13,SKU_009,155.0038791873252,139.2974571804866,170.40902334073718,0
2023-04-14,SKU_009,185.85040957196426,168.94752888159763,201.6862597556455,0
2023-04-15,SKU_009,199.17388640834747,183.19113426876947,214.9471832641284,0
2023-04-16,SKU_009,188.10078243625955,171.0025688814229,204.42008854502342,0
2023-04-17,SKU_009,158.44212576063003,143.41338653529175,174.7734622955331,0
2023-04-18,SKU_009,138.02930859091822,121.32377949179612,154.05922616102055,0
2023-04-19,SKU_009,139.10248277413422,122.46374186386213,156.09471482892997,0
2023-04-20,SKU_009,161.33988469870195,145.4949459675317,177.1811580848951,0
2023-04-21,SKU_009,191.64444913081897,174.57296532681173,208.94128750343708,0
2023-04-22,SKU_009,204.40130760719353,187.52373869930796,218.96599187993974,0
2023-04-23,SKU_009,192.7461291527353,176.46171322853928,210.72466135625845,0
2023-04-24,SKU_009,162.49952905067727,146.24532329445088,178.91584084678829,0
2023-04-25,SKU_009,141.50269052539957,126.1834199788424,157.39078643342103,0
2023-04-26,SKU_009,142.0055664354647,126.25166934964135,158.0703038669596,0
2023-04-27,SKU_009,163.6960075938809,147.0287277708084,181.4372415960671,0
2023-04-28,SKU_009,193.4861814366874,176.67499359239133,209.37017075231955,0
2023-04-29,SKU_009,205.7698808495332,190.2733378453019,221.89145299478608,0
2023-04-30,SKU_009,193.69068507702184,178.3183981412788,210.3479794751383,0
2023-05-01,SKU_009,163.07620235234745,146.92674694413287,179.4579640817314,0
2023-05-02,SKU_009,141.7735428901566,126.36939041589568,156.82319162701546,0
2023-05-03,SKU_009,142.0373926993361,126.39820549398475,158.33096739501033,0
2023-05-04,SKU_009,163.55903780608017,146.91590065076727,179.15721602159425,0
2023-05-05,SKU_009,193.25270509549912,177.2792001912335,209.85207402289305,0
2023-05-06,SKU_009,205.51282151770022,189.46108802750507,221.9903234121074,0
2023-05-07,SKU_009,193.48215488427212,176.61892840198703,209.87508171846486,0
2023-05-08,SKU_009,162.98606664704164,146.88370872624273,179.8969852071197,0
2023-05-09,SKU_009,141.8680252716661,125.22750487927753,157.73488468586498,0
2023-05-10,SKU_009,142.3777500549626,125.10766206256207,158.64287845131764,0
2023-05-11,SKU_009,164.20033366905247,148.48441365010174,179.5741923251303,0
2023-05-12,SKU_009,194.24270769934583,177.2820290937327,210.42970817635654,0
2023-05-13,SKU_009,206.89105037980698,190.76679128833644,223.06326289217296,0
2023-05-14,SKU_009,195.27909665604358,179.15089666711043,212.03342763386547,0
2023-05-15,SKU_009,165.22257739350144,148.98145578234718,181.02705728752306,0
2023-05-16,SKU_009,144.554932354808,127.8325515481119,161.35349643630744,0
2023-05-17,SKU_009,145.5156624922291,128.66546054457046,161.88469973590432,0
2023-05-18,SKU_009,167.77966530957377,151.48848073184394,183.76268713579339,0
2023-05-19,SKU_009,198.24391290919812,181.42055957825596,214.08210146417565,0
2023-05-20,SKU_009,211.28506726299292,195.59909317118775,227.06035903218154,0
2023-05-21,SKU_009,200.02798826072177,182.5394489882499,215.56669227106892,0
2023-05-22,SKU_009,170.28035697202188,154.51743133419836,186.27264439043716,0
2023-05-23,SKU_009,149.86855468028804,133.89754975843107,167.3108853350918,0
2023-05-24,SKU_009,151.02615951726733,134.63195399730074,167.10676758615045,0
2023-05-25,SKU_009,173.42340127761798,155.9445220986746,189.90233528991732,0
2023-05-26,SKU_009,203.95393136306262,187.54668882678922,219.6561384039139,0
2023-05-27,SKU_009,216.99250037052525,200.6237232709205,233.23218610029474,0
2023-05-28,SKU_009,205.6634975166691,188.76550381452248,222.15094382837398,0
2023-05-29,SKU_009,175.77557368079357,159.8774944415943,192.46535179792568,0
2023-05-30,SKU_009,155.15748867386225,139.37558765804386,171.11027308062523,0
2023-05-31,SKU_009,156.0465453718102,139.12229763528526,172.43624730964308,0
2023-06-01,SKU_009,178.11795275121773,160.91862244349684,195.0526246568904,0
2023-06-02,SKU_009,208.27147694468175,191.466536132656,225.39397904701138,0
2023-06-03,SKU_009,220.88897560210006,203.2375274063795,236.70791503106202,0
2023-06-04,SKU_009,209.10277307916166,192.47606084582114,226.82417912615603,0
2023-06-05,SKU_009,178.73010204077448,161.00851689096098,193.98992493012145,0
2023-06-06,SKU_009,157.60875628047268,141.28622585956703,173.97343803119276,0
2023-06-07,SKU_009,157.98532187557072,142.01808395945338,174.0499722525234,0
2023-06-08,SKU_009,179.54433338043756,163.16211179167433,196.28302356203068,0
2023-06-09,SKU_009,209.19471891251266,193.27551483654648,226.91767426640843,0
2023-06-10,SKU_009,221.32713411245027,204.61648716426097,237.02193678561073,0
2023-06-11,SKU_009,209.08214704793923,192.86513599156714,226.17518912877324,0
2023-06-12,SKU_009,178.28450393617808,162.29622205666442,194.5365132885207,0
2023-06-13,SKU_009,156.77862441399714,140.0824995735408,173.52392768192507,0
2023-06-14,SKU_009,156.81669695233643,139.71744967929308,172.33902115943195,0
2023-06-15,SKU_009,178.0877240694058,161.94920769050245,194.40040519235544,0
2023-06-16,SKU_009,207.50388352641582,190.5639440792509,223.6046807159347,0
2023-06-17,SKU_009,219.45780719249524,202.17451537364695,235.28900857279626,0
2023-06-18,SKU_009,207.09074063972793,190.37454002293862,223.3566042575831,0
2023-06-19,SKU_009,176.2268136325448,160.34891887339512,192.26282247614077,0
2023-06-20,SKU_009,154.70856981261065,137.71154517882394,171.36606532584966,0
2023-06-21,SKU_009,154.78512505308055,139.41622664574425,171.9114856540089,0
2023-06-22,SKU_009,176.1413023307061,160.8285692722257,193.05904871410928,0
2023-06-23,SKU_009,205.68410690203467,187.3109753215295,222.08455183612514,0
2023-06-24,SKU_009,217.8001404821135,201.356135237448,233.32867856728717,0
2023-06-25,SKU_009,205.6239140405492,188.912141833555,221.57832678563392,0
2023-06-26,SKU_009,174.97228553119854,158.97306604871238,192.22144711892784,0
2023-06-27,SKU_009,153.68016671382793,137.3454378366289,169.8215621972347,0
2023-06-28,SKU_009,153.98886420640497,137.5843265885613,170.2545208123607,0
2023-06-29,SKU_009,175.57539819674452,159.01161089250334,193.1883607636619,0
2023-06-30,SKU_009,205.33915820455542,189.731029211259,222.34068965505895,0
2023-07-01,SKU_009,217.6594903298265,200.9946429489138,233.1525152886202,0
2023-07-02,SKU_009,205.66417157615106,189.10495920448503,222.30042531390728,0
2023-07-03,SKU_009,175.1639938724308,158.48811805515953,192.10610055158992,0
2023-07-04,SKU_009,153.98859867996916,137.44104715703858,170.5787618152143,0
2023-07-05,SKU_009,154.37492455025804,137.87227139657173,170.69499509351868,0
2023-07-06,SKU_009,175.99660885081096,159.01069569425567,193.1500217780943,0
2023-07-07,SKU_009,205.7507014477208,188.68882012496488,221.50203220464218,0
2023-07-08,SKU_009,218.0152234222846,201.99018569928478,234.9574903799958,0
2023-07-09,SKU_009,205.91782812163711,190.0516807883303,222.37987466631864,0
2023-07-10,SKU_009,175.2701835056493,158.19770872819586,191.49591559580213,0
2023-07-11,SKU_009,153.90382170116996,137.61359022641466,169.73867171862761,0
2023-07-12,SKU_009,154.05851773050327,137.67119657441285,171.48206576056293,0
2023-07-13,SKU_009,175.41160119909387,158.94144071407902,192.12249835914628,0
2023-07-14,SKU_009,204.86456140265523,187.57873631971748,220.8555248010327,0
2023-07-15,SKU_009,216.800542416692,199.69582221593933,233.2333670101257,0
2023-07-16,SKU_009,204.3526868875186,187.56821667001054,219.79505240110984,0
2023-07-17,SKU_009,173.33855517509102,156.05497965596365,189.93717311638167,0
2023-07-18,SKU_009,151.5957655570027,134.94590451140198,169.13216690994562,0
2023-07-19,SKU_009,151.37022333025823,135.26482116266632,167.4819663165152,0
2023-07-20,SKU_009,172.34528600510242,156.28038811112737,186.98089698114745,0
2023-07-21,SKU_009,201.42822870367712,184.67791721306497,216.75004388560686,0
2023-07-22,SKU_009,213.00760973728467,197.19254263206486,229.54893227289122,0
2023-07-23,SKU_009,200.22149815682826,184.27932175629564,216.91519845833582,0
2023-07-24,SKU_009,168.8917926011692,151.76871511656927,185.47228003952506,0
2023-07-25,SKU_009,146.85977934916582,131.18429108449277,163.47163823360745,0
2023-07-26,SKU_009,146.37429909196965,130.04141123206495,161.81083475205932,0
2023-07-27,SKU_009,167.1208707390128,150.5105187788929,182.17897145820987,0
2023-07-28,SKU_009,196.00813691092114,179.945232159406,213.47251347911654,0
2023-07-29,SKU_009,207.42523104891467,190.56815033290175,223.02475831359644,0
2023-07-30,SKU_009,194.51002731691682,178.15300628384452,211.4215170588691,0
2023-07-31,SKU_009,163.0830678388733,146.53128069325751,178.29970280568034,0
2023-08-01,SKU_009,140.9844815772553,123.49751852706056,156.13380308570905,0
2023-08-02,SKU_009,140.46092608733994,124.6197148688653,155.6571301029461,0
2023-08-03,SKU_009,161.19523409227466,146.10809048623292,178.32222288529454,0
2023-08-04,SKU_009,190.0929586193139,172.8255594386927,206.07098599256753,0
2023-08-05,SKU_009,201.5398471754354,184.27223288493656,216.82629551451916,0
2023-08-06,SKU_009,188.67020292480453,171.95590524630984,204.5857177977807,0
2023-08-07,SKU_009,157.30135775914704,141.45172526257647,173.47663196413941,0
2023-08-08,SKU_009,135.26940026461708,118.99985612132453,150.87990880642937,0
2023-08-09,SKU_009,134.81752286586178,118.10780751905662,150.5713330458109,0
2023-08-10,SKU_009,155.62533105490712,138.31969339786784,171.65778313165822,0
2023-08-11,SKU_009,184.5954739176976,168.95364100017122,201.01249451219303,0
2023-08-12,SKU_009,196.11119058250762,180.06261766654097,213.1357307394312,0
2023-08-13,SKU_009,183.30472872721876,166.54401880105263,201.42921666688903,0
2023-08-14,SKU_009,151.99185867728704,135.93636810507215,168.7669995847969,0
2023-08-15,SKU_009,130.0076252340692,113.71336933451163,146.56641993109702,0
2023-08-16,SKU_009,129.59470116554172,111.7017292045366,144.58951144508603,0
2023-08-17,SKU_009,150.4326854375486,134.18584070826682,166.74294815451674,0
2023-08-18,SKU_009,179.4247060779101,162.78467372467307,195.17846880214367,0
2023-08-19,SKU_009,190.9549234577745,174.62826422879868,206.7302661982427,0
2023-08-20,SKU_009,178.15689173907774,161.90844327626368,192.9255645967972,0
2023-08-21,SKU_009,146.84800401824847,130.4183172984499,164.59281060024492,0
2023-08-22,SKU_009,124.8651656442478,109.9129586034662,141.08254925740184,0
2023-08-23,SKU_009,124.45306223723782,107.494042134016,139.50669312165158,0
2023-08-24,SKU_009,145.2933682891409,128.44545425453376,162.45963808065946,0
2023-08-25,SKU_009,174.29125908917794,158.0361138136834,190.17622811058038,0
2023-08-26,SKU_009,185.83282470254218,170.26020974266254,202.93578635535428,0
2023-08-27,SKU_009,173.05334657335513,155.96602526238507,189.90310296877968,0
2023-08-28,SKU_009,141.77166497837854,126.63569530025228,157.84210569653013,0
2023-08-29,SKU_009,119.82578427511272,103.97905788545063,136.17963330408833,0
2023-08-30,SKU_009,119.46108464618216,102.8563226603148,136.37800771164703,0
2023-08-31,SKU_009,140.35948800828413,124.28745344168233,157.14549895573455,0
2023-09-01,SKU_009,169.42594226865222,153.92519545912666,186.3940051936286,0
2023-09-02,SKU_009,181.04582356493307,165.71209024686522,197.07878507785315,0
2023-09-03,SKU_009,168.35321754781768,151.65472118067478,185.39901680231904,0
2023-09-04,SKU_009,137.16530790653724,119.24640745009694,153.85610375425972,0
2023-09-05,SKU_009,115.31801856725451,97.90521080481356,131.27760303074257,0
2023-09-06,SKU_009,115.05427727604736,99.80125387735934,131.24980727404147,0
2023-09-07,SKU_009,136.05324679773543,119.97564106705336,151.9681421747233,0
2023-09-08,SKU_009,165.2168860665433,149.39368538599913,181.19060316585742,0
2023-09-09,SKU_009,176.92743872689834,161.1536236004808,193.8059205267713,0
2023-09-10,SKU_009,164.31580762854188,146.91358577597904,179.95762467555946,0
2023-09-11,SKU_009,133.19604076627755,117.2169485875517,148.65135161838583,0
2023-09-12,SKU_009,111.40107223324333,94.78958448096748,128.11468615812268,0
2023-09-13,SKU_009,111.17108298072651,94.48311296031815,127.29467478439854,0
2023-09-14,SKU_009,132.1828247152238,115.59469213617976,148.854853017542,0
2023-09-15,SKU_009,161.3362664704057,145.68481720204042,176.28179919058044,0
2023-09-16,SKU_009,173.01215867225739,157.2747610773688,189.82134341666168,0
2023-09-17,SKU_009,160.34047094195893,143.41415802838233,176.9095653605045,0
2023-09-18,SKU_009,129.13492702157188,112.37559498892504,144.2427561857973,0
2023-09-19,SKU_009,107.22877882269074,91.30103337613505,123.61265722387584,0
2023-09-20,SKU_009,106.86318314189577,91.14001191348191,123.82720702484164,0
2023-09-21,SKU_009,127.71652364034115,112.14129905259074,142.50869032096617,0
2023-09-22,SKU_009,156.69103737794947,139.3796427282861,172.92247726992602,0
2023-09-23,SKU_009,168.17034098456205,152.1490741700338,184.36853407990932,0
2023-09-24,SKU_009,155.287813430627,139.10012423324216,169.9935100499113,0
2023-09-25,SKU_009,123.86106009624027,106.65291755685844,138.3995832205438,0
2023-09-26,SKU_009,101.72760175332482,85.38983655535067,117.85111518811281,0
2023-09-27,SKU_009,101.13315413549859,85.7072012890063,118.50096021044732,0
2023-09-28,SKU_009,121.76084313723292,105.53070763883119,138.4736700913776,0
2023-09-29,SKU_009,150.5177176661408,133.85087940101286,166.86065265974955,0
2023-09-30,SKU_009,161.7921581827752,144.92677910019142,177.67352664521317,0
2023-10-01,SKU_009,148.7221409742492,132.52057215612123,165.5387689678671,0
2023-10-02,SKU_009,117.12958600281816,101.88813114321029,134.67189587488159,0
2023-10-03,SKU_009,94.85593504773746,77.43182265836556,112.46011117779904,0
2023-10-04,SKU_009,94.15032880803241,77.74795756548232,111.69579310360062,0
2023-10-05,SKU_009,114.698730800974,97.79170978194561,131.65584507903543,0
2023-10-06,SKU_009,143.41036260166,127.23980787129608,159.1841213265153,0
2023-10-07,SKU_009,154.67505063402578,138.8824728709667,170.33084275220307,0
2023-10-08,SKU_009,141.63144633991297,126.50423371396914,158.2438981704169,0
2023-10-09,SKU_009,110.10134888855738,93.46664889231235,126.10848557012558,0
2023-10-10,SKU_009,87.92527797696314,71.26600051373863,104.14953593628859,0
2023-10-11,SKU_009,87.35066572097075,72.02391370130604,105.05526448200773,0
2023-10-12,SKU_009,108.06101525574962,90.0226662017036,124.20119442342575,0
2023-10-13,SKU_009,136.96238987343193,119.88963169272839,154.6734717782719,0
2023-10-14,SKU_009,148.44083167622068,132.03535048059652,164.8408138379067,0
2023-10-15,SKU_009,135.63066986681451,119.89213283309158,152.06713854052057,0
2023-10-16,SKU_009,104.34894570130984,88.28909232880574,120.64182615694972,0
2023-10-17,SKU_009,82.43109914560137,65.55154918867524,98.26158359363784,0
2023-10-18,SKU_009,82.11928339866924,65.92017743374264,98.10714477428185,0
2023-10-19,SKU_009,103.09165184310123,87.24313159639154,119.93336834393423,0
2023-10-20,SKU_009,132.24897801677687,115.99962738964366,148.04917372748426,0
2023-10-21,SKU_009,143.9722042779118,127.42093192501571,160.16322985243033,0
2023-10-22,SKU_009,131.3908759855621,115.37636871133937,146.84962199195087,0
2023-10-23,SKU_009,100.31768501392315,84.6916839447238,115.85388902315442,0
2023-10-24,SKU_009,78.58426461058701,63.927748856995095,94.93356845781396,0
2023-10-25,SKU_009,78.42959898543057,62.40478131673101,94.68547139720592,0
2023-10-26,SKU_009,99.52938974023175,84.25611472714586,114.59852588462398,0
2023-10-27,SKU_009,128.78273767287854,112.17785302962983,144.8236330599432,0
2023-10-28,SKU_009,140.5697340084794,124.87125724075779,158.0645068014302,0
2023-10-29,SKU_009,128.01991675092768,111.7632880221007,145.42962974303327,0
2023-10-30,SKU_009,96.94681535079725,80.31939045538876,114.32194443262685,0
2023-10-31,SKU_009,75.18372561442295,58.80075046758881,90.88146775070352,0
2023-11-01,SKU_009,74.97207867855144,58.96453502203591,91.25665803580446,0
2023-11-02,SKU_009,95.99074716028215,79.87992018018599,112.86059491515029,0
2023-11-03,SKU_009,125.14264841435619,108.4096588859885,142.5027744106217,0
2023-11-04,SKU_009,136.81224094048838,120.82679891090099,153.4203326940772,0
2023-11-05,SKU_009,124.13387193528973,108.26924014204705,141.1320682525278,0
2023-11-06,SKU_009,92.92620187841675,77.2460292666567,108.69835099884284,0
2023-11-07,SKU_009,71.02785104924939,54.518377106928824,87.16388966961695,0
2023-11-08,SKU_009,70.68563498325676,55.964849182404066,86.8574491207544,0
2023-11-09,SKU_009,91.58373525227884,74.25879599009147,106.46974954253825,0
2023-11-10,SKU_009,120.63016892048864,103.9500487558607,137.98739358698816,0
2023-11-11,SKU_009,132.21415596614224,115.74744107075514,148.0712001693987,0
2023-11-12,SKU_009,119.4743458890183,102.26642262948346,134.3244106966684,0
2023-11-13,SKU_009,88.233132377803,72.38104351285189,105.36910319827497,0
2023-11-14,SKU_009,66.3322036496124,50.10049672077463,83.46282151260083,0
2023-11-15,SKU_009,66.02069784470054,50.7177709079147,82.86697360297867,0
2023-11-16,SKU_009,86.98431183436513,68.6131217758418,102.15201495460045,0
2023-11-17,SKU_009,116.13172831946117,99.61415320202019,131.94262108355477,0
2023-11-18,SKU_009,127.85196155236751,111.48864012985771,143.85148063755082,0
2023-11-19,SKU_009,115.28258343364288,99.11463477977607,131.64260080642015,0
2023-11-20,SKU_009,84.24405887534301,68.70673101047751,100.74559001783689,0
2023-11-21,SKU_009,62.57533753616909,45.54191435620256,80.48026793013919,0
2023-11-22,SKU_009,62.5220703067001,45.56590701169562,78.84283997378199,0
2023-11-23,SKU_009,83.76579741938394,67.34791557714512,99.94905773405121,0
2023-11-24,SKU_009,113.21047113915338,97.7912514146719,128.88824201276282,0
2023-11-25,SKU_009,125.23991105839532,108.36323678092228,142.35859911094641,0
2023-11-26,SKU_009,112.9861511084002,95.70641407852418,128.7892807113585,0
2023-11-27,SKU_009,82.2639042735048,67.04064710501528,98.76262866614906,0
2023-11-28,SKU_009,60.90628901737381,43.95433227245904,77.9276810450965,0
2023-11-29,SKU_009,61.153182586402124,44.18324407938892,77.90824086405054,0
2023-11-30,SKU_009,82.68054481528071,66.92060052040634,99.10801457610103,0
2023-12-01,SKU_009,112.38707217912766,96.26451963159312,128.45820208211322,0
2023-12-02,SKU_009,124.65177702717693,108.34956007089868,141.00443054875967,0
2023-12-03,SKU_009,112.60244820671397,97.28142583350326,129.10283733336328,0
2023-12-04,SKU_009,82.0502164251331,66.14106338470658,98.58966992965493,0
2023-12-05,SKU_009,60.8253660409392,45.63102259619064,78.26863675392651,0
2023-12-06,SKU_009,61.16575649985781,44.730735627461584,75.44308172547416,0
2023-12-07,SKU_009,82.7461955162825,66.9123831044492,99.95834954282391,0
2023-12-08,SKU_009,112.46512266415542,97.53735263023162,130.32748893848603,0
2023-12-09,SKU_009,124.70219770679722,107.32747477858356,141.43833040146717,0
2023-12-10,SKU_009,112.58674975003191,95.65987220624118,129.04371437456714,0
2023-12-11,SKU_009,81.93231092297034,64.5063934642996,97.90973154358748,0
2023-12-12,SKU_009,60.57237710151766,44.269601603196804,76.68038983679585,0
2023-12-13,SKU_009,60.74876015873038,44.715692266424895,76.89912903293148,0
2023-12-14,SKU_009,82.14087551995956,65.24213967524292,98.1774630472583,0
2023-12-15,SKU_009,111.65232573134212,95.3664345006806,128.5560245373653,0
2023-12-16,SKU_009,123.66837672724779,107.7666305708457,139.76303718319335,0
2023-12-17,SKU_009,111.32428549975526,95.9332584386134,127.88841480473599,0
2023-12-18,SKU_009,80.43970567309452,63.32920230610613,96.65731149114117,0
2023-12-19,SKU_009,58.854316455345824,42.429699747615956,75.9443498820933,0
2023-12-20,SKU_009,58.816042394263874,42.13695639919809,75.21274188792782,0
2023-12-21,SKU_009,80.01021073513697,62.82210653333529,96.26359136349352,0
2023-12-22,SKU_009,109.34600995792391,92.89994166161331,125.31714721516965,0
2023-12-23,SKU_009,121.21384892984663,103.70252557647457,136.94970663730842,0
2023-12-24,SKU_009,108.75357791165968,92.94588456755578,125.79350989600835,0
2023-12-25,SKU_009,77.78880019733933,60.99079236414971,93.36352189526798,0
2023-12-26,SKU_009,56.16242179584688,39.784990000197894,72.82531884050059,0
2023-12-27,SKU_009,56.12480823560378,40.43521156470079,71.73102006609565,0
2023-12-28,SKU_009,77.36289646307458,61.162065410707314,94.5449249870317,0
2023-12-29,SKU_009,106.78662625440171,90.2008256269614,123.734382867834,0
2023-12-30,SKU_009,118.7862909653407,102.44099881441237,135.2934678479334,0
2023-12-31,SKU_009,106.50076883176271,90.47440547044867,122.1225309450138,0
2024-01-01,SKU_009,75.75186315829139,60.35006373517564,91.56481146157797,0
2024-01-02,SKU_009,54.37989796195042,38.042491695898754,70.68120996144017,0
2024-01-03,SKU_009,54.631936934960464,38.41050134535382,72.1113250452603,0
2024-01-04,SKU_009,76.1909721397817,60.78099759144212,92.16519597048594,0
2024-01-05,SKU_009,105.96244499486386,89.477800801973,121.55564500311861,0
2024-01-06,SKU_009,118.33169726089004,101.98660405222462,133.2823910866756,0
2024-01-07,SKU_009,106.43231091654593,90.24573152809803,122.74058430286142,0
2024-01-08,SKU_009,76.08056279299022,60.54971393962667,92.66965982125866,0
2024-01-09,SKU_009,55.11113796533323,39.484277486579145,71.85551346818019,0
2024-01-10,SKU_009,55.76546716421083,41.11963238528301,70.95836681607,0
2024-01-11,SKU_009,77.7210320512246,62.07056986859336,95.04489240490223,0
2024-01-12,SKU_009,107.87799839476531,91.86781252516647,123.91769286545801,0
2024-01-13,SKU_009,120.61677250801756,103.97240003644217,137.38760112274517,0
2024-01-14,SKU_009,109.06643763756429,93.06795907835516,125.70378999996866,0
2024-01-15,SKU_009,79.03929421150404,62.549733456671504,95.27963482006405,0
2024-01-16,SKU_009,58.36664624494736,42.102513757249724,74.65257281429561,0
2024-01-17,SKU_009,59.28719776830444,42.39305616945326,75.16927966940467,0
2024-01-18,SKU_009,81.47640202772544,63.74025371592336,98.10537101656857,0
2024-01-19,SKU_009,111.83312277877553,95.07547754001737,128.61246549443882,0
2024-01-20,SKU_009,124.73720262394974,109.81180106340135,141.7614341071802,0
2024-01-21,SKU_009,113.3178950585163,96.64543923919715,128.71786362848871,0
2024-01-22,SKU_009,83.38838444531962,66.73390163135974,99.45159131553089,0
2024-01-23,SKU_009,62.78153687047353,47.049470240513045,78.60469591739283,0
2024-01-24,SKU_009,63.738246712445005,48.27483260464819,79.5561972150766,0
2024-01-25,SKU_009,85.93672294191026,70.75327624325719,102.33939482520712,0
2024-01-26,SKU_009,116.27907599840219,100.61277455752455,133.098008328204,0
2024-01-27,SKU_009,129.14880195081892,112.78039939208503,146.94890573792583,0
2024-01-28,SKU_009,117.67912254644163,101.2863759211219,133.96203102060687,0
2024-01-29,SKU_009,87.68740746003394,71.60854577610239,103.74929390434663,0
2024-01-30,SKU_009,67.0108238785255,50.917847573044504,84.00417184432783,0
2024-01-31,SKU_009,67.89458049610134,52.16892233148256,83.54474119446054,0
2024-02-01,SKU_009,90.02111218276787,72.36147914215299,106.20629432032645,0
2024-02-02,SKU_009,120.29656837762482,103.18729032348767,135.67560390295824,0
2024-02-03,SKU_009,133.10820404294114,117.60546598044205,149.40668876289195,0
2024-02-04,SKU_009,121.59263376079319,105.84762212565386,137.7205088703473,0
2024-02-05,SKU_009,91.57017712623986,74.7021697259473,107.2988838448544,0
2024-02-06,SKU_009,70.88044218749411,55.850526780245794,86.34857077075577,0
2024-02-07,SKU_009,71.77051539657359,55.60734492016426,87.97175349007212,0
2024-02-08,SKU_009,93.92410546080549,78.08264352632833,109.62250683032559,0
2024-02-09,SKU_009,124.24800499011724,107.65400523752173,140.54239868158544,0
2024-02-10,SKU_009,137.12946931232372,119.94045318704732,153.31874045039382,0
2024-02-11,SKU_009,125.70447329424192,109.27361097464136,142.2852600660376,0
2024-02-12,SKU_009,95.7920742266944,79.32145880844824,112.86326566868831,0
2024-02-13,SKU_009,75.2300271485746,58.357314922076434,91.19114959038097,0
2024-02-14,SKU_009,76.26302038435843,59.57570670268745,91.59772077303029,0
2024-02-15,SKU_009,98.57187771053387,82.33801608974856,114.16172800806518,0
2024-02-16,SKU_009,129.06008980276403,114.95911986928328,144.95419493093144,0
2024-02-17,SKU_009,142.1112728491442,125.05065379405313,159.18552612195782,0
2024-02-18,SKU_009,130.8575134660755,114.60592185191851,146.91796629778145,0
2024-02-19,SKU_009,101.11382609138978,84.4852864711136,118.02792063393595,0
2024-02-20,SKU_009,80.71386720511256,64.27049517545692,97.0078709727434,0
2024-02-21,SKU_009,81.89827201719919,65.6489192990512,98.33090409729326,0
2024-02-22,SKU_009,104.3439578470968,86.72413234672823,119.75662726359465,0
2024-02-23,SKU_009,134.9507546323219,118.08367708841051,151.36027884514994,0
2024-02-24,SKU_009,148.09895826164006,132.34010558972173,165.02408580063147,0
2024-02-25,SKU_009,136.91776375433363,120.170918340451,152.61227629764852,0
2024-02-26,SKU_009,107.21980244728225,89.82698280119699,124.26111039335339,0
2024-02-27,SKU_009,86.83692569987498,70.07267640763415,102.36954807799441,0
2024-02-28,SKU_009,88.00859907514368,72.12943780745486,104.42415388948648,0
2024-02-29,SKU_009,110.4112498111112,93.90808428855769,126.86856344952889,0
2024-03-01,SKU_009,140.94492683794923,123.35988057790479,157.84291095723748,0
2024-03-02,SKU_009,153.99086815774223,137.51951476446936,171.7400457514979,0
2024-03-03,SKU_009,142.67993203445653,127.66796686260561,159.35081473079177,0
2024-03-04,SKU_009,112.8271159139505,96.66528843504807,130.1860876391743,0
2024-03-05,SKU_009,92.26730566501429,76.5327897803159,109.01138531769935,0
2024-03-06,SKU_009,93.24361955633239,76.38886144265071,109.44195950984252,0
2024-03-07,SKU_009,115.43669053178765,99.21899888330266,131.3014191865362,0
2024-03-08,SKU_009,145.7512471560886,129.52978975854117,162.46352069327347,0
2024-03-09,SKU_009,158.57358945882092,141.59330297218497,175.259685508273,0
2024-03-10,SKU_009,147.03991783148936,131.420538204147,163.8874990965977,0
2024-03-11,SKU_009,116.9707408653748,100.35677746555744,133.30201565520792,0
2024-03-12,SKU_009,96.20650691567828,80.4549548945433,113.4107690046583,0
2024-03-13,SKU_009,96.99582618756511,80.3206027030626,112.91564964337546,0
2024-03-14,SKU_009,119.02462942816912,103.5906986413978,134.94145083943727,0
2024-03-15,SKU_009,149.20262620980128,133.32415528970384,165.71135206070858,0
2024-03-16,SKU_009,161.92066168592623,144.66182024582554,178.25036453324768,0
2024-03-17,SKU_009,150.31893261033815,134.55079912332866,167.16560458987442,0
2024-03-18,SKU_009,120.22129107786829,103.12106436818569,137.86558962044484,0
2024-03-19,SKU_009,99.4707832100213,83.71191172000826,115.82051870851654,0
2024-03-20,SKU_009,100.31779184111593,84.5518013379604,115.41167194162905,0
2024-03-21,SKU_009,122.44913132985701,106.1734916528762,139.51288951793737,0
2024-03-22,SKU_009,152.7744592021045,136.4070090342663,169.44015311665328,0
2024-03-23,SKU_009,165.68360495605603,149.20670474810507,182.66141488219677,0
2024-03-24,SKU_009,154.3147778648758,139.62378042517352,171.8228463176618,0
2024-03-25,SKU_009,124.4888829030651,108.24353844772881,140.75054053449844,0
2024-03-26,SKU_009,104.04509226543242,87.48992100337075,120.78853084719289,0
2024-03-27,SKU_009,105.22904134792243,90.01850678425191,122.00692419433345,0
2024-03-28,SKU_009,127.72199667354995,112.34739261358469,144.50143284612207,0
2024-03-29,SKU_009,158.42735942468826,142.36444948859966,174.2471265347824,0
2024-03-30,SKU_009,171.7281033939122,156.60557931128753,187.7975032004465,0
2024-03-31,SKU_009,160.755107300076,143.9879364161152,177.30275999628608,0
2024-04-01,SKU_009,131.32160831887936,115.2163397424698,148.39640108854294,0
2024-04-02,SKU_009,111.25892169033321,95.40758961067851,128.18065081993234,0
2024-04-03,SKU_009,112.80479237459227,94.6907241960675,128.24377191281343,0
2024-04-04,SKU_009,135.63272311832654,120.34170802052967,153.38835426416293,0
2024-04-05,SKU_009,166.63863929829972,150.17795521621767,182.48471363314616,0
2024-04-06,SKU_009,180.19848596219794,163.9124136336939,197.80421217073214,0
2024-04-07,SKU_009,169.43671359140995,151.8800516804453,184.68830137996602,0
2024-04-08,SKU_009,140.16087605807186,123.11499336750065,156.2719399886041,0
2024-04-09,SKU_009,120.19748238159931,105.14795651085647,136.01384793580223,0
2024-04-10,SKU_009,121.78046519245581,105.63003908791454,137.80557846504604,0
2024-04-11,SKU_009,144.5806074665908,128.9096441828195,159.3296344469716,0
2024-04-12,SKU_009,175.49228542956305,159.15415401067222,192.02345325664106,0
2024-04-13,SKU_009,188.89112098504236,171.80594334084014,205.94898825966308,0
2024-04-14,SKU_009,177.90249855076,161.15927085418411,194.2592344460403,0
2024-04-15,SKU_009,148.33616865987565,132.5175486352716,164.78062967257102,0
2024-04-16,SKU_009,128.0220793187809,111.970501171059,144.00906896932062,0
2024-04-17,SKU_009,129.198797980318,112.84679800024603,145.63185480466873,0
2024-04-18,SKU_009,151.54286620939246,135.3154936560963,167.89280753701678,0
2024-04-19,SKU_009,181.95544601801,165.0833627289218,198.04926549035332,0
2024-04-20,SKU_009,194.81985284621732,178.37457864189315,212.3895774722667,0
2024-04-21,SKU_009,183.2699322451417,167.24869111681343,199.50061088913478,0
2024-04-22,SKU_009,153.1245052456871,136.98711958769664,170.08310902025488,0
2024-04-23,SKU_009,132.2230264943063,113.55373600081303,148.3148673123238,0
2024-04-24,SKU_009,132.8138214752071,116.98167189916937,148.15137124184963,0
2024-04-25,SKU_009,154.5832486586447,138.40056297671197,171.5999614724446,0
2024-04-26,SKU_009,184.44214955182372,167.58079968408038,200.3557642330164,0
2024-04-27,SKU_009,196.7831857650661,180.5711914869437,213.58565577071917,0
2024-04-28,SKU_009,184.74902434164738,167.93897721710727,201.14522729251306,0
2024-04-29,SKU_009,154.1666004865217,137.00841085483148,169.82393491992616,0
2024-04-30,SKU_009,132.882605793588,116.86470305059444,149.1639898162342,0
2024-05-01,SKU_009,133.15157208364562,116.35222920056306,148.75139494376117,0
2024-05-02,SKU_009,154.66490017163383,138.7312987345146,172.04392874343537,0
2024-05-03,SKU_009,184.3371996221246,167.8964299470314,200.6506813206507,0
2024-05-04,SKU_009,196.56354121720847,180.26884803819257,213.4336473371933,0
2024-05-05,SKU_009,184.48758546048344,168.15387254044023,201.36973781602518,0
2024-05-06,SKU_009,153.93581773948955,138.03738497875267,170.70356178428827,0
2024-05-07,SKU_009,132.75303909364848,116.2292180685757,149.63652532726954,0
2024-05-08,SKU_009,133.1904829134345,117.31029824141643,149.93277977775654,0
2024-05-09,SKU_009,154.93490640278736,137.89347822333266,171.44117254126266,0
2024-05-10,SKU_009,184.89502173356084,170.52097119848005,202.13482746973102,0
2024-05-11,SKU_009,197.45886683222324,180.83439129318836,213.8799162001289,0
2024-05-12,SKU_009,185.76207672375918,169.9593173660053,202.12595386215844,0
2024-05-13,SKU_009,155.62228309330177,139.48020241985193,171.991195489257,0
2024-05-14,SKU_009,134.87478755553573,117.71546842800981,151.88282031800168,0
2024-05-15,SKU_009,135.76087505333803,119.52386665716283,151.90824474173925,0
2024-05-16,SKU_009,157.95711199534873,141.0952769521358,175.502735942077,0
2024-05-17,SKU_009,188.36198957651825,172.2272499202333,205.68080668397374,0
2024-05-18,SKU_009,201.353507588664,185.22590472578472,218.06418203111073,0
2024-05-19,SKU_009,190.0576549788038,174.17971364684306,206.75215061508862,0
2024-05-20,SKU_009,160.28301020256254,143.4253291508427,175.5188394656842,0
2024-05-21,SKU_009,139.85660242955882,123.54533962450536,156.2586537386922,0
2024-05-22,SKU_009,141.01239585340173,123.91271494104615,158.03890415117317,0
2024-05-23,SKU_009,163.42073792598455,147.27793750166043,179.40554109857115,0
2024-05-24,SKU_009,193.97512862380498,177.33803587672867,209.60539422024453,0
2024-05-25,SKU_009,207.04990325999484,190.50100579650197,223.1237664629373,0
2024-05-26,SKU_009,195.76878290804814,180.0230777274289,212.7644527652658,0
2024-05-27,SKU_009,165.9395139570524,149.08941370190624,180.82229502374412,0
2024-05-28,SKU_009,145.38973701675587,128.3049944591543,161.86069227055967,0
2024-05-29,SKU_009,146.3554473084637,129.42556581927707,163.42468096658348,0
2024-05-30,SKU_009,168.51038796824923,152.25573197710273,184.97669891781743,0
2024-05-31,SKU_009,198.7527346747229,183.41939823815164,215.43124769189194,0
2024-06-01,SKU_009,211.4626661143467,195.69210527238232,228.33039436414128,0
2024-06-02,SKU_009,199.77077697121615,184.47146802308134,217.1934114443267,0
2024-06-03,SKU_009,169.4925581588932,152.2884782567347,186.0913782496947,0
2024-06-04,SKU_009,148.46408820729752,132.0875121890198,163.76360548196064,0
2024-06-05,SKU_009,148.93030204644083,132.9698423575211,166.5788983670889,0
2024-06-06,SKU_009,170.57418302973713,154.89822813070083,186.705912654078,0
2024-06-07,SKU_009,200.30324124424124,183.2296966968389,216.79320753246867,0
2024-06-08,SKU_009,212.5068773436907,195.96319419048672,228.58102846319045,0
2024-06-09,SKU_009,200.32459331153183,184.24629084915736,216.9455131296707,0
2024-06-10,SKU_009,169.5802794646243,153.621300272968,185.94032544268399,0
2024-06-11,SKU_009,148.11772597489303,132.03239469319024,164.73390025410342,0
2024-06-12,SKU_009,148.18872917484927,132.14127255699884,164.65130424362837,0
2024-06-13,SKU_009,169.48214209186452,153.66319116911325,185.77814224817038,0
2024-06-14,SKU_009,198.91023534031797,182.5941544311984,214.34783880464934,0
2024-06-15,SKU_009,210.86597010983814,193.6625144145567,227.6900480971293,0
2024-06-16,SKU_009,198.49114651291472,181.722482472613,214.12954027277246,0
2024-06-17,SKU_009,167.61065777794002,150.02820236978002,184.1628492964524,0
2024-06-18,SKU_009,146.0679990310134,130.25065323204353,162.1381724495899,0
2024-06-19,SKU_009,146.1134006833793,129.43815282174708,163.20782317785543,0
2024-06-20,SKU_009,167.4329349152889,150.79797961793722,183.1264710839254,0
2024-06-21,SKU_009,196.93495975795275,179.5247704107024,213.1615751502492,0
2024-06-22,SKU_009,209.00750022564193,193.42523099330458,225.16870073134726,0
2024-06-23,SKU_009,196.78652696228028,180.3098037116011,213.2557114846583,0
2024-06-24,SKU_009,166.09035950663036,151.03611670445687,182.0197633837996,0
2024-06-25,SKU_009,144.75533918325263,127.65513151672775,160.8542469166004,0
2024-06-26,SKU_009,145.02413755334035,128.49054652167018,160.822422990096,0
2024-06-27,SKU_009,166.57504461922287,149.86492593754022,182.8127067402736,0
2024-06-28,SKU_009,196.30859687167487,180.08115815102204,211.30654536960773,0
2024-06-29,SKU_009,208.6051402389297,192.31725415382212,224.50022693286695,0
2024-06-30,SKU_009,196.59328405936645,179.661587811253,211.5222107057467,0
2024-07-01,SKU_009,166.08446912415627,148.23585571196412,183.15011606169546,0
2024-07-02,SKU_009,144.9087909929922,128.72810694292014,161.61194505297826,0
2024-07-03,SKU_009,145.30344113887344,128.75203948957252,161.29930504332464,0
2024-07-04,SKU_009,166.94210720717834,150.4695180465334,182.81307668305513,0
2024-07-05,SKU_009,196.72169012503025,180.1068398212538,214.3345144321305,0
2024-07-06,SKU_009,209.0199313598414,193.71595323698955,223.7254157500309,0
2024-07-07,SKU_009,196.96390532860397,181.7937300882032,212.45815530421112,0
2024-07-08,SKU_009,166.36459954030136,148.6977287038427,182.8044624482786,0
2024-07-09,SKU_009,145.05272387142048,128.6105535047019,162.05195324308147,0
2024-07-10,SKU_009,145.26711237466708,128.09791861923154,160.52657067936235,0
2024-07-11,SKU_009,166.68406036943773,150.29670669090257,182.96386485593487,0
2024-07-12,SKU_009,196.20395658363054,180.66560986783003,212.32307472695948,0
2024-07-13,SKU_009,208.20880619677934,192.80982133966506,224.4278664100647,0
2024-07-14,SKU_009,195.83060277358567,179.1812903769079,211.43571138876385,0
2024-07-15,SKU_009,164.88577503002912,148.87361623296837,180.85515232010792,0
2024-07-16,SKU_009,143.21085341446738,127.94399887399128,159.39940634200025,0
2024-07-17,SKU_009,143.05072375928236,127.84065090098285,158.10068096371637,0
2024-07-18,SKU_009,164.0878145478842,146.7308563127665,180.28194091418658,0
2024-07-19,SKU_009,193.22858142851146,177.43872544417596,210.86755617016922,0
2024-07-20,SKU_009,204.86088852237074,188.65760262325176,220.75793521847962,0
2024-07-21,SKU_009,192.1222479924067,176.3205616748099,208.4317075953317,0
2024-07-22,SKU_009,160.83414697766648,145.23223544411593,177.46927425842392,0
2024-07-23,SKU_009,138.83760968652487,121.00405797622798,154.89472647195936,0
2024-07-24,SKU_009,138.38136416321484,121.87197860135424,155.3337022916379,0
2024-07-25,SKU_009,159.15096214894848,142.506505359825,175.1022486477759,0
2024-07-26,SKU_009,188.05521689893592,171.87382854386547,204.69147761302534,0
2024-07-27,SKU_009,199.48355919561357,183.24622835533137,215.2572057383577,0
2024-07-28,SKU_009,186.57427312605665,169.58692149895663,202.39602023321015,0
2024-07-29,SKU_009,155.1488402511571,137.98135279125128,171.3402193555641,0
2024-07-30,SKU_009,133.0475389288611,115.96047489297747,148.16498007234094,0
2024-07-31,SKU_009,132.51766674950403,116.27814789283177,148.81949703341994,0
2024-08-01,SKU_009,153.24273248571413,136.65461117208184,170.13584081700768,0
2024-08-02,SKU_009,182.12897998606076,165.26139835683153,198.1223764544524,0
2024-08-03,SKU_009,193.56284149008144,176.27790798827215,208.49456785765418,0
2024-08-04,SKU_009,180.67927891218253,164.83591904393634,196.92882145435397,0
2024-08-05,SKU_009,149.29623854048327,132.55131226695912,165.61983079701616,0
2024-08-06,SKU_009,127.25036264790509,109.70169781247789,144.6085753366722,0
2024-08-07,SKU_009,126.7853227263274,111.14731632541157,144.45989972502107,0
2024-08-08,SKU_009,147.58111761728964,131.93924459020258,164.28250373100272,0
2024-08-09,SKU_009,176.54069599207796,160.35455831764057,192.14812788249083,0
2024-08-10,SKU_009,188.0474980036558,172.55486177043812,204.15901295509002,0
2024-08-11,SKU_009,175.23387231189008,159.34893963848023,191.1195105617495,0
2024-08-12,SKU_009,143.91559199380868,126.91435495526255,158.88058470761746,0
2024-08-13,SKU_009,121.92761135819889,105.15373893960879,137.53015076991448,0
2024-08-14,SKU_009,121.51242738942517,104.93164043302758,137.51197373671891,0
2024-08-15,SKU_009,142.34938859893634,126.2703985708968,158.72915515635856,0
2024-08-16,SKU_009,171.3413108079397,156.02545442559148,188.48044275661678,0
2024-08-17,SKU_009,182.8719952094572,166.68152347837685,199.02105222424387,0
2024-08-18,SKU_009,170.07460596925213,154.3307218096428,187.7894758231637,0
2024-08-19,SKU_009,138.7661323755562,122.82085038753577,155.75466606960825,0
2024-08-20,SKU_009,116.78307946604815,98.9568528480633,132.8334362589433,0
2024-08-21,SKU_009,116.36975311583005,100.65403063481315,133.21872616556004,0
2024-08-22,SKU_009,137.20748490492784,121.66634271110588,153.7604191162426,0
2024-08-23,SKU_009,166.2011590343488,148.832895145608,181.06723999380918,0
2024-08-24,SKU_009,177.73663950891606,161.66397434508053,193.81100454237077,0
2024-08-25,SKU_009,164.94905775619623,148.61717650579763,180.69995251415736,0
2024-08-26,SKU_009,133.65718855664454,117.77488828658116,150.05840350616623,0
2024-08-27,SKU_009,111.69906095054694,96.30069977205208,126.94625390110751,0
2024-08-28,SKU_009,111.32017263531928,95.38122908253938,127.8217710790266,0
2024-08-29,SKU_009,132.20265542155227,114.9784052063376,149.44673899656934,0
2024-08-30,SKU_009,161.25175592237943,145.78538099673503,176.66843292695154,0
2024-08-31,SKU_009,172.8532311977566,155.5063911597959,187.80307438079163,0
2024-09-01,SKU_009,160.14162059011971,143.52585013802724,176.47385957489112,0
2024-09-02,SKU_009,128.93462221276758,112.55156547424116,145.1534740641449,0
2024-09-03,SKU_009,107.0687208597993,90.35341852728307,121.85871159503883,0
2024-09-04,SKU_009,106.78743545859166,90.55146254809155,125.3445738158605,0
2024-09-05,SKU_009,127.77053276068999,111.70371805118519,143.82023540146795,0
2024-09-06,SKU_009,156.92057011534553,140.17017934247633,172.97514525210556,0
2024-09-07,SKU_009,168.62036530109563,151.51844672467942,184.40326891754114,0
2024-09-08,SKU_009,156.00135253348938,140.1022135725145,172.3821745101571,0
2024-09-09,SKU_009,124.87805068532647,108.74348432728671,139.75196260427632,0
2024-09-10,SKU_009,103.08378782396728,87.06943622530905,120.41143821065963,0
2024-09-11,SKU_009,102.8590473566313,85.20507470080125,117.45059141970242,0
2024-09-12,SKU_009,123.88077956614802,106.8799744379135,140.69731512786223,0
2024-09-13,SKU_009,153.04903847035226,136.71305949912784,171.05331314193413,0
2024-09-14,SKU_009,164.74453914795532,148.60555247245046,181.75034846594153,0
2024-09-15,SKU_009,152.09709198250155,135.0593529445345,168.5880977198328,0
2024-09-16,SKU_009,120.92013743343306,104.06576660139659,137.45571272238698,0
2024-09-17,SKU_009,99.04652332141342,83.49918490779126,114.08981366575352,0
2024-09-18,SKU_009,98.71688817284692,82.5107385660776,115.58800142386605,0
2024-09-19,SKU_009,119.60899308267727,102.82839035633619,136.14891469155816,0
2024-09-20,SKU_009,148.62436116716339,132.94114399606062,165.16270619283875,0
2024-09-21,SKU_009,160.14581937827563,144.98623495840332,176.08105977917742,0
2024-09-22,SKU_009,147.30589925940507,131.57166861825704,163.2200540752296,0
2024-09-23,SKU_009,115.92132088727344,99.7706348054004,131.54266930866027,0
2024-09-24,SKU_009,93.82870310379195,76.68433504608782,110.16713017751925,0
2024-09-25,SKU_009,93.27286516448173,76.98145602127286,109.45067767248231,0
2024-09-26,SKU_009,113.93606426136509,98.4219644952919,131.10879254503575,0
2024-09-27,SKU_009,142.72453035698013,125.88092605958937,159.0802400375828,0
2024-09-28,SKU_009,154.0258957731857,137.8668377872213,170.5612796399905,0
2024-09-29,SKU_009,140.977479016938,123.94982446458478,157.59279941299616,0
2024-09-30,SKU_009,109.40065014854366,93.66416988490138,126.45412786110025,0
2024-10-01,SKU_009,87.1364239294811,71.7198516468112,104.19201127235229,0
2024-10-02,SKU_009,86.4336489990268,70.95194692851996,102.50180319515805,0
2024-10-03,SKU_009,106.97814056629066,91.20574922455035,123.34661585741183,0
2024-10-04,SKU_009,135.6791209032966,118.80957411405659,151.97054923219943,0
2024-10-05,SKU_009,146.9265676802351,131.3553724598797,162.96910315850755,0
2024-10-06,SKU_009,133.85943189406316,117.17197415377105,149.99445790272313,0
2024-10-07,SKU_009,102.29995457753326,86.2157486648291,120.6608473458882,0
2024-10-08,SKU_009,80.08922996894319,64.50655863739422,96.81020116958254,0
2024-10-09,SKU_009,79.47538434876772,62.52890081566334,96.01192703729134,0
2024-10-10,SKU_009,100.14271848451212,84.3960644012911,115.79163249189136,0
2024-10-11,SKU_009,128.99817789537659,111.01749801721311,143.9872209387415,0
2024-10-12,SKU_009,140.42875038289128,124.19444688013236,156.49961135209756,0
2024-10-13,SKU_009,127.56975147238099,111.28607904637927,144.41652265610537,0
2024-10-14,SKU_009,96.23922536281607,79.18905699132317,112.05868173260109,0
2024-10-15,SKU_009,74.27360703213131,57.67226925904369,90.76105890089269,0
2024-10-16,SKU_009,73.91601227884135,57.374170065344295,89.65759992237031,0
2024-10-17,SKU_009,94.84550088593225,78.77525744846008,111.37317975486734,0
2024-10-18,SKU_009,123.96367410446167,108.33087673809541,140.4428290988613,0
2024-10-19,SKU_009,135.65220270429654,117.17720801046717,150.94463072840514,0
2024-10-20,SKU_009,123.04124294533355,105.45845489352448,138.97886876878633,0
2024-10-21,SKU_009,91.94396475296142,75.38523143239041,107.48156085443082,0
2024-10-22,SKU_009,70.19233450954708,53.644839025675,87.1647857929893,0
2024-10-23,SKU_009,70.02551615908736,54.99581778232123,88.42313813678219,0
2024-10-24,SKU_009,91.11923296486465,73.82299805539857,106.9636650447549,0
2024-10-25,SKU_009,120.37244857779243,104.76501678951948,137.52282971391406,0
2024-10-26,SKU_009,132.1649615008964,117.49095344243524,148.61121411540424,0
2024-10-27,SKU_009,119.6258685696375,102.83217696410448,136.65019325513904,0
2024-10-28,SKU_009,88.56812047513819,72.64767594351206,104.69689902304833,0
2024-10-29,SKU_009,66.82431099227011,50.04389932910827,82.32194878343053,0
2024-10-30,SKU_009,66.63506339110572,51.12443971553014,83.92121010879748,0
2024-10-31,SKU_009,87.67835667971056,71.50901676859695,103.8901458090636,0
2024-11-01,SKU_009,116.8561511782383,100.74981803621293,132.8351975357677,0
2024-11-02,SKU_009,128.5519088501176,111.1473383896831,146.54091606862073,0
2024-11-03,SKU_009,115.8989658237293,99.39277136833194,133.12939838706268,0
2024-11-04,SKU_009,84.71498236907561,69.62476209788412,101.87151491355633,0
2024-11-05,SKU_009,62.83761459628065,46.33933963401077,78.97961931448015,0
2024-11-06,SKU_009,62.512774260856865,45.98615499400419,78.44697192309982,0
2024-11-07,SKU_009,83.42382245812979,66.76490335668267,100.13112627697055,0
2024-11-08,SKU_009,112.47805998983475,97.50608502735649,129.30100818247854,0
2024-11-09,SKU_009,124.06411317881823,107.74536803685015,139.43674301462042,0
2024-11-10,SKU_009,111.32017589477944,94.85419223483765,128.78600106367747,0
2024-11-11,SKU_009,80.06833628918272,62.796026047084084,96.6076062828717,0
2024-11-12,SKU_009,58.15013555151977,41.85719166169667,73.55862101853566,0
2024-11-13,SKU_009,57.8147278650755,41.41233975871581,72.77465222563067,0
2024-11-14,SKU_009,78.7479898095485,62.93813125014556,93.95515575000273,0
2024-11-15,SKU_009,107.85894407114795,91.60287124740434,123.84299367941027,0
2024-11-16,SKU_009,119.53709787964662,102.90667247354305,135.50867947635285,0
2024-11-17,SKU_009,106.92065809911844,90.95439519311851,122.41996771357037,0
2024-11-18,SKU_009,75.83085213380613,59.425474932292175,92.76393234554683,0
2024-11-19,SKU_009,54.10750210524782,38.124726815340075,69.83833979002902,0
2024-11-20,SKU_009,53.997221103998655,39.13002507222253,72.00711207270878,0
2024-11-21,SKU_009,75.1825788801419,58.86510674127127,90.2427869109514,0
2024-11-22,SKU_009,104.568600466138,88.50929800883168,121.94518381034658,0
2024-11-23,SKU_009,116.5401963358506,101.66805828725177,132.98277349006761,0
2024-11-24,SKU_009,104.23048380906248,87.31417522443515,120.12605663375834,0
2024-11-25,SKU_009,73.45522629913606,56.330673107308314,90.06782895297908,0
2024-11-26,SKU_009,52.048535016436375,35.85628289392679,68.34197584045779,0
2024-11-27,SKU_009,52.251198874355865,36.193807194190406,69.22465621244784,0
2024-11-28,SKU_009,73.73998677032895,57.16394133616566,89.68158292490656,0
2024-11-29,SKU_009,103.41428248880155,86.97009531257626,120.10828349964109,0
2024-11-30,SKU_009,115.65364760186108,99.72217209991649,131.4130828032161,0
2024-12-01,SKU_009,103.58626894718971,87.89289907753721,119.61625567805615,0
2024-12-02,SKU_009,73.02351432980552,56.906927725972004,89.05613282323195,0
2024-12-03,SKU_009,51.79573834537048,34.852718856430684,66.92291079518526,0
2024-12-04,SKU_009,52.14070166895672,35.85412126763693,67.13822038895988,0
2024-12-05,SKU_009,73.73294593740593,56.892045541496245,89.54479981600684,0
2024-12-06,SKU_009,103.4704828369907,87.7389577481163,119.12363836946402,0
2024-12-07,SKU_009,115.73239157633762,100.12259253609503,132.45228699535355,0
2024-12-08,SKU_009,103.64728060295877,87.03340691216104,119.55132671673225,0
2024-12-09,SKU_009,73.02783696050025,57.92226322641547,89.52830930890208,0
2024-12-10,SKU_009,51.706605424245154,36.23456979778374,68.72766565702202,0
2024-12-11,SKU_009,51.924361466661,35.590180739730116,68.4335511378949,0
2024-12-12,SKU_009,73.35942134211945,57.68544858989227,88.69014453643695,0
2024-12-13,SKU_009,102.9142494798399,86.42108632157189,119.23618553276494,0
2024-12-14,SKU_009,114.97295932354187,98.82658899242865,131.4120200641929,0
2024-12-15,SKU_009,102.6696657600786,87.04824068657074,118.7715330101381,0
2024-12-16,SKU_009,71.82291509099548,54.42928069462635,88.00827400375958,0
2024-12-17,SKU_009,50.27133744961422,34.52885110216358,66.42512155439002,0
2024-12-18,SKU_009,50.26188862314706,33.170087179820136,66.58903924078356,0
2024-12-19,SKU_009,71.47902754977574,55.26528941993862,87.31483491652229,0
2024-12-20,SKU_009,100.8311926641988,82.9638142904073,117.14191134216331,0
2024-12-21,SKU_009,112.70817614939507,94.91089865026034,128.9491978489828,0
2024-12-22,SKU_009,100.24935702443159,83.3996931665975,117.1662384836601,0
2024-12-23,SKU_009,69.27802161515778,53.721447597323625,85.41741536269376,0
2024-12-24,SKU_009,47.63691865536188,32.262714214725726,64.56491693453638,0
2024-12-25,SKU_009,47.57641801600455,30.860985022276843,63.39655811209083,0
2024-12-26,SKU_009,68.78362103428765,52.8404310184289,85.02166714938124,0
2024-12-27,SKU_009,98.16878693531122,81.4010497234886,114.36891349042456,0
2024-12-28,SKU_009,110.12267532109576,93.24707733105299,127.34593086112697,0
2024-12-29,SKU_009,97.78476616214746,79.77373002770327,113.59368310154301,0
2024-12-30,SKU_009,66.97758591300598,50.78757279119505,82.71446096514617,0
2024-12-31,SKU_009,45.54228666246571,30.273617421339342,61.596415912249256,1
2025-01-01,SKU_009,45.72684657133068,29.422883327598868,62.77976229624969,1
2025-01-02,SKU_009,67.21523844432647,51.08550264491668,83.4770609237678,1
2025-01-03,SKU_009,96.91392945153186,80.46950551612777,112.74251080720434,1
2025-01-04,SKU_009,109.20931018690938,92.23836748100308,125.20373264506883,1
2025-01-05,SKU_009,97.23601244055078,80.630558791516,113.93871144829671,1
2025-01-06,SKU_009,66.81134203232541,50.89840048453125,83.74058962168067,1
2025-01-07,SKU_009,45.770971177013465,29.048962065983545,61.851080837739154,1
2025-01-08,SKU_009,46.357256089176815,29.753136173944473,63.243493501291525,1
2025-01-09,SKU_009,68.24852407261224,52.2443512898871,84.76272256929663,1
2025-01-10,SKU_009,98.34569052414726,80.75922607563253,114.08744211910943,1
2025-01-11,SKU_009,111.02980151118058,94.66544892864486,128.23689051204744,1
2025-01-12,SKU_009,99.43045889306727,83.86079369255238,116.29410288503077,1
2025-01-13,SKU_009,69.36035209549928,53.09960593978485,85.63896716823317,1
2023-01-01,SKU_010,131.07302594581066,113.47682243128072,147.7224609924029,0
2023-01-02,SKU_010,123.01656216107357,107.12419506072398,139.9220989356159,0
2023-01-03,SKU_010,100.65413531738987,83.45577647404359,116.76009146225744,0
2023-01-04,SKU_010,85.05132233931607,69.32584919827465,100.97353923822648,0
2023-01-05,SKU_010,84.33158576612439,68.02059009782027,101.10718591993782,0
2023-01-06,SKU_010,100.55672162429374,83.74432624443916,117.15130714237819,0
2023-01-07,SKU_010,124.3457822092935,109.2885331368428,139.60113390943349,0
2023-01-08,SKU_010,133.01883806171207,116.8897666954483,149.31100908140206,0
2023-01-09,SKU_010,125.17563863214934,108.89028310111567,141.31850418490686,0
2023-01-10,SKU_010,103.05036064751951,86.38453268047753,119.56226650465098,0
2023-01-11,SKU_010,87.70463185674473,70.9499344326067,104.14735442979874,0
2023-01-12,SKU_010,87.25745232574131,70.54646379097441,103.20204472398154,0
2023-01-13,SKU_010,103.76574482565992,87.2320744676958,119.58841320160384,0
2023-01-14,SKU_010,127.8433910676028,110.66731689393032,144.25669997118797,0
2023-01-15,SKU_010,136.80511537001848,120.99753664809842,153.03171846725823,0
2023-01-16,SKU_010,129.24527232237085,112.71240242053118,146.77648214610522,0
2023-01-17,SKU_010,107.39272435479428,92.04262565631797,124.46637288367234,0
2023-01-18,SKU_010,92.3039937053776,75.99795788037501,109.20293846278267,0
2023-01-19,SKU_010,92.09330775694103,75.23731317792019,107.7823949764625,0
2023-01-20,SKU_010,108.8132661637222,91.88610741371602,125.54358218778724,0
2023-01-21,SKU_010,133.0739835483941,116.51968227587153,150.29867926558484,0
2023-01-22,SKU_010,142.1870666158455,125.16716685913227,158.32774475854038,0
2023-01-23,SKU_010,134.74447980819357,118.69955425573025,151.9908414849875,0
2023-01-24,SKU_010,112.9734833408393,96.36295495354206,129.9122687028277,0
2023-01-25,SKU_010,97.92982645103808,82.46607949439064,113.9612365075138,0
2023-01-26,SKU_010,97.72781372722437,81.63810974361782,114.51893901367507,0
2023-01-27,SKU_010,114.42097212837166,98.3324234529131,131.66312790687314,0
2023-01-28,SKU_010,138.6211724729491,123.0141591388759,155.06883221692496,0
2023-01-29,SKU_010,147.64256456668656,129.48974530261836,166.19102601135754,0
2023-01-30,SKU_010,140.08038102949456,122.20174947778858,156.10392908736983,0
2023-01-31,SKU_010,118.16579509838185,102.35229335563238,134.95135935519806,0
2023-02-01,SKU_010,102.95901716160576,86.54686681773245,118.4241786876163,0
2023-02-02,SKU_010,102.57925017049041,86.76917565917265,119.31894289922006,0
2023-02-03,SKU_010,119.08523439839328,102.47058781314685,135.70372047821294,0
2023-02-04,SKU_010,143.09423821925347,126.5877504053192,159.7203428303822,0
2023-02-05,SKU_010,151.92585740934175,136.33530146748282,168.5543968568478,0
2023-02-06,SKU_010,144.1806814351335,126.45326095242314,160.27579910984596,0
2023-02-07,SKU_010,122.09501548498046,107.04576035742515,138.7234183307279,0
2023-02-08,SKU_010,106.73384645630036,90.9756331971199,123.12735783601103,0
2023-02-09,SKU_010,106.22067638706126,91.02401524551372,122.29768533153013,0
2023-02-10,SKU_010,122.61795694342098,105.9305864943822,138.9463794154502,0
2023-02-11,SKU_010,146.54598449435662,129.28245559523327,162.2433490325239,0
2023-02-12,SKU_010,155.32662077923538,139.90347435624847,171.8569345486681,0
2023-02-13,SKU_010,147.56189970652184,131.39430699564554,163.72976000264603,0
2023-02-14,SKU_010,125.48871063811842,108.32807306377217,141.4045113173207,0
2023-02-15,SKU_010,110.17174744184307,93.38746270457877,126.56126096490927,0
2023-02-16,SKU_010,109.7333473201243,93.30232586874722,126.98399677597666,0
2023-02-17,SKU_010,126.23395297006515,110.4204712565131,142.7210015772072,0
2023-02-18,SKU_010,150.29105691943278,134.68891642929654,166.30086720652196,0
2023-02-19,SKU_010,159.2229921810123,141.8250075555725,176.87616082448264,0
2023-02-20,SKU_010,151.62762740685835,135.57017559782508,168.56288996365373,0
2023-02-21,SKU_010,129.73715533885246,112.2370213070211,145.18981369060995,0
2023-02-22,SKU_010,114.61116088343272,97.72519179661988,131.21371003072116,0
2023-02-23,SKU_010,114.36658987986517,99.02001277465388,130.9047968273134,0
2023-02-24,SKU_010,131.05834882928104,114.14797812948936,148.2944967575842,0
2023-02-25,SKU_010,155.2983909960328,139.80611946194563,171.57245215989016,0
2023-02-26,SKU_010,164.3996490890529,148.78971925928886,181.339008991212,0
2023-02-27,SKU_010,156.9548697152379,138.98384115065744,173.3553041544487,0
2023-02-28,SKU_010,135.19153419319494,119.21463902067356,152.1244625052082,0
2023-03-01,SKU_010,120.16504897678738,103.72040038581379,137.66449604169466,0
2023-03-02,SKU_010,119.98882354670741,104.04054979589843,137.0574206946795,0
2023-03-03,SKU_010,136.71496322355418,121.30573440180031,153.7372024007049,0
2023-03-04,SKU_010,160.9534299083727,144.4474723095732,177.39193409197102,0
2023-03-05,SKU_010,170.01602902334213,153.15577665935965,186.16850202397185,0
2023-03-06,SKU_010,162.4952764313262,146.14137056606674,178.99893962966826,0
2023-03-07,SKU_010,140.61932906788232,122.74368117473841,157.28350946976363,0
2023-03-08,SKU_010,125.44516226214496,107.21830922833564,142.4360231581477,0
2023-03-09,SKU_010,125.08861192035585,108.12780221863007,141.22112875850488,0
2023-03-10,SKU_010,141.60500992331268,125.68719306699872,157.65087106039618,0
2023-03-11,SKU_010,165.60826719735354,149.2964835349587,182.61808415386707,0
2023-03-12,SKU_010,174.4147647083614,158.1656121440512,190.90171409853457,0
2023-03-13,SKU_010,166.6221084302435,149.88149193176935,184.01395841398218,0
2023-03-14,SKU_010,144.4639357249608,128.63640420990538,161.44335076826317,0
2023-03-15,SKU_010,129.00295758545832,112.8896059210773,145.90617476079396,0
2023-03-16,SKU_010,128.36086004963704,112.22371685525529,144.40446666255895,0
2023-03-17,SKU_010,144.59879587373234,128.31023898249774,160.24005896112075,0
2023-03-18,SKU_010,168.3363247479553,151.2277929217817,185.19227045707848,0
2023-03-19,SKU_010,176.895165929028,161.4306775439812,193.70813200542509,0
2023-03-20,SKU_010,168.87782301261876,152.68642758465342,185.8645221101647,0
2023-03-21,SKU_010,146.52227071579287,130.39860366277424,163.5895871367983,0
2023-03-22,SKU_010,130.89489281561478,115.50792174441263,147.26812877245558,0
2023-03-23,SKU_010,130.12029545575405,113.05460228043582,147.65540398606512,0
2023-03-24,SKU_010,146.26172993124865,129.90113217652362,162.69187501970578,0
2023-03-25,SKU_010,169.9399847337852,153.63983588188708,185.5357488324591,0
2023-03-26,SKU_010,178.47711186019234,163.31708026104272,194.61754690638324,0
2023-03-27,SKU_010,170.47504767257885,153.7909024487364,188.0471459547952,0
2023-03-28,SKU_010,148.17031815931304,130.82164723169817,165.00399758716014,0
2023-03-29,SKU_010,132.62701715019043,115.59845426562498,149.14128123284925,0
2023-03-30,SKU_010,131.96668054310302,116.17974246890127,147.97643027676042,0
2023-03-31,SKU_010,148.24878897255016,131.1784317929589,164.69159351382655,0
2023-04-01,SKU_010,172.08975654195575,155.88303002859692,188.63488974633086,0
2023-04-02,SKU_010,180.80676804283553,165.79850191929137,197.33075147142844,0
2023-04-03,SKU_010,172.99652201681602,155.66759283389774,188.6252029584321,0
2023-04-04,SKU_010,150.890066306968,134.7562739805003,167.2372405258969,0
2023-04-05,SKU_010,135.54522356821855,120.21056094208767,152.9737206023391,0
2023-04-06,SKU_010,135.07866477462676,118.97590788461751,150.94191380253062,0
2023-04-07,SKU_010,151.54448273196425,135.65044676270807,168.27564521751506,0
2023-04-08,SKU_010,175.5539967476232,158.94571324011196,192.9741468523212,0
2023-04-09,SKU_010,184.41970918992578,168.36763002032717,201.09872885072141,0
2023-04-10,SKU_010,176.7341560219743,159.81313439724403,191.32255501232876,0
2023-04-11,SKU_010,154.72483532968153,138.903751389747,171.64318483594255,0
2023-04-12,SKU_010,139.44739678363294,123.3685739237086,156.4158634060791,0
2023-04-13,SKU_010,139.01570984491966,124.2668358839266,155.6527001437011,0
2023-04-14,SKU_010,155.48253839182684,138.3613535964698,172.2577806019543,0
2023-04-15,SKU_010,179.45867526186154,161.99998895283727,195.53727007010792,0
2023-04-16,SKU_010,188.25689572464753,170.97372916497932,206.31211677890064,0
2023-04-17,SKU_010,180.47078464164952,164.1114987640231,197.80386324955347,0
2023-04-18,SKU_010,158.32962223258,141.62035423693817,174.48974684043728,0
2023-04-19,SKU_010,142.8915127867393,126.92461043054377,159.80512439511853,0
2023-04-20,SKU_010,142.27337599327706,125.80291435645168,159.19863845459213,0
2023-04-21,SKU_010,158.53153083659907,142.3175373464204,174.7925555079809,0
2023-04-22,SKU_010,182.28072816233745,166.1851645974732,198.72688025889937,0
2023-04-23,SKU_010,190.8379938108293,174.78018851929934,207.94123558027206,0
2023-04-24,SKU_010,182.8013401414607,165.19394161670166,199.3199914495092,0
2023-04-25,SKU_010,160.40453404041,143.20616027732208,175.78495105736735,0
2023-04-26,SKU_010,144.7101089385432,127.7477830467242,161.08974651345852,0
2023-04-27,SKU_010,143.83924363195425,127.11147576427875,160.0221592935882,0
2023-04-28,SKU_010,159.85224081659243,142.67645858577754,175.796527828619,0
2023-04-29,SKU_010,183.3663249378256,167.60879213182912,200.39216449525838,0
2023-04-30,SKU_010,191.70281985378531,174.95900912768252,208.17551919674514,0
2023-05-01,SKU_010,183.46237384350135,166.42341245231913,199.36958842524774,0
2023-05-02,SKU_010,160.88081403809076,143.74197588924636,177.53044008308103,0
2023-05-03,SKU_010,145.02212280341456,128.5627530755274,160.27235646267602,0
2023-05-04,SKU_010,144.00829878486675,128.24235880118525,161.16221724045775,0
2023-05-05,SKU_010,159.8998357109295,143.38022863019452,175.84348649655007,0
2023-05-06,SKU_010,183.31467746905165,167.85848439840177,200.37669216626958,0
2023-05-07,SKU_010,191.57201296929486,174.65080374881046,207.45590254948925,0
2023-05-08,SKU_010,183.27096940429504,166.94063932740292,201.36183308202015,0
2023-05-09,SKU_010,160.6453919412996,143.07857573395012,177.5307423307066,0
2023-05-10,SKU_010,144.75689648532102,128.8961329956397,160.6231735833707,0
2023-05-11,SKU_010,143.72481661539115,126.79593464794965,160.21900389411843,0
2023-05-12,SKU_010,159.6067751764217,143.60454803260114,176.11216641778293,0
2023-05-13,SKU_010,183.01773626152936,166.9561673806803,200.58163386467928,0
2023-05-14,SKU_010,191.27389823385002,175.5133425323699,207.26358475305182,0
2023-05-15,SKU_010,182.97148352851863,165.88324507535984,198.63449566785957,0
2023-05-16,SKU_010,160.3416104762524,144.81220509886356,176.05534729251224,0
2023-05-17,SKU_010,144.44343114748483,128.0037376856083,161.02113892862226,0
2023-05-18,SKU_010,143.39415390707873,126.6816292987199,160.41389680864762,0
2023-05-19,SKU_010,159.24967904332425,142.74844297228645,174.5146101932972,0
2023-05-20,SKU_010,182.62370143652484,165.5089833244627,199.41636165715596,0
2023-05-21,SKU_010,190.83163954749014,175.06258044352268,207.30725372903052,0
2023-05-22,SKU_010,182.4694455152112,167.1970039758071,199.61315242504406,0
2023-05-23,SKU_010,159.76848120173582,143.09917778561393,175.3495459906131,0
2023-05-24,SKU_010,143.78864402445785,127.41784523142451,159.8661508315587,0
2023-05-25,SKU_010,142.64836187230213,125.53124002498798,159.5860042817603,0
2023-05-26,SKU_010,158.40518629846156,141.4803104373828,174.94676941142487,0
2023-05-27,SKU_010,181.67483930105274,166.15702499713268,198.96546122003298,0
2023-05-28,SKU_010,189.77507468073478,173.5539472325866,206.78881081699691,0
2023-05-29,SKU_010,181.30441082186098,165.44478130532153,198.45334320188206,0
2023-05-30,SKU_010,158.49692197568447,140.912894074929,173.8975117446571,0
2023-05-31,SKU_010,142.41527455438546,126.69177226172107,159.06977386556366,0
2023-06-01,SKU_010,141.18063023787496,125.03563887166625,157.63338393846652,0
2023-06-02,SKU_010,156.85314787201276,140.00142743506285,173.32527703313428,0
2023-06-03,SKU_010,180.05094214764327,163.31824485094504,195.27624000380402,0
2023-06-04,SKU_010,188.0938626475869,171.78385141615223,204.10757373604372,0
2023-06-05,SKU_010,179.58215253834777,163.94060047444287,196.23201775412608,0
2023-06-06,SKU_010,156.75117617916501,141.14119485642667,173.1111110514593,0
2023-06-07,SKU_010,140.66440405435446,123.63316457678165,156.48378625358296,0
2023-06-08,SKU_010,139.4432783780221,123.18205556268164,155.92023451944115,0
2023-06-09,SKU_010,155.14769250452952,138.9319788141945,171.01677333792964,0
2023-06-10,SKU_010,178.39494286445733,162.14201145198098,195.20158880711276,0
2023-06-11,SKU_010,186.50351729859676,168.31966239631052,201.85238826143402,0
2023-06-12,SKU_010,178.07177890369056,160.6295810991585,194.47877671068463,0
2023-06-13,SKU_010,155.33273404859167,139.27036189537176,172.84139649894286,0
2023-06-14,SKU_010,139.34707170515142,122.64350411620214,155.58920945268883,0
2023-06-15,SKU_010,138.23309711673755,122.001634689466,154.50747757386074,0
2023-06-16,SKU_010,154.047288911263,138.24182704918096,170.7485840818547,0
2023-06-17,SKU_010,177.4033384979878,160.59544063710428,194.24985013605112,0
2023-06-18,SKU_010,185.61603214768843,169.76954126630397,203.1607482161291,0
2023-06-19,SKU_010,177.28003254852342,160.26420927780984,193.16524292770097,0
2023-06-20,SKU_010,154.6247458357591,138.68670268350994,170.83436365754153,0
2023-06-21,SKU_010,138.70745876107705,121.58861120503187,155.85653282228387,0
2023-06-22,SKU_010,137.64336523847874,121.36255721748628,153.6427922756484,0
2023-06-23,SKU_010,153.48621103400495,136.72700212558343,170.04002451697235,0
2023-06-24,SKU_010,176.8474108195605,160.94647887524658,192.27566257065288,0
2023-06-25,SKU_010,185.03999695037186,170.4206724054691,201.48863397304453,0
2023-06-26,SKU_010,176.65745467756688,160.23618202693928,193.59128450749355,0
2023-06-27,SKU_010,153.92862828733425,137.78844427954445,169.67473092169894,0
2023-06-28,SKU_010,137.91088170778355,122.32375682441698,154.56601147844296,0
2023-06-29,SKU_010,136.7201321171845,119.97470171690199,153.50826163391284,0
2023-06-30,SKU_010,152.41148505099966,136.7249510523724,169.41992077406996,0
2023-07-01,SKU_010,175.59832540084366,158.2722697570693,192.98164082318715,0
2023-07-02,SKU_010,183.59622427433075,167.43967978708451,199.19961163219406,0
2023-07-03,SKU_010,175.00171745663874,157.6988730333193,191.71937759873603,0
2023-07-04,SKU_010,152.04714138588707,135.88013618153656,168.24505840252357,0
2023-07-05,SKU_010,135.7937119572204,119.18458361040467,151.38850613613948,0
2023-07-06,SKU_010,134.36146676785125,118.11427897735852,152.6395431347928,0
2023-07-07,SKU_010,149.80980162947708,132.8009862330193,165.95949609733233,0
2023-07-08,SKU_010,172.75645822700525,155.6338012796795,190.81929618239437,0
2023-07-09,SKU_010,180.52132567269257,164.5176032772378,197.94163352458816,0
2023-07-10,SKU_010,171.70511409800463,155.96514160550575,187.03486371499548,0
2023-07-11,SKU_010,148.54408914810935,133.3643495268808,164.29557611916056,0
2023-07-12,SKU_010,132.10305513164218,115.3863289004557,149.68322827672435,0
2023-07-13,SKU_010,130.50520988698528,113.67087181780505,145.68081046289726,0
2023-07-14,SKU_010,145.81260439904065,128.8568777816442,163.14503254711332,0
2023-07-15,SKU_010,168.645066002277,151.96117068379743,185.61178117932027,0
2023-07-16,SKU_010,176.32394938582976,159.96836723509244,191.55505224902004,0
2023-07-17,SKU_010,167.45077507166997,150.56693974737453,183.4141536418735,0
2023-07-18,SKU_010,144.26194479857685,128.85992027934523,160.57849368951767,0
2023-07-19,SKU_010,127.82172214675205,110.8146018370606,142.66075485015412,0
2023-07-20,SKU_010,126.25210145475667,109.18382133663249,143.58706125286835,0
2023-07-21,SKU_010,141.61329766320125,125.6752854976231,158.17562967961837,0
2023-07-22,SKU_010,164.52271511635868,147.82631047109533,181.2331761158447,0
2023-07-23,SKU_010,172.29875834886715,154.99824784214206,187.48687294255,0
2023-07-24,SKU_010,163.53954299614617,147.97332377695773,180.07101657594055,0
2023-07-25,SKU_010,140.47769441574306,123.75340258566438,156.154359482892,0
2023-07-26,SKU_010,124.17342025662612,107.15199189620705,140.91781477428574,0
2023-07-27,SKU_010,122.74447772574894,105.04944654821031,139.34158239429408,0
2023-07-28,SKU_010,138.2467657425637,121.19635978315618,153.8777103927864,0
2023-07-29,SKU_010,161.2933974900001,143.15364623750014,177.10925434731666,0
2023-07-30,SKU_010,169.1986138514409,152.32716232573713,186.2836256942464,0
2023-07-31,SKU_010,160.5565928769334,143.39315412373767,177.46076370565115,0
2023-08-01,SKU_010,137.5963430236241,120.72150780436884,152.8316732191322,0
2023-08-02,SKU_010,121.37485912808255,105.44485045689817,139.35528738451887,0
2023-08-03,SKU_010,120.00716494597194,102.61979796743064,136.81545174186354,0
2023-08-04,SKU_010,135.5469681943462,119.1222340435189,151.07290688450965,0
2023-08-05,SKU_010,158.605782706343,143.98596415105624,176.25141188675158,0
2023-08-06,SKU_010,166.49687711657532,149.96702527466567,183.2112115864321,0
2023-08-07,SKU_010,157.81410501940843,142.29513292432625,174.92267035707536,0
2023-08-08,SKU_010,134.78680147524372,117.75903958849518,151.17699006786555,0
2023-08-09,SKU_010,118.4729299345167,101.19654143126596,134.77323482607474,0
2023-08-10,SKU_010,116.98909875594211,100.54629867415677,134.96677995056683,0
2023-08-11,SKU_010,132.39117655612546,116.15676720437204,149.56592757873344,0
2023-08-12,SKU_010,155.29336158761734,139.45836405994987,171.7724736388718,0
2023-08-13,SKU_010,163.01206595915286,145.26011099286615,178.56467284390033,0
2023-08-14,SKU_010,154.14467129040213,136.39322321379555,171.187687445668,0
2023-08-15,SKU_010,130.92434254597708,113.89087870522692,148.2155808213843,0
2023-08-16,SKU_010,114.41308614794872,98.3926522070142,130.9072685491402,0
2023-08-17,SKU_010,112.73167369009289,97.08127421240678,129.3202726793796,0
2023-08-18,SKU_010,127.9401626954629,111.5963869141731,144.58006944722035,0
2023-08-19,SKU_010,150.6568718234312,133.01234573683328,166.8245935440436,0
2023-08-20,SKU_010,158.20217350308127,142.3321033951746,173.74364464878985,0
2023-08-21,SKU_010,149.17716264743635,132.60574279547708,165.61992174667918,0
2023-08-22,SKU_010,125.81839011151186,109.45036473643108,142.86138402546328,0
2023-08-23,SKU_010,109.19054929141254,92.62861054864933,126.23979003631183,0
2023-08-24,SKU_010,107.41723584814441,91.22682052497431,123.88622434818762,0
2023-08-25,SKU_010,122.56051893442344,105.57443784845206,139.4081691001971,0
2023-08-26,SKU_010,145.24017661262232,127.66567763175243,161.57645206715895,0
2023-08-27,SKU_010,152.77746195938056,137.83036873288725,169.74251889663108,0
2023-08-28,SKU_010,143.77375831358603,128.7069289099444,161.00146243508053,0
2023-08-29,SKU_010,120.4653123964457,105.10939691706345,137.84471411573466,0
2023-08-30,SKU_010,103.91623290123623,86.92482529505777,120.74342153794136,0
2023-08-31,SKU_010,102.24837686011067,85.55419108725377,119.28404363257987,0
2023-09-01,SKU_010,117.52185569744573,101.14026242485747,133.97865628250307,0
2023-09-02,SKU_010,140.35401831999343,123.02062151362122,156.3536431113317,0
2023-09-03,SKU_010,148.06327366236087,132.41182439164947,165.14479141714418,0
2023-09-04,SKU_010,139.2478103007842,122.41506693311209,156.97840277356838,0
2023-09-05,SKU_010,116.14040031694961,99.57097932573404,134.25309250599432,0
2023-09-06,SKU_010,99.8014733562814,84.81165689283267,117.44152255103766,0
2023-09-07,SKU_010,98.34908148161574,81.74374259355294,114.97399588949774,0
2023-09-08,SKU_010,113.83948499784748,96.73484353473043,130.55845215485164,0
2023-09-09,SKU_010,136.88621489055936,120.43397003523461,153.26848552124108,0
2023-09-10,SKU_010,144.803972637921,127.98058141696703,161.47954444674207,0
2023-09-11,SKU_010,136.18742344764718,119.48812882953763,152.49215180332135,0
2023-09-12,SKU_010,113.26606865343683,95.9406175929543,129.66491552855422,0
2023-09-13,SKU_010,97.0973819214669,82.0047205270596,114.17774692110991,0
2023-09-14,SKU_010,95.79682874155563,79.93839714387063,112.17489415543106,0
2023-09-15,SKU_010,111.418498442454,94.38636592910325,127.53004671618531,0
2023-09-16,SKU_010,134.5734492176293,117.69817888515807,152.36722337910976,0
2023-09-17,SKU_010,142.57589849180198,126.62457225894029,159.82299567510208,0
2023-09-18,SKU_010,134.01977017062853,117.43833967578837,150.32869435724058,0
2023-09-19,SKU_010,111.13432859658337,93.51053594870147,127.32477148911823,0
2023-09-20,SKU_010,94.97731186373106,79.00242052736893,112.24374328037497,0
2023-09-21,SKU_010,93.66493867821777,77.95583134334541,110.0077743550916,0
2023-09-22,SKU_010,109.25251847690407,93.10940877471431,126.16149774519758,0
2023-09-23,SKU_010,132.35352034652274,115.68792458624172,148.57364882906506,0
2023-09-24,SKU_010,140.28346175824618,123.41216097762121,155.98251607473824,0
2023-09-25,SKU_010,131.63867375834744,114.04709814454326,147.5382435965139,0
2023-09-26,SKU_010,108.6511292511438,91.08549139209524,125.08978757332048,0
2023-09-27,SKU_010,92.38152020884948,76.74568068087078,109.19858382126908,0
2023-09-28,SKU_010,90.9492047166237,74.46419330574665,107.38592239427715,0
2023-09-29,SKU_010,106.41275473911087,91.02140008766914,122.35793064416005,0
2023-09-30,SKU_010,129.38896133606121,113.15887920594369,145.69326080777856,0
2023-10-01,SKU_010,137.19665951511408,121.00133421252212,152.8498003615076,0
2023-10-02,SKU_010,128.43543051126477,112.05831116566866,145.1679761187024,0
2023-10-03,SKU_010,105.3403692246602,89.14863166085185,122.23604062469367,0
2023-10-04,SKU_010,88.97510368918486,72.37064201855424,104.36707338514594,0
2023-10-05,SKU_010,87.4616884383866,70.92596296395224,104.40820142620223,0
2023-10-06,SKU_010,102.86110352551155,87.16844768402275,119.91658705553472,0
2023-10-07,SKU_010,125.79221669591735,109.93608744104102,142.25059027572715,0
2023-10-08,SKU_010,133.57557156548322,116.74926667567566,150.4543122402986,0
2023-10-09,SKU_010,124.81158165666808,107.76507851862958,140.71350658208215,0
2023-10-10,SKU_010,101.73671089755143,86.20723746254464,118.28693890595554,0
2023-10-11,SKU_010,85.41504288988989,67.89987450013517,100.07186330878963,0
2023-10-12,SKU_010,83.96864588240283,67.23836876914174,98.84862067305234,0
2023-10-13,SKU_010,99.45807283350238,82.72785985482057,116.71512457121831,0
2023-10-14,SKU_010,122.50133249777636,105.91909564620163,139.7335241414152,0
2023-10-15,SKU_010,130.41769421545783,113.60983991746559,145.94068124062147,0
2023-10-16,SKU_010,121.80638445557884,104.25379916195321,137.78461178592258,0
2023-10-17,SKU_010,98.90136287653058,81.06771868756242,115.33023488633587,0
2023-10-18,SKU_010,82.76436458074343,66.172814754992,98.94189787727218,0
2023-10-19,SKU_010,81.51483000957737,64.13043042027844,98.21346778445795,0
2023-10-20,SKU_010,97.21045359773646,81.75002551830563,113.72519248270976,0
2023-10-21,SKU_010,120.46620784212448,103.07948492890206,136.43236457644227,0
2023-10-22,SKU_010,128.59820459625828,111.48720562749322,144.70556814903668,0
2023-10-23,SKU_010,120.20245070336773,104.4876208779144,136.3867414289458,0
2023-10-24,SKU_010,97.50968474250632,80.80759138422944,113.44876524992917,0
2023-10-25,SKU_010,81.57848052646688,64.95407568926814,97.44405419453982,0
2023-10-26,SKU_010,80.52523773389248,65.52895307553203,96.23183273539466,0
2023-10-27,SKU_010,96.40478971483708,80.41686466585216,113.60692836505247,0
2023-10-28,SKU_010,119.82948404526525,104.48871668196271,136.12698141388603,0
2023-10-29,SKU_010,128.11309658237093,112.19943196118348,145.33829304044988,0
2023-10-30,SKU_010,119.84963510835031,103.60973452786685,135.68204806349266,0
2023-10-31,SKU_010,97.26821836780584,80.02189093038447,113.85172161701897,0
2023-11-01,SKU_010,81.4260382792393,65.23692227290525,98.23705716027642,0
2023-11-02,SKU_010,80.43890970680971,63.263319279417736,98.15666850051774,0
2023-11-03,SKU_010,96.36136752159706,79.97936637204127,111.31623380657906,0
2023-11-04,SKU_010,119.80593557733644,102.09196210733185,135.29606165621365,0
2023-11-05,SKU_010,128.08704312381425,111.81459206126344,145.72469867090368,0
2023-11-06,SKU_010,119.79982144343018,103.31519908348272,137.9202301812629,0
2023-11-07,SKU_010,97.17496642432911,80.49456529387143,112.86364026144913,0
2023-11-08,SKU_010,81.27185190256952,65.0670558498197,97.67359552742239,0
2023-11-09,SKU_010,80.2085136249988,64.64127257636784,95.78231491531172,0
2023-11-10,SKU_010,96.04223364785511,79.62094717150079,112.8634425579729,0
2023-11-11,SKU_010,119.3885808336532,102.86763337006205,135.87302647281615,0
2023-11-12,SKU_010,127.56526861870222,110.99832140275727,143.8924143143803,0
2023-11-13,SKU_010,119.1708868900597,101.48205450926572,136.35730116651695,0
2023-11-14,SKU_010,96.43969486168913,78.51099581715,113.17828040034566,0
2023-11-15,SKU_010,80.43466110180256,63.133292137870164,96.17172411111677,0
2023-11-16,SKU_010,79.27737200320504,62.3485981300177,96.14047207604902,0
2023-11-17,SKU_010,95.0285400466533,78.81024339254954,112.00319455871431,0
2023-11-18,SKU_010,118.30696911992733,102.14509230228263,134.2788038984519,0
2023-11-19,SKU_010,126.4333396951946,110.01434997204467,141.53886238211555,0
2023-11-20,SKU_010,118.00887233571235,101.14783511517476,134.78383544887546,0
2023-11-21,SKU_010,95.2700580080037,79.3840655879401,112.26819180924208,0
2023-11-22,SKU_010,79.28164286618572,62.55766592528967,94.85387396899812,0
2023-11-23,SKU_010,78.16649019778077,62.09441642925932,94.62317064527888,0
2023-11-24,SKU_010,93.98585813281744,77.5080874785789,108.77191973800949,0
2023-11-25,SKU_010,117.358921425272,101.28104676986759,134.47673596979374,0
2023-11-26,SKU_010,125.60596098885017,109.67132313883407,141.0446665262537,0
2023-11-27,SKU_010,117.32722022977485,100.67297952365647,133.88406288426324,0
2023-11-28,SKU_010,94.75764700616998,77.80867945886652,110.78821435627893,0
2023-11-29,SKU_010,78.9599029312129,62.78105312622458,96.59217203776593,0
2023-11-30,SKU_010,78.05426247156313,60.32747797105779,94.12807173929163,0
2023-12-01,SKU_010,94.09913389874328,77.95859431479117,111.00660239666684,0
2023-12-02,SKU_010,117.7100595880838,99.32046969422686,134.93023583640883,0
2023-12-03,SKU_010,126.20355819699921,109.50959526959765,142.3255864693595,0
2023-12-04,SKU_010,118.17586641047751,101.34721443408644,135.20411175491256,0
2023-12-05,SKU_010,95.85776744338087,79.74965793459697,112.0623404036594,0
2023-12-06,SKU_010,80.30769217972815,64.22963241542493,97.10234846312513,0
2023-12-07,SKU_010,79.64171339210557,63.242567677067804,95.8441745296095,0
2023-12-08,SKU_010,95.91416295942915,78.77011970744616,113.02928998886833,0
2023-12-09,SKU_010,119.73672735778881,103.59645010091894,136.14411288216846,0
2023-12-10,SKU_010,128.42238170689717,112.16805128710729,145.1753569585122,0
2023-12-11,SKU_010,120.5642178351693,104.60680272254756,137.39781693964736,0
2023-12-12,SKU_010,98.39035140736439,80.37541236381819,113.57154648712725,0
2023-12-13,SKU_010,82.95709198319634,67.38639628744374,99.12728099162914,0
2023-12-14,SKU_010,82.37899462433572,65.92077492676715,98.62232883024296,0
2023-12-15,SKU_010,98.70952137863016,81.17869992139828,114.29204904212341,0
2023-12-16,SKU_010,122.56016660630104,106.54817079504396,139.18383735976678,0
2023-12-17,SKU_010,131.24440544233317,114.65642430719912,147.45814038529718,0
2023-12-18,SKU_010,123.3562289987251,106.93808828895595,139.12243236878314,0
2023-12-19,SKU_010,101.12590719010157,83.42704887255127,117.32826359389118,0
2023-12-20,SKU_010,85.61225097620081,69.74636337602226,102.03324066622925,0
2023-12-21,SKU_010,84.93290536736534,67.58754209892619,101.4280033555202,0
2023-12-22,SKU_010,101.1449463338133,83.97201572439306,117.24726760172729,0
2023-12-23,SKU_010,124.86392810097442,109.05487528111763,142.04448926411274,0
2023-12-24,SKU_010,133.40774177059512,118.2755239631485,150.4031240307614,0
2023-12-25,SKU_010,125.37534205939411,107.9094390316268,141.33832406505329,0
2023-12-26,SKU_010,103.00152918164814,86.64587460534273,118.82855133663665,0
2023-12-27,SKU_010,87.3499723442377,72.01508649591243,104.83679071658679,0
2023-12-28,SKU_010,86.54309663641695,70.29273563858251,102.24449099324941,0
2023-12-29,SKU_010,102.64256530647484,85.51727025653847,118.91433831783274,0
2023-12-30,SKU_010,126.26821547325645,109.62466019196425,142.79457125186724,0
2023-12-31,SKU_010,134.74181097231082,118.25493945608125,151.0285059485834,0
2024-01-01,SKU_010,126.66567178664714,110.05806619620733,142.02653302570604,0
2024-01-02,SKU_010,104.27736958418862,87.38209455525605,121.09271477014535,0
2024-01-03,SKU_010,88.64267808831082,72.73656379985134,104.98908844151447,0
2024-01-04,SKU_010,87.88540203251969,70.92221673928486,103.85509154129001,0
2024-01-05,SKU_010,104.06781831063118,87.90354283573647,121.42155357485603,0
2024-01-06,SKU_010,127.80958859712847,111.10601371728491,144.34815667995048,0
2024-01-07,SKU_010,136.43150793050984,119.2524991536138,153.01770752241922,0
2024-01-08,SKU_010,128.53414905078108,111.51657373985373,145.82269472928857,0
2024-01-09,SKU_010,106.35259187457294,89.95215409338135,120.7599605095726,0
2024-01-10,SKU_010,90.94931957596988,75.48568128836682,108.05849598590677,0
2024-01-11,SKU_010,90.44443718978496,74.51945602182927,108.56261624433823,0
2024-01-12,SKU_010,106.89587833257171,91.3360811140571,124.72311310668199,0
2024-01-13,SKU_010,130.91852386606266,114.47807856819524,146.60246736232418,0
2024-01-14,SKU_010,139.82806144114966,122.71598349034693,156.36368489995345,0
2024-01-15,SKU_010,132.21974973459297,117.29339512073166,147.70880426217977,0
2024-01-16,SKU_010,110.32327388065775,94.14776311641073,126.25383093874207,0
2024-01-17,SKU_010,95.19587715087309,77.98618426421979,110.97240996276943,0
2024-01-18,SKU_010,94.95238837705588,79.02726101506853,111.74009709674104,0
2024-01-19,SKU_010,111.64587400406653,94.68990976354635,128.56926533248358,0
2024-01-20,SKU_010,135.88676895397626,118.30725492377567,152.2430354183394,0
2024-01-21,SKU_010,144.986845468858,128.2785344883206,161.54429767318996,0
2024-01-22,SKU_010,137.5380742893867,120.90536997556812,154.00384083451078,0
2024-01-23,SKU_010,115.76756215107818,97.66141171689574,131.23254503320695,0
2024-01-24,SKU_010,100.7307484833504,83.4568780660626,117.73858139890503,0
2024-01-25,SKU_010,100.54147905000508,83.3567264417647,117.50904438672517,0
2024-01-26,SKU_010,117.252684121411,100.45911223585908,133.78724682061912,0
2024-01-27,SKU_010,141.4755145621185,125.65687185438514,158.17252576781118,0
2024-01-28,SKU_010,150.52329472392665,134.06756089591457,166.3212670314441,0
2024-01-29,SKU_010,142.99034676399305,127.06758257445111,159.10514920514424,0
2024-01-30,SKU_010,121.10687115856184,104.65918656603156,137.6999118390443,0
2024-01-31,SKU_010,105.9320676085784,89.48729500543736,122.86768323007495,0
2024-02-01,SKU_010,105.58411587186811,88.43690492045664,121.81363277295466,0
2024-02-02,SKU_010,122.12047126353643,104.9418133201707,138.52554677685765,0
2024-02-03,SKU_010,146.15770629855,129.92126470860185,162.17566099995116,0
2024-02-04,SKU_010,155.01450941478018,138.22502456071496,171.24131257512894,0
2024-02-05,SKU_010,147.29064952285205,130.13716342813785,163.94660875527947,0
2024-02-06,SKU_010,125.22171908383763,108.58664100594638,141.7752915382413,0
2024-02-07,SKU_010,109.87211847472103,94.24862271328696,124.76001342102647,0
2024-02-08,SKU_010,109.36490464910575,93.78912307050892,125.7197534392717,0
2024-02-09,SKU_010,125.76223730232326,109.03352779504041,142.72295984756275,0
2024-02-10,SKU_010,149.68428176117135,132.64577529011822,167.02730678167669,0
2024-02-11,SKU_010,158.45293338579,142.6125546069318,175.46258640797075,0
2024-02-12,SKU_010,150.67042391400304,133.8514761087715,166.71936724246063,0
2024-02-13,SKU_010,128.57400009441486,110.86835253537168,144.8719990588027,0
2024-02-14,SKU_010,113.22886399743585,95.88858885951515,130.30009087952462,0
2024-02-15,SKU_010,112.75799921791616,96.98432721521607,129.24068299835628,0
2024-02-16,SKU_010,129.2226168365047,113.48826903029331,145.97560897685455,0
2024-02-17,SKU_010,153.24108044977277,138.00308510922588,169.64501160048664,0
2024-02-18,SKU_010,162.13267457429424,145.30362475463963,179.79676236536105,0
2024-02-19,SKU_010,154.49627580738755,138.51073704121185,171.34393993575912,0
2024-02-20,SKU_010,132.56511550900095,114.83413603420576,148.0882226259613,0
2024-02-21,SKU_010,117.39982130731775,102.5667845443333,134.174226907297,0
2024-02-22,SKU_010,117.11835911130754,100.5845382965621,132.85156111550984,0
2024-02-23,SKU_010,133.77660658145342,117.42328247777063,149.90393132194998,0
2024-02-24,SKU_010,157.98741414233845,141.5917964478376,175.139614639386,0
2024-02-25,SKU_010,167.06451439044525,151.44218410531963,183.58991526561493,0
2024-02-26,SKU_010,159.60133495488074,142.206452845461,175.86829589208367,0
2024-02-27,SKU_010,137.82590359840444,120.94203776048437,153.95791721674735,0
2024-02-28,SKU_010,122.7940219505066,104.76380999441686,138.70013251155203,0
2024-02-29,SKU_010,122.6193334269251,105.62249681699356,138.43445333162995,0
2024-03-01,SKU_010,139.354009408503,122.21725243423943,156.17723168928805,0
2024-03-02,SKU_010,163.60790758993855,146.43584861899174,180.51660226852718,0
2024-03-03,SKU_010,172.69256083890104,156.70884356527498,189.51632134052784,0
2024-03-04,SKU_010,165.20005029673004,149.64015471183424,180.76855267476637,0
2024-03-05,SKU_010,143.35794629986586,126.82921899539495,159.0483042148195,0
2024-03-06,SKU_010,128.22249983861212,111.0836808892622,143.99420150262623,0
2024-03-07,SKU_010,127.90870236478581,111.32732448447771,143.71937112672785,0
2024-03-08,SKU_010,144.47094185276794,127.62195007580408,160.51227629600606,0
2024-03-09,SKU_010,168.5221090439795,152.15652064649063,185.790560199404,0
2024-03-10,SKU_010,177.37751353454985,161.21397761356013,192.65609694862457,0
2024-03-11,SKU_010,169.6336652866775,153.42506200933525,185.45822781783352,0
2024-03-12,SKU_010,147.52310747555012,129.91851380528107,163.5378912499563,0
2024-03-13,SKU_010,132.10748614350115,115.42440021014609,148.1989465371372,0
2024-03-14,SKU_010,131.5074775785612,114.23929335009342,147.79804719870552,0
2024-03-15,SKU_010,147.78330469737116,131.4770190984378,163.30582203532887,0
2024-03-16,SKU_010,171.5536999201966,156.07946959542127,187.74826653374024,0
2024-03-17,SKU_010,180.13967784292856,163.60742110976202,196.46889681274516,0
2024-03-18,SKU_010,172.14317692905735,155.4051477075773,187.4223941230707,0
2024-03-19,SKU_010,149.80175967339258,133.268091793339,166.17840130259276,0
2024-03-20,SKU_010,134.18155923956914,117.29533316628066,150.230302628235,0
2024-03-21,SKU_010,133.40710064670125,116.56709574906753,149.57882687693936,0
2024-03-22,SKU_010,149.54172232181304,134.22090270175713,166.01025029407717,0
2024-03-23,SKU_010,173.20646596462615,156.80125542728237,189.88927169458924,0
2024-03-24,SKU_010,181.72379574192513,165.65530779250375,199.0855809921338,0
2024-03-25,SKU_010,173.69620811922155,157.0998612550978,190.8088356670744,0
2024-03-26,SKU_010,151.360922487796,134.72084594350784,167.57274650519847,0
2024-03-27,SKU_010,135.78284153367025,118.63805649676948,152.38617382279875,0
2024-03-28,SKU_010,135.08440488635,119.13558740599547,151.41984783077996,0
2024-03-29,SKU_010,151.32606901991042,135.3412512202746,168.04644434942318,0
2024-03-30,SKU_010,175.12527162800936,158.38806430877366,191.29709726545929,0
2024-03-31,SKU_010,183.80024353124443,168.09988045341316,199.95445719892854,0
2024-04-01,SKU_010,175.94872612577325,159.02169463031845,193.1318189706571,0
2024-04-02,SKU_010,153.8027816806152,137.51959750398117,170.28509551459612,0
2024-04-03,SKU_010,138.42188228680902,123.02885919026363,154.6140074164216,0
2024-04-04,SKU_010,137.92289764478878,120.92628693396628,155.27489946809118,0
2024-04-05,SKU_010,154.3607111920302,139.02559765711186,170.17690140119552,0
2024-04-06,SKU_010,178.34731929492432,161.50388316344305,194.31889207130112,0
2024-04-07,SKU_010,187.19577313100189,171.27711180849693,203.4570702053641,0
2024-04-08,SKU_010,179.49901799319917,163.32044543773253,196.49147723286418,0
2024-04-09,SKU_010,157.48481428674006,141.0700439794096,173.70606460890178,0
2024-04-10,SKU_010,142.20892330402054,124.52756391330969,159.15447432078432,0
2024-04-11,SKU_010,141.785175634147,126.68516775936222,157.94053213637653,0
2024-04-12,SKU_010,158.2661496482061,141.69666940219443,174.0363927186191,0
2024-04-13,SKU_010,182.26231428688058,166.49584003701867,200.2534254268423,0
2024-04-14,SKU_010,191.08599312796187,174.73430974495577,206.4556278073231,0
2024-04-15,SKU_010,183.33020593298164,166.63596220035126,199.08708751950806,0
2024-04-16,SKU_010,161.22357127825592,144.53687652497814,178.0308411630204,0
2024-04-17,SKU_010,145.82345430198203,128.71340815387998,163.08999794649378,0
2024-04-18,SKU_010,145.2459787040411,128.0150043104357,162.3540631734914,0
2024-04-19,SKU_010,161.54663236666968,144.6612999470896,178.3921371138918,0
2024-04-20,SKU_010,185.33932210709284,168.7405342856103,201.36864713763148,0
2024-04-21,SKU_010,193.94023885470892,177.09525608661772,210.26734724415698,0
2024-04-22,SKU_010,185.9465904888684,168.6757688055305,202.37604132167837,0
2024-04-23,SKU_010,163.59138986338496,146.30877906829696,179.2265678161443,0
2024-04-24,SKU_010,147.93648502675111,130.95780874910199,163.5647543541486,0
2024-04-25,SKU_010,147.10245396486482,131.24877740716187,162.48962749769373,0
2024-04-26,SKU_010,163.14909638122754,147.90712804002965,179.7767890781221,0
2024-04-27,SKU_010,186.69438103465842,170.3857784486247,203.82649474665538,0
2024-04-28,SKU_010,195.0582127252556,179.20119043813912,210.25875972845708,0
2024-04-29,SKU_010,186.84107867149748,169.6482640109905,201.97096936765473,0
2024-04-30,SKU_010,164.2787639624749,146.7222614991681,180.5151668264503,0
2024-05-01,SKU_010,148.43532483776727,131.86936601433933,163.71447191976128,0
2024-05-02,SKU_010,147.43294341674232,131.18827329182827,164.7965394857589,0
2024-05-03,SKU_010,163.3323972016446,147.13339896487207,180.81416771709505,0
2024-05-04,SKU_010,186.75200218347814,169.77802141362574,203.40473596190506,0
2024-05-05,SKU_010,195.01139344589217,178.44485641378913,211.6517755979537,0
2024-05-06,SKU_010,186.71020222591707,170.95815061334036,203.5295004234309,0
2024-05-07,SKU_010,164.0828184301002,147.8101427069361,180.51055433023626,0
2024-05-08,SKU_010,148.1914248187062,132.82103665555633,165.3695687940966,0
2024-05-09,SKU_010,147.15592545048483,130.08717248180963,163.52278079491927,0
2024-05-10,SKU_010,163.03449893680872,147.64673867194097,179.25960530901864,0
2024-05-11,SKU_010,186.44263286675334,170.44112270284538,202.7594446460627,0
2024-05-12,SKU_010,194.69700055448126,178.61014520026163,210.62705181931224,0
2024-05-13,SKU_010,186.39423631052136,170.81105414451804,202.57084793686178,0
2024-05-14,SKU_010,163.76579488552971,144.81555154136868,180.0093511083525,0
2024-05-15,SKU_010,147.87107942820052,131.91754346365659,163.3464099635951,0
2024-05-16,SKU_010,146.8274569144951,130.3214981621511,162.3882546735888,0
2024-05-17,SKU_010,162.69088959771483,145.45925111379123,180.12099231351036,0
2024-05-18,SKU_010,186.0750365457947,170.70154694946314,203.05570926547594,0
2024-05-19,SKU_010,194.29518455786837,178.08985289046473,211.3606510005234,0
2024-05-20,SKU_010,185.94706318711255,169.84451879557886,202.1323083381331,0
2024-05-21,SKU_010,163.26172847205675,146.6818156467297,180.00570178373897,0
2024-05-22,SKU_010,147.2986991239056,131.2931598680984,162.82365307109416,0
2024-05-23,SKU_010,146.17596400001278,130.88138481945245,162.56184418085417,0
2024-05-24,SKU_010,161.9505897537586,144.28053371510475,179.15758640611557,0
2024-05-25,SKU_010,185.23778352350996,168.44378610183892,201.03821195423546,0
2024-05-26,SKU_010,193.3547711770018,177.46048403111638,209.68168853360805,0
2024-05-27,SKU_010,184.89954746042625,167.741726561513,202.16924773276446,0
2024-05-28,SKU_010,162.10568461562033,144.94170874959636,180.0652020079141,0
2024-05-29,SKU_010,146.03538543503907,129.36955899105902,162.31780090396808,0
2024-05-30,SKU_010,144.8094022209597,127.06260206086424,160.5672097929355,0
2024-05-31,SKU_010,160.48755284352103,144.14566443563587,176.57943918363287,0
2024-06-01,SKU_010,183.68769178798377,167.01980715030757,198.58249720742833,0
2024-06-02,SKU_010,191.72949925070472,175.23601620286482,207.01689920413375,0
2024-06-03,SKU_010,183.21314729426007,167.74534662819806,200.76144391986412,0
2024-06-04,SKU_010,160.37403210393424,143.42314048094082,176.28050085371552,0
2024-06-05,SKU_010,144.2757606061615,127.43915892528436,159.75000912674943,0
2024-06-06,SKU_010,143.04001473235255,126.56136631124387,159.0446578193899,0
2024-06-07,SKU_010,158.72702648182963,141.95278598345007,175.15266540709425,0
2024-06-08,SKU_010,181.9545226103136,166.88838664966957,198.7516875698118,0
2024-06-09,SKU_010,190.04150300211904,172.76408436246973,205.66206919888657,0
2024-06-10,SKU_010,181.58691210295416,165.2042841472294,198.00796817918274,0
2024-06-11,SKU_010,158.82439240338147,142.32565740216873,174.88954582414453,0
2024-06-12,SKU_010,142.8153077323567,126.66104834365214,157.6555626092948,0
2024-06-13,SKU_010,141.67865870875238,125.01312248147744,158.29534898574784,0
2024-06-14,SKU_010,157.4716221620848,140.20196455448476,172.76379191309033,0
2024-06-15,SKU_010,180.8085716340455,163.22075009084986,197.75476202391314,0
2024-06-16,SKU_010,189.00494098482815,172.32347165273276,205.23341833574352,0
2024-06-17,SKU_010,180.655988176781,164.85287005573474,196.69042886523704,0
2024-06-18,SKU_010,157.99164572378956,141.2891382760619,173.97881098834614,0
2024-06-19,SKU_010,142.0696429254096,125.24306874624274,157.12956132211482,0
2024-06-20,SKU_010,141.00551953620732,123.81108878235747,157.44668076774474,0
2024-06-21,SKU_010,156.85325997775095,140.84168643772756,173.39878577513647,0
2024-06-22,SKU_010,180.22440269351077,162.95573925487713,196.65723799517045,0
2024-06-23,SKU_010,188.43198405143167,171.98545515310823,204.5517653585702,0
2024-06-24,SKU_010,180.06937182436772,164.52090358983597,196.27049815800723,0
2024-06-25,SKU_010,157.36517271262872,141.0660848945235,173.74392893299586,0
2024-06-26,SKU_010,141.37639744490735,125.51970393476653,157.4215637250074,0
2024-06-27,SKU_010,140.2185018860425,124.05462931708794,156.44026408093254,0
2024-06-28,SKU_010,155.9460324654249,138.52750261232174,172.582948533206,0
2024-06-29,SKU_010,179.17173005816724,162.55183979067994,195.78501616341364,0
2024-06-30,SKU_010,187.21045196394894,171.22245953566787,202.98245988967597,0
2024-07-01,SKU_010,178.65796733729283,162.55404019236883,195.10780480426286,0
2024-07-02,SKU_010,155.74581154859746,138.89020127331668,171.84705358828234,0
2024-07-03,SKU_010,139.53438432195065,122.4592736974438,156.11022161863946,0
2024-07-04,SKU_010,138.14291176524384,120.69016465131143,153.48437578211377,0
2024-07-05,SKU_010,153.63000261649375,137.32144334990267,169.78000443554023,0
2024-07-06,SKU_010,176.61265510814616,160.00913619628935,193.5741631135626,0
2024-07-07,SKU_010,184.4100765705013,167.71973695188598,202.11176235794892,0
2024-07-08,SKU_010,175.6223737386589,159.38383330513494,192.537637540836,0
2024-07-09,SKU_010,152.48530192629187,136.4147058249102,169.22441275601824,0
2024-07-10,SKU_010,136.06326058837917,119.96937753486496,153.01098123142594,0
2024-07-11,SKU_010,134.47915799942592,117.6365887259776,150.66604410623685,0
2024-07-12,SKU_010,149.7948778352741,132.48274579319627,166.34642549135305,0
2024-07-13,SKU_010,172.63020632913103,157.20672055315902,188.8806219722417,0
2024-07-14,SKU_010,180.30658412300113,164.39407272233152,196.69370947690618,0
2024-07-15,SKU_010,171.42574247321502,154.82965254841287,186.3342662193467,0
2024-07-16,SKU_010,148.224413318944,132.5704067588741,165.32401274855155,0
2024-07-17,SKU_010,131.76730167009018,115.52797056633348,148.65524806709726,0
2024-07-18,SKU_010,130.17694360470523,113.9651010871531,147.1490636036499,0
2024-07-19,SKU_010,145.51418277917992,129.48809812739623,162.81055227371348,0
2024-07-20,SKU_010,168.3971238267402,150.805363250586,185.02284354145985,0
2024-07-21,SKU_010,176.14492606126805,159.6807729723663,191.9087589073564,0
2024-07-22,SKU_010,167.35649605222628,149.87978951724546,184.42343150031422,0
2024-07-23,SKU_010,144.26526711770782,127.63354424208237,161.62665954770094,0
2024-07-24,SKU_010,127.93225244232501,111.18706821392071,144.91831310941853,0
2024-07-25,SKU_010,126.47599304942305,110.33175273064809,142.8100663690419,0
2024-07-26,SKU_010,141.9531312842398,125.22476673228388,159.11825227573033,0
2024-07-27,SKU_010,164.97746576743762,148.53014002604326,182.02433167813922,0
2024-07-28,SKU_010,172.86384872708774,156.34719099945576,188.9615009424305,0
2024-07-29,SKU_010,164.2069817349148,147.20973284689643,181.7786568465979,0
2024-07-30,SKU_010,141.23629538727624,125.55575472555716,157.60769161384965,0
2024-07-31,SKU_010,125.00909722678229,108.06888590880536,140.50169877976705,0
2024-08-01,SKU_010,123.64060687811414,106.95956563289887,139.5705953474,0
2024-08-02,SKU_010,139.18460700841803,122.97093457292614,155.28874033296012,0
2024-08-03,SKU_010,162.2525642837503,145.91256859805696,179.0370856060652,0
2024-08-04,SKU_010,170.15757973878502,152.85893701182516,186.01504331609135,0
2024-08-05,SKU_010,161.49322343194234,143.2618264800088,178.0525143606255,0
2024-08-06,SKU_010,138.48843812290173,121.90567254001236,154.66639620452926,0
2024-08-07,SKU_010,122.20069583056919,106.05203522403285,140.141500562439,0
2024-08-08,SKU_010,120.74602624713795,103.6205433808725,136.49205258293753,0
2024-08-09,SKU_010,136.1796458293328,118.68826157225062,152.57270509685597,0
2024-08-10,SKU_010,159.11504252683946,144.48674512586345,174.89612267724186,0
2024-08-11,SKU_010,166.86787652731834,150.83461214672946,183.39314300457454,0
2024-08-12,SKU_010,158.03475322255653,142.30371694296483,174.40041862274418,0
2024-08-13,SKU_010,134.84805472481028,118.44425735512316,152.49226722004593,0
2024-08-14,SKU_010,118.36901562065927,102.07063795549738,134.1710768273279,0
2024-08-15,SKU_010,116.7176638780598,99.19285030617952,134.04742944173753,0
2024-08-16,SKU_010,131.95335795896398,115.49489682391413,147.88956191288057,0
2024-08-17,SKU_010,154.69377718404837,137.7573817320265,171.76734823511225,0
2024-08-18,SKU_010,162.25872799617767,145.54396550829716,179.33127326442488,0
2024-08-19,SKU_010,153.24882449534675,136.8654430427267,170.73819521528347,0
2024-08-20,SKU_010,129.90023166671685,112.9644805106244,147.3484981741814,0
2024-08-21,SKU_010,113.2776589472362,96.86326290531544,129.23944691811883,0
2024-08-22,SKU_010,111.50422682665362,95.2580117603769,127.47252479737746,0
2024-08-23,SKU_010,126.64193909903074,109.3642175083171,142.9551025109154,0
2024-08-24,SKU_010,149.31061912638782,133.31668293194227,165.17170588161983,0
2024-08-25,SKU_010,156.83167380301862,141.4335024144199,172.77649848891699,0
2024-08-26,SKU_010,147.8067443413069,131.71661698131516,164.41202377690524,0
2024-08-27,SKU_010,124.47243275049155,108.75473338241235,142.49942195467602,0
2024-08-28,SKU_010,107.89329179344966,91.02937416161961,124.39211242122012,0
2024-08-29,SKU_010,106.1917009600356,90.63152953494307,122.748673665619,0
2024-08-30,SKU_010,121.4283606249313,105.37248933939853,137.8214660819666,0
2024-08-31,SKU_010,144.2212620317758,127.8300022978768,160.75699909041913,0
2024-09-01,SKU_010,151.88949582671313,134.97063198567486,169.54495787483052,0
2024-09-02,SKU_010,143.03195707626287,126.8321466352739,159.8391960784735,0
2024-09-03,SKU_010,119.88213427164483,104.54207749137476,135.87939396066673,0
2024-09-04,SKU_010,103.50116858585776,87.19649092249064,120.11302493042886,0
2024-09-05,SKU_010,102.0078042932572,85.93146078449261,119.08388779882992,0
2024-09-06,SKU_010,117.45896082162177,102.75527950803081,133.52288235780082,0
2024-09-07,SKU_010,140.4687823484029,124.56463905610664,156.23650584108682,0
2024-09-08,SKU_010,148.3525259462326,132.09080405927568,165.6416985000234,0
2024-09-09,SKU_010,139.70534453902934,123.37549455641174,156.68910725086806,0
2024-09-10,SKU_010,116.75715058015712,99.79747445958544,132.90880390528636,0
2024-09-11,SKU_010,100.56574524326821,84.10440888618565,116.52702265862884,0
2024-09-12,SKU_010,99.24683269799914,83.52046354394244,115.48045456425899,0
2024-09-13,SKU_010,114.85464877316102,99.67794420704443,131.18747882663743,0
2024-09-14,SKU_010,138.00105893202593,121.33929186104295,154.95500151343472,0
2024-09-15,SKU_010,145.99948577824537,129.91632248684772,161.34016658593126,0
2024-09-16,SKU_010,137.44372177381555,121.9073102425677,153.48085400419015,0
2024-09-17,SKU_010,114.56281271239615,96.71494509973168,131.91464107097636,0
2024-09-18,SKU_010,98.41419658149503,80.8791041838802,114.50501494037825,0
2024-09-19,SKU_010,97.11371743427881,80.26946511812159,113.02300575649316,0
2024-09-20,SKU_010,112.71624381923887,96.74704521884559,130.11894062240233,0
2024-09-21,SKU_010,135.8347471221159,119.01348220681102,151.1316665185195,0
2024-09-22,SKU_010,143.78420063435698,128.14581828490708,160.71980935799442,0
2024-09-23,SKU_010,135.16035577965116,119.64169603645365,151.24664411329468,0
2024-09-24,SKU_010,112.19458191471988,95.62312326226173,127.90348587729761,0
2024-09-25,SKU_010,95.94695532310914,79.26639653445599,112.11459107873463,0
2024-09-26,SKU_010,94.53621808958195,78.2340237442505,110.0582914326431,0
2024-09-27,SKU_010,110.02033753318855,93.31173473550321,126.6807449305939,0
2024-09-28,SKU_010,133.01552271996044,118.09291909074096,150.027931505313,0
2024-09-29,SKU_010,140.8400600546697,123.11492168668346,156.24628135528098,0
2024-09-30,SKU_010,132.0930255618093,115.63335853077454,147.76406880693875,0
2024-10-01,SKU_010,109.00906142703361,92.14201436145134,125.58669168662372,0
2024-10-02,SKU_010,92.65140352914557,76.96046893917033,109.83978328749939,0
2024-10-03,SKU_010,91.14178170506423,74.34503657859624,107.25203911272956,0
2024-10-04,SKU_010,106.54092440213778,89.26345018028213,122.62587849331946,0
2024-10-05,SKU_010,129.4675251351319,112.26995905263306,144.25529062026516,0
2024-10-06,SKU_010,137.2420335425724,120.64724222723076,153.76542366361332,0
2024-10-07,SKU_010,128.46532934471915,112.03579743942618,144.47625618435256,0
2024-10-08,SKU_010,105.37346735454037,88.4300140172444,121.94649616946057,0
2024-10-09,SKU_010,89.03068073494981,72.1756940619789,104.20633257837002,0
2024-10-10,SKU_010,87.55926458786548,70.93337997816919,104.01096244651085,0
2024-10-11,SKU_010,103.02007175059154,86.02680599363357,119.0080665110109,0
2024-10-12,SKU_010,126.03147831524723,109.25272430257046,143.0197794452054,0
2024-10-13,SKU_010,133.913181643141,117.84177705717771,151.61636616767052,0
2024-10-14,SKU_010,125.26488903146844,109.06732921756581,141.87612742013545,0
2024-10-15,SKU_010,102.32108492545211,85.35289030329926,118.58912381274534,0
2024-10-16,SKU_010,86.14406349274272,70.9201031690035,102.04079764932423,0
2024-10-17,SKU_010,84.85384816424867,68.42498134623881,100.68456173024393,0
2024-10-18,SKU_010,100.5087294310927,83.18309348093214,116.28832328391482,0
2024-10-19,SKU_010,123.72427773079495,108.09083467304166,141.2229486218565,0
2024-10-20,SKU_010,131.81719342534078,114.72815419193904,148.34959367792294,0
2024-10-21,SKU_010,123.38405117702669,106.64708800057853,141.38615583316783,0
2024-10-22,SKU_010,100.65612569591711,83.68273457816602,117.52319236070528,0
2024-10-23,SKU_010,84.69248469563799,67.95815064277241,99.52644182264902,0
2024-10-24,SKU_010,83.60996963799317,66.31286554253388,99.86848897462409,0
2024-10-25,SKU_010,99.46379449371847,82.30027001934671,115.7973735633925,0
2024-10-26,SKU_010,122.86661827810873,107.13697059136322,139.65469276171117,0
2024-10-27,SKU_010,131.13245228167344,115.02805779356869,147.24055771642986,0
2024-10-28,SKU_010,122.85545823570904,105.58909581236426,139.00918649489336,0
2024-10-29,SKU_010,100.26482335101907,83.41150722994463,117.58497526524488,0
2024-10-30,SKU_010,84.41789708282619,67.72629805346558,100.9002698593194,0
2024-10-31,SKU_010,83.43020928321909,66.94402037268983,100.10927305923643,0
2024-11-01,SKU_010,99.35609914190943,83.41474619781928,116.22048813869426,0
2024-11-02,SKU_010,122.80780994895218,106.24586111769996,139.44141783555773,0
2024-11-03,SKU_010,131.09941000132642,114.57246419712128,145.64243741763315,0
2024-11-04,SKU_010,122.8255954321816,106.51992776863098,140.242843197739,0
2024-11-05,SKU_010,100.2165605998391,84.62862367878486,115.9052409230042,0
2024-11-06,SKU_010,84.33112075143032,68.3931354519515,100.55154825112432,0
2024-11-07,SKU_010,83.28670666713649,67.4718568204108,99.1823508315556,0
2024-11-08,SKU_010,99.13996091428896,82.02149364651027,115.37214520163671,0
2024-11-09,SKU_010,122.50579116461543,106.24251888999538,139.0281778577161,0
2024-11-10,SKU_010,130.7012415033176,113.79525561510859,147.65424373371783,0
2024-11-11,SKU_010,122.32423830706577,105.56650885745434,138.61580886591773,0
2024-11-12,SKU_010,99.60839729704503,83.48673012594575,115.63631973517847,0
2024-11-13,SKU_010,83.61607762166079,66.40063660088659,99.37194300634643,0
2024-11-14,SKU_010,82.46830395948948,66.05079054868511,99.67492591048877,0
2024-11-15,SKU_010,98.22528768501685,81.85400675162674,114.11581098621572,0
2024-11-16,SKU_010,121.50540406296605,104.6743229626202,140.17516883979434,0
2024-11-17,SKU_010,129.62898798782444,113.70458662623399,147.36318839020143,0
2024-11-18,SKU_010,121.19700647178205,103.61856347834801,137.36623575542325,0
2024-11-19,SKU_010,98.44579612090742,82.90584839542521,114.4161668352139,0
2024-11-20,SKU_010,82.44005305694182,65.77167757823278,98.69687990309333,0
2024-11-21,SKU_010,81.30269781084633,65.33771080224243,97.35928682886805,0
2024-11-22,SKU_010,97.09534766100082,80.33269375694276,113.03773177835022,0
2024-11-23,SKU_010,120.43725467069437,104.57664087470013,137.36367524238779,0
2024-11-24,SKU_010,128.64907305395917,111.33075989938732,146.5529055327712,0
2024-11-25,SKU_010,120.33151497671653,102.93638510819306,136.6145027149092,0
2024-11-26,SKU_010,97.72008369937042,82.19784842843939,114.14636321540742,0
2024-11-27,SKU_010,81.8780719255805,65.7290487524692,99.097683883117,0
2024-11-28,SKU_010,80.9264480071592,64.7891384870353,96.63628799388898,0
2024-11-29,SKU_010,96.924362315004,79.98105157449193,112.88267864878611,0
2024-11-30,SKU_010,120.48813156625414,104.12040213093243,136.37707038562166,0
2024-12-01,SKU_010,128.9350639755587,112.94291663165066,145.86203321336342,0
2024-12-02,SKU_010,120.862183292511,104.58856937717603,136.8915673768461,0
2024-12-03,SKU_010,98.5010393079702,82.90112998764617,113.33517695015628,0
2024-12-04,SKU_010,82.91079112679834,66.3229318966536,98.54637100122778,0
2024-12-05,SKU_010,82.20818406806154,65.3430045691511,97.89785886910151,0
2024-12-06,SKU_010,98.44815053217113,81.60236220982958,114.76534714846682,0
2024-12-07,SKU_010,122.24289051359708,105.94790716805619,139.22148678212218,0
2024-12-08,SKU_010,130.90579242356574,113.55230129410175,147.4965289289856,0
2024-12-09,SKU_010,123.03025003691864,106.68610040252064,138.55802951344148,0
2024-12-10,SKU_010,100.84456091046943,84.01298989406331,118.16069648686417,0
2024-12-11,SKU_010,85.4050903989473,69.88792329259883,101.30931082145753,0
2024-12-12,SKU_010,84.82632008121436,68.07767798738378,100.74183290486393,0
2024-12-13,SKU_010,101.16150905617236,84.74104757521404,118.00917222542986,0
2024-12-14,SKU_010,125.02182213688616,108.96217480552865,141.2540937877917,0
2024-12-15,SKU_010,133.72028422247575,116.07503073882525,149.71368213125191,0
2024-12-16,SKU_010,125.8506155895477,108.32944835574328,140.9046588802656,0
2024-12-17,SKU_010,103.6421327222347,85.448664161928,120.98767784053706,0
2024-12-18,SKU_010,88.15289844880787,71.91548292746859,104.98860138234797,0
2024-12-19,SKU_010,87.49974022726559,71.79929865521717,103.7311105843558,0
2024-12-20,SKU_010,103.73886546474802,87.52560528691372,120.15550701377629,0
2024-12-21,SKU_010,127.48492871849608,110.66624561398933,144.38990573010122,0
2024-12-22,SKU_010,136.05491125997384,118.79808390058616,151.51849837127003,0
2024-12-23,SKU_010,128.04686930422577,111.95049020078767,144.64869795428632,0
2024-12-24,SKU_010,105.69473741702578,91.01518740416279,122.28079343981636,0
2024-12-25,SKU_010,90.06137304492748,73.508138405897,106.5277014142124,0
2024-12-26,SKU_010,89.26846343173585,72.88486898127861,106.13841349570171,0
2024-12-27,SKU_010,105.3770264103114,88.79812136130322,121.5281498898483,0
2024-12-28,SKU_010,129.0063626437771,111.17460289595543,146.15186345172697,0
2024-12-29,SKU_010,137.4778225830666,121.42388964873552,154.4242387883315,0
2024-12-30,SKU_010,129.39344721425965,112.39676379117945,145.92479883294072,0
2024-12-31,SKU_010,106.99067180015709,90.21812486949017,123.74360406758511,1
2025-01-01,SKU_010,91.33528110208354,76.41409647095925,107.84514679552926,1
2025-01-02,SKU_010,90.55123966975363,73.37292757071282,108.75226520576271,1
2025-01-03,SKU_010,106.70113073477214,90.49836376051243,122.67382497986861,1
2025-01-04,SKU_010,130.4050629918376,112.9802539277173,146.25078569438992,1
2025-01-05,SKU_010,138.98440986427048,123.15091284084126,156.09377674989946,1
2025-01-06,SKU_010,131.04044123217392,113.48321942194261,147.22933200291442,1
2025-01-07,SKU_010,108.80903728156932,93.38193988756342,127.03313554470792,1
2025-01-08,SKU_010,93.35367294574215,77.6986374952702,109.89778545392838,1
2025-01-09,SKU_010,92.79529603154057,76.96486910428112,109.87474424369377,1
2025-01-10,SKU_010,109.19283160516764,93.80607798601477,126.08772457513908,1
2025-01-11,SKU_010,133.1621705033733,116.75043096592371,149.36979037393965,1
2025-01-12,SKU_010,142.0200047272064,125.95709638752112,158.02624308820583,1
2025-01-13,SKU_010,134.36256747399224,117.6032657516173,150.28409710246768,1
2023-01-01,SKU_011,112.02864813393666,96.84178220398834,128.28407513859676,0
2023-01-02,SKU_011,106.93557220831318,90.88775610468713,122.66828307540752,0
2023-01-03,SKU_011,87.30567828066631,69.73099604150502,103.56988930606884,0
2023-01-04,SKU_011,76.32134295891079,61.03283180095167,91.56625840892809,0
2023-01-05,SKU_011,77.69415565551891,61.258627005342454,93.65390787709993,0
2023-01-06,SKU_011,92.43677971795262,76.6618270376448,107.29950763806441,0
2023-01-07,SKU_011,110.07440082353969,94.26480469855456,127.3752918577563,0
2023-01-08,SKU_011,120.3083183178195,104.43126651176544,136.39137620554283,0
2023-01-09,SKU_011,114.479743879543,98.70144541836996,129.26084533950723,0
2023-01-10,SKU_011,94.02657959655485,77.90088547659124,109.16077400559134,0
2023-01-11,SKU_011,82.15300982021658,66.91461649877587,98.07532482810966,0
2023-01-12,SKU_011,82.59390358981035,67.60000626526717,98.9707049419832,0
2023-01-13,SKU_011,96.38606124706818,80.63000161917846,112.69533817846298,0
2023-01-14,SKU_011,113.07902835431697,96.98060191084949,128.83221376892877,0
2023-01-15,SKU_011,122.39804986128524,106.95275669548195,137.75845844059572,0
2023-01-16,SKU_011,115.70724618746533,100.12944914331018,131.6792800655348,0
2023-01-17,SKU_011,94.46580011692414,79.33555114868115,110.36168875337873,0
2023-01-18,SKU_011,81.89700475750229,65.45254940768257,96.6457533566315,0
2023-01-19,SKU_011,81.75218386837504,66.14368594294353,98.28525712974985,0
2023-01-20,SKU_011,95.0815309210965,80.32297238535672,110.77788030328237,0
2023-01-21,SKU_011,111.44460063545984,96.08935504514731,125.97187485642542,0
2023-01-22,SKU_011,120.57303416238445,104.63832950986371,136.51619385183952,0
2023-01-23,SKU_011,113.8336051857559,98.58285053981272,129.80761407219475,0
2023-01-24,SKU_011,92.68437868169156,76.34862417805431,108.30608632629576,0
2023-01-25,SKU_011,80.34383260623179,65.06349156284047,95.24403293800285,0
2023-01-26,SKU_011,80.5549509730617,64.21671191131635,96.70132885823584,0
2023-01-27,SKU_011,94.3563292396468,78.69323698017766,108.69427902101813,0
2023-01-28,SKU_011,111.29301758801705,95.49416310920584,127.01832731790597,0
2023-01-29,SKU_011,121.07967292444957,105.0069525470356,136.4999533643104,0
2023-01-30,SKU_011,115.06409446792107,99.00514246460921,130.75811559371763,0
2023-01-31,SKU_011,94.6839206284514,80.16069876286032,111.0538650795541,0
2023-02-01,SKU_011,83.13632215559835,66.73641935037149,98.31826708845021,0
2023-02-02,SKU_011,84.1426839748296,68.00580577933302,99.36368008961509,0
2023-02-03,SKU_011,98.72030011643677,82.06485535673232,115.02482910575996,0
2023-02-04,SKU_011,116.39379108920812,100.45217390961214,131.33603379878616,0
2023-02-05,SKU_011,126.85879874328569,110.9257301350871,142.54903888327473,0
2023-02-06,SKU_011,121.44601877582942,105.43622317737618,137.9882079243355,0
2023-02-07,SKU_011,101.57833527851488,86.20131864551472,117.93212252429394,0
2023-02-08,SKU_011,90.44088079202311,72.95388002436013,107.23037043933094,0
2023-02-09,SKU_011,91.74600486822314,77.24792171855465,106.87247312929668,0
2023-02-10,SKU_011,106.50516847528573,90.62203308200564,122.26790715528594,0
2023-02-11,SKU_011,124.24046905595947,108.21225233856588,139.71954692852415,0
2023-02-12,SKU_011,134.64834937882577,118.50401539329957,150.93514767906123,0
2023-02-13,SKU_011,129.06355109628177,113.25156286668764,145.700448916389,0
2023-02-14,SKU_011,108.91608079243888,94.48969194348504,125.53906026398468,0
2023-02-15,SKU_011,97.40101787051098,81.45273830518688,113.20965824664944,0
2023-02-16,SKU_011,98.24315547948498,82.4973725578483,114.78603435548786,0
2023-02-17,SKU_011,112.46850206604637,97.48114971784119,129.1305871718436,0
2023-02-18,SKU_011,129.6153603768737,115.65822970965105,147.27242788544206,0
2023-02-19,SKU_011,139.39755035832871,125.14616432828953,156.34724418988756,0
2023-02-20,SKU_011,133.16785138207626,118.09479744303403,149.8878796720702,0
2023-02-21,SKU_011,112.37444636701386,97.2693470138232,127.86447058134065,0
2023-02-22,SKU_011,100.23021228430267,84.44821460385998,115.98655796569714,0
2023-02-23,SKU_011,100.47686298567568,84.82311983403108,116.56250960900145,0
2023-02-24,SKU_011,114.15598597204024,98.75877521199293,129.54710778855932,0
2023-02-25,SKU_011,130.81970281373577,114.98128859349247,146.06105665697342,0
2023-02-26,SKU_011,140.19353115448124,124.80432883350973,156.79119498043272,0
2023-02-27,SKU_011,133.63953319063083,119.11882451868871,148.36074849448278,0
2023-02-28,SKU_011,112.6125408827852,97.00527958901985,130.636876110709,0
2023-03-01,SKU_011,100.32930758998847,84.47729426811696,116.86214483482372,0
2023-03-02,SKU_011,100.53259496345638,85.31257628941378,115.81184636264553,0
2023-03-03,SKU_011,114.26223714253719,98.35642493696253,129.7648977243671,0
2023-03-04,SKU_011,131.06590994755626,116.46298711760983,146.5361262316551,0
2023-03-05,SKU_011,140.6621786256995,125.45278686043152,156.89989027041443,0
2023-03-06,SKU_011,134.40390245903004,119.10121963653202,150.7210795765145,0
2023-03-07,SKU_011,113.73477791799505,98.71289516065521,129.6434224264796,0
2023-03-08,SKU_011,101.85885975827892,86.29695661467302,116.94298814254702,0
2023-03-09,SKU_011,102.50505720773498,87.2374107572391,118.06413126023548,0
2023-03-10,SKU_011,116.6986345575606,101.06963951260653,132.7230628812042,0
2023-03-11,SKU_011,133.97243047070484,116.75369223649956,149.49244022475798,0
2023-03-12,SKU_011,144.03035593488192,128.59204212917254,159.88529269514194,0
2023-03-13,SKU_011,138.21123571354173,122.41791282747538,154.64210739048806,0
2023-03-14,SKU_011,117.94576198097772,101.9188883229376,133.50259175644078,0
2023-03-15,SKU_011,106.42638772728174,90.09919163085345,121.75370599812723,0
2023-03-16,SKU_011,107.37214621905039,91.54003421626761,122.76313926916062,0
2023-03-17,SKU_011,121.80041681339094,105.334264884109,138.1769573288477,0
2023-03-18,SKU_011,139.23834416845673,124.00515502682184,155.40889412703262,0
2023-03-19,SKU_011,149.38646557696663,133.94046089211173,164.35328085446196,0
2023-03-20,SKU_011,143.58260824600848,128.0873348270258,160.77576067354732,0
2023-03-21,SKU_011,123.25882453737366,107.66645964935624,139.72929347873588,0
2023-03-22,SKU_011,111.6111940978392,95.65680742748343,127.15020358381443,0
2023-03-23,SKU_011,112.36448303600983,96.9977192595909,128.24368067589515,0
2023-03-24,SKU_011,126.54368613486841,111.8467351792798,141.82895761285644,0
2023-03-25,SKU_011,143.68516681028834,127.35943083948303,161.03667895745775,0
2023-03-26,SKU_011,153.49995882079745,137.04660294415302,168.78000776461752,0
2023-03-27,SKU_011,147.337302170535,131.90199672806781,162.99810689374158,0
2023-03-28,SKU_011,126.64119283721026,110.86934317379159,142.09100085017118,0
2023-03-29,SKU_011,114.61978751926893,99.23650498893132,129.97101078300193,0
2023-03-30,SKU_011,115.00966608734524,99.37371683167433,131.57401812320808,0
2023-03-31,SKU_011,128.84699014030377,112.85129004524563,144.16491413650166,0
2023-04-01,SKU_011,145.6782842907249,130.0829136815717,160.97356582698325,0
2023-04-02,SKU_011,155.22341524483093,140.7439331230583,170.4694287279075,0
2023-04-03,SKU_011,148.83885098691107,132.67542749562287,163.96210478777712,0
2023-04-04,SKU_011,127.9739880854598,111.56284990656864,144.5633608926574,0
2023-04-05,SKU_011,115.8403949674548,100.62070595639413,131.4115999648976,0
2023-04-06,SKU_011,116.17597856009529,100.42478759150836,131.60209167594667,0
2023-04-07,SKU_011,130.01611537669626,113.90329906770599,145.32813597457545,0
2023-04-08,SKU_011,146.90447417579833,131.7710239574401,163.26723385213825,0
2023-04-09,SKU_011,156.55610364580622,141.09217098440658,172.53551340336907,0
2023-04-10,SKU_011,150.3208637165369,135.09548655700328,166.63405619787915,0
2023-04-11,SKU_011,129.63998284318797,113.96753016802356,145.13972251019732,0
2023-04-12,SKU_011,117.71558165220631,102.90264978837341,134.3997048124585,0
2023-04-13,SKU_011,118.27516135346097,103.08378219252073,134.73622518721749,0
2023-04-14,SKU_011,132.3430877015769,115.1275141350596,148.13977422576446,0
2023-04-15,SKU_011,149.4517864321647,133.94081232978868,165.1301587471844,0
2023-04-16,SKU_011,159.30521178838808,143.0168679340998,175.78227502299765,0
2023-04-17,SKU_011,153.24265467404066,137.09133272034197,169.84427825118604,0
2023-04-18,SKU_011,132.69566084661534,115.13032654981043,147.99641051860496,0
2023-04-19,SKU_011,120.85788810177465,105.12848934907235,136.23008814744387,0
2023-04-20,SKU_011,121.44989026770584,105.62846255367849,136.97842096609114,0
2023-04-21,SKU_011,135.4908493776117,120.1515444909637,151.20892700883576,0
2023-04-22,SKU_011,152.50996399223772,138.08216957998263,167.7529072437939,0
2023-04-23,SKU_011,162.210049040288,146.38387136670468,177.47028976905617,0
2023-04-24,SKU_011,155.9314093592963,140.72295804022804,171.48237917698995,0
2023-04-25,SKU_011,135.10875502838203,118.57836714066063,150.9047708530821,0
2023-04-26,SKU_011,122.94098722345089,107.4177615088295,139.04094765706031,0
2023-04-27,SKU_011,123.15584430307693,108.58579282318296,139.3489341967987,0
2023-04-28,SKU_011,136.78143343828566,120.50479768328994,152.93413091880325,0
2023-04-29,SKU_011,153.35736169492048,137.0769778034444,169.63355959824912,0
2023-04-30,SKU_011,162.59802929780332,147.57013706833624,178.18932221260374,0
2023-05-01,SKU_011,155.85615699311134,141.06622008809458,171.65911738099277,0
2023-05-02,SKU_011,134.57932546404504,118.41279744937674,150.0000956923543,0
2023-05-03,SKU_011,121.97936717862785,105.81241289859894,137.06131780999792,0
2023-05-04,SKU_011,121.79661228218112,105.63482720339788,137.07395861498335,0
2023-05-05,SKU_011,135.07102604852835,119.47196085494318,150.65345465030038,0
2023-05-06,SKU_011,151.35296380640133,134.73159569480407,166.42904721217892,0
2023-05-07,SKU_011,160.36611791978757,144.56247809642147,175.836899044573,0
2023-05-08,SKU_011,153.47073889577828,138.0498694502129,168.93056928268837,0
2023-05-09,SKU_011,132.11991868365777,117.14449048430463,147.84113016377148,0
2023-05-10,SKU_011,119.52878434567855,103.85925071002286,135.66616196492578,0
2023-05-11,SKU_011,119.43861014081104,103.39350906808731,135.46093947147946,0
2023-05-12,SKU_011,132.88789000197843,119.01399480515134,148.69328845320558,0
2023-05-13,SKU_011,149.42309874549517,134.35177393320274,165.74143937085495,0
2023-05-14,SKU_011,158.7617168897442,144.39954471236013,175.52986368756473,0
2023-05-15,SKU_011,152.25559932035088,136.98177050786776,167.5641190354072,0
2023-05-16,SKU_011,131.34747194049055,115.90666833378425,147.31295869840932,0
2023-05-17,SKU_011,119.24039858589744,103.69666907860642,135.02357722284606,0
2023-05-18,SKU_011,119.66221854211597,104.33940342442109,135.42447339378654,0
2023-05-19,SKU_011,133.63698736072644,117.84295848171188,150.1177473974189,0
2023-05-20,SKU_011,150.6961387216993,134.83612796050198,167.12469923084393,0
2023-05-21,SKU_011,160.5419306336778,143.87326879200205,175.60183364026477,0
2023-05-22,SKU_011,154.5112439630861,138.37148997788316,171.34915813025876,0
2023-05-23,SKU_011,134.03250492857202,117.92138621553931,150.3567741500617,0
2023-05-24,SKU_011,122.2955613260742,107.83347905453267,137.24597098386815,0
2023-05-25,SKU_011,123.01650087590674,107.00558238565436,140.29411526861028,0
2023-05-26,SKU_011,137.2094331509375,121.29685346573177,152.50694914607243,0
2023-05-27,SKU_011,154.39794277103792,138.09331998698096,170.59698103572845,0
2023-05-28,SKU_011,164.27876851681674,149.36151629744833,180.71820559493509,0
2023-05-29,SKU_011,158.1857694126214,142.10780627254334,174.58246664093213,0
2023-05-30,SKU_011,137.54694433498528,121.93498232940539,153.60885576002818,0
2023-05-31,SKU_011,125.55433196878714,108.86370701154775,140.51135816243635,0
2023-06-01,SKU_011,125.92877857800812,108.8322359423858,141.10147750114533,0
2023-06-02,SKU_011,139.6915963809883,123.45567997509983,154.43623186004478,0
2023-06-03,SKU_011,156.3758236387715,141.19743894558982,172.36658591373393,0
2023-06-04,SKU_011,165.68964656858918,149.8221904150237,181.78697767120892,0
2023-06-05,SKU_011,158.98005146169209,143.76930687952512,174.8908168439467,0
2023-06-06,SKU_011,137.68948254628873,122.7669560360975,153.7421925179279,0
2023-06-07,SKU_011,125.02534279524146,109.83970762343648,141.52314026587464,0
2023-06-08,SKU_011,124.72433661100942,108.5360525773735,140.31701590447517,0
2023-06-09,SKU_011,137.82368939562775,121.53522189828692,153.6049161302128,0
2023-06-10,SKU_011,153.87196772609022,137.39931293257473,170.03501173546735,0
2023-06-11,SKU_011,162.59207288337376,145.48012714734128,178.12768654339794,0
2023-06-12,SKU_011,155.34448840677607,139.64315190093782,171.57808871552928,0
2023-06-13,SKU_011,133.58356879916678,118.36124310211912,149.8702208298385,0
2023-06-14,SKU_011,120.5267171258073,104.02083980217238,136.52479749690755,0
2023-06-15,SKU_011,119.91845963608901,104.21042013583991,135.81698604842362,0
2023-06-16,SKU_011,132.80145998240022,117.59078238712706,148.69721261565488,0
2023-06-17,SKU_011,148.7272025026683,133.12992359496104,164.06064124248581,0
2023-06-18,SKU_011,157.418921046412,142.00421181874253,173.19371916386473,0
2023-06-19,SKU_011,150.23485564554602,134.99019549154812,165.78479235292068,0
2023-06-20,SKU_011,128.62462363251433,114.16722646988084,145.63978244195616,0
2023-06-21,SKU_011,115.79855029694426,100.02827738941268,131.60040098044027,0
2023-06-22,SKU_011,115.4919625033019,99.46515162260008,131.59076662334587,0
2023-06-23,SKU_011,128.7364812447554,113.94924180422281,144.3168769121873,0
2023-06-24,SKU_011,145.07103427899574,129.62103790852746,161.1293348906068,0
2023-06-25,SKU_011,154.2051555581674,140.05538661194802,169.77071964838325,0
2023-06-26,SKU_011,147.4826428137893,133.02543351580567,162.79849134862854,0
2023-06-27,SKU_011,126.3383481209758,110.28163321600309,142.6926995119863,0
2023-06-28,SKU_011,113.96793425737287,98.33016104719403,128.68151827950842,0
2023-06-29,SKU_011,114.09258787621371,98.09882258629973,130.24506825959025,0
2023-06-30,SKU_011,127.73071329865247,112.16249556688857,142.49733292439336,0
2023-07-01,SKU_011,144.40931649367167,128.80925253065902,159.97010191762877,0
2023-07-02,SKU_011,153.82763531121026,138.3480678934653,169.39557037541778,0
2023-07-03,SKU_011,147.32107792460582,130.82370253558818,162.94195194591242,0
2023-07-04,SKU_011,126.31823641580546,110.05640633937546,140.73728473561658,0
2023-07-05,SKU_011,114.0108021692483,98.79224310378252,129.97792827942348,0
2023-07-06,SKU_011,114.11836986016621,98.64443352699547,130.1645687357874,0
2023-07-07,SKU_011,127.66015164257712,111.71883476548166,142.49146054694629,0
2023-07-08,SKU_011,144.16631095740638,129.14464490176667,160.54977330527637,0
2023-07-09,SKU_011,153.34147418340507,137.72175800154787,169.55191788689234,0
2023-07-10,SKU_011,146.52848571187056,130.90819664599562,163.26713870470903,0
2023-07-11,SKU_011,125.16517962287892,110.66239616217398,141.08254588340694,0
2023-07-12,SKU_011,112.454002033423,96.1561027276579,127.77453250098347,0
2023-07-13,SKU_011,112.12647999592733,97.66573718944487,128.16560068406906,0
2023-07-14,SKU_011,125.21456880990885,109.1821204295334,140.95740169621604,0
2023-07-15,SKU_011,141.26159834176934,125.77157236249441,156.7968580772018,0
2023-07-16,SKU_011,149.9853880835799,135.02193862298378,165.03984741823496,0
2023-07-17,SKU_011,142.74160878178074,126.77426995380164,159.48803538475482,0
2023-07-18,SKU_011,120.98017517608648,105.0269522981014,136.85437992779242,0
2023-07-19,SKU_011,107.91451531915496,92.19774591262029,123.7345717359598,0
2023-07-20,SKU_011,107.28572269309265,91.7389835029985,121.85883220493999,0
2023-07-21,SKU_011,120.13363220964055,103.78827146081304,136.50063001900153,0
2023-07-22,SKU_011,136.0075484912153,120.17980262208921,151.31320600434142,0
2023-07-23,SKU_011,144.62920231392775,130.15486247355798,159.41476910784334,0
2023-07-24,SKU_011,137.35601736992442,121.68958455775784,152.68665090533997,0
2023-07-25,SKU_011,115.63747426141947,100.1535955690645,131.45744083182785,0
2023-07-26,SKU_011,102.68441756028842,87.21648600471514,118.66212703932024,0
2023-07-27,SKU_011,102.23331049682693,86.79499351665119,117.27305079519729,0
2023-07-28,SKU_011,115.31747475684094,98.52590190265987,130.10642103024279,0
2023-07-29,SKU_011,131.47803833919212,115.58181244830892,148.20703141786686,0
2023-07-30,SKU_011,140.4271602452414,124.48127975529975,155.79430780512524,0
2023-07-31,SKU_011,133.5116056107971,117.20416683913564,148.89872308188288,0
2023-08-01,SKU_011,112.16944844277684,95.87893257050933,126.9464333088544,0
2023-08-02,SKU_011,99.59973723757682,83.1801062370433,114.78126787208535,0
2023-08-03,SKU_011,99.52711684930843,85.12932527381285,115.530540314155,0
2023-08-04,SKU_011,112.973432749795,97.71639589496652,129.5206805263504,0
2023-08-05,SKU_011,129.46902941392514,113.37700133704875,145.8558810298163,0
2023-08-06,SKU_011,138.716300867264,123.39412119899961,154.71252185558419,0
2023-08-07,SKU_011,132.0535570795278,116.65286373948588,148.10144564816517,0
2023-08-08,SKU_011,110.91197457790109,95.48243669768682,126.69642516077514,0
2023-08-09,SKU_011,98.48545907887532,82.39835944935481,114.11739791672747,0
2023-08-10,SKU_011,98.49540772241808,82.4391877502715,113.59279736720819,0
2023-08-11,SKU_011,111.96239297577621,95.87956103521967,127.41826938353778,0
2023-08-12,SKU_011,128.41747778927828,112.73754503365913,144.08846126865734,0
2023-08-13,SKU_011,137.56571984715623,121.29378028734723,152.85976770899913,0
2023-08-14,SKU_011,130.74993036123246,116.01778620398792,145.9478600635403,0
2023-08-15,SKU_011,109.40745945258972,93.72774819258446,125.60656075863469,0
2023-08-16,SKU_011,96.73984137280623,80.84283102354456,113.37077009477326,0
2023-08-17,SKU_011,96.47729421974852,80.98570156983924,112.31340616820972,0
2023-08-18,SKU_011,109.65010467871878,93.24121974912403,125.27529662313695,0
2023-08-19,SKU_011,125.79961696478168,110.5978366529188,142.5002427483856,0
2023-08-20,SKU_011,134.6413942363839,119.44016196963253,149.40820260139142,0
2023-08-21,SKU_011,127.52862886123728,110.52430256308642,142.3838926484183,0
2023-08-22,SKU_011,105.90858468294297,91.04917722032364,122.4444323653232,0
2023-08-23,SKU_011,92.99191546620465,77.56997663396277,109.24177724887822,0
2023-08-24,SKU_011,92.51686458594102,76.88721217125816,108.07169369179316,0
2023-08-25,SKU_011,105.52038606266261,89.30552885522813,120.78190031363184,0
2023-08-26,SKU_011,121.54891455152523,105.58594187185145,137.51237438358316,0
2023-08-27,SKU_011,130.32135958628726,113.39605958702867,145.1074885949285,0
2023-08-28,SKU_011,123.19240586693773,106.91971295799831,140.0548057234705,0
2023-08-29,SKU_011,101.60890635306478,86.02435676470688,116.99627647805283,0
2023-08-30,SKU_011,88.77921404623953,72.09417410536207,104.20383900108399,0
2023-08-31,SKU_011,88.43745726151084,72.55644596645459,103.49558967757588,0
2023-09-01,SKU_011,101.61479626436127,85.84017888576436,117.3878517674492,0
2023-09-02,SKU_011,117.85038475173972,102.15898525870477,132.29912647547934,0
2023-09-03,SKU_011,126.85460557289254,110.28296673517958,140.81754281209757,0
2023-09-04,SKU_011,119.97265497110213,104.53046373996474,135.85298098207483,0
2023-09-05,SKU_011,98.64125323167514,81.64345002201851,114.6327748734939,0
2023-09-06,SKU_011,86.05831763598725,69.71195963070666,100.75629622815975,0
2023-09-07,SKU_011,85.94759174775659,71.073786626756,100.66505147631007,0
2023-09-08,SKU_011,99.33025766304269,83.89049271669151,115.72446986716028,0
2023-09-09,SKU_011,115.73624334677677,99.48631561974076,130.87209636217187,0
2023-09-10,SKU_011,124.86778332399801,108.90767273667822,141.1026645839747,0
2023-09-11,SKU_011,118.06329646669958,101.98674403699626,134.49689551310783,0
2023-09-12,SKU_011,96.75434912772513,81.35795093874098,112.121018383545,0
2023-09-13,SKU_011,84.13553110696525,68.18509178726055,100.01763781730047,0
2023-09-14,SKU_011,83.9292315435656,68.82663240047651,99.73843280765315,0
2023-09-15,SKU_011,97.15733614189162,80.52995650343114,113.84884784587213,0
2023-09-16,SKU_011,113.3525545247126,97.65478482076722,128.27725560891807,0
2023-09-17,SKU_011,122.2219345615831,106.86468043763946,138.97220192027646,0
2023-09-18,SKU_011,115.11062826789491,98.78631869336888,131.54001455192682,0
2023-09-19,SKU_011,93.4586801291069,78.13174100876392,108.68471715435103,0
2023-09-20,SKU_011,80.47067013793375,64.48175167753932,96.27120890002907,0
2023-09-21,SKU_011,79.88020519755352,64.15770819784494,95.39317874812939,0
2023-09-22,SKU_011,92.72128853123597,76.75292948207031,108.93076796268082,0
2023-09-23,SKU_011,108.53928552859361,92.42358440313211,124.74288419483426,0
2023-09-24,SKU_011,117.05405373761873,101.4775102771391,133.7147536383106,0
2023-09-25,SKU_011,109.62331304972763,94.2279075548399,124.7613427748781,0
2023-09-26,SKU_011,87.69903914801377,71.37586123616374,103.5084597775253,0
2023-09-27,SKU_011,74.49672460124856,58.53784077042233,88.67337394014756,0
2023-09-28,SKU_011,73.75951317178242,58.2925231522366,88.90655122024476,0
2023-09-29,SKU_011,86.52924824544114,71.68136899655828,102.07488382323183,0
2023-09-30,SKU_011,102.35716410024172,86.2805483331719,118.52280428978344,0
2023-10-01,SKU_011,110.96679670556568,96.32809542015755,125.88332162648831,0
2023-10-02,SKU_011,103.71719749864161,87.95832177823814,120.89247426141029,0
2023-10-03,SKU_011,82.05923877840749,66.03393981783294,96.27163387196994,0
2023-10-04,SKU_011,69.20485866269145,53.73556926381682,83.76914292376907,0
2023-10-05,SKU_011,68.89125260227809,54.56239057984828,84.96067431263533,0
2023-10-06,SKU_011,82.15205158709709,66.53128785059462,97.10876110772564,0
2023-10-07,SKU_011,98.52821279171557,82.87741053724146,114.22915080483929,0
2023-10-08,SKU_011,107.73119425709719,92.69940457020274,123.76061399575649,0
2023-10-09,SKU_011,101.1064899548085,84.83331477754825,116.6334045599202,0
2023-10-10,SKU_011,80.09030503710866,64.13222840259651,95.61976866336748,0
2023-10-11,SKU_011,67.87920867869514,52.85280317414036,83.80159099942912,0
2023-10-12,SKU_011,68.19475991676617,52.47733557835452,84.55115270928503,0
2023-10-13,SKU_011,82.0551339703691,66.21352699399267,97.59851305530702,0
2023-10-14,SKU_011,98.98646164992535,82.22489890180314,114.77497941225083,0
2023-10-15,SKU_011,108.68644014670896,93.59858717106933,125.25010541639509,0
2023-10-16,SKU_011,102.48827849008677,87.52273389421418,118.32421526432638,0
2023-10-17,SKU_011,81.81774498348237,66.18549151415063,97.41339677167073,0
2023-10-18,SKU_011,69.86314269038812,54.24072888436392,84.53624261352894,0
2023-10-19,SKU_011,70.34019818986053,52.95206414507525,85.527610820025,0
2023-10-20,SKU_011,84.2638827137439,69.41579627338952,99.86036355835033,0
2023-10-21,SKU_011,101.15987177493912,85.63777809878215,117.1687464896567,0
2023-10-22,SKU_011,110.72819722466835,93.87165010963515,125.36953694072551,0
2023-10-23,SKU_011,104.30715295975088,89.52620870300073,119.4445244415239,0
2023-10-24,SKU_011,83.33022189598269,68.0487337777982,99.14382996230742,0
2023-10-25,SKU_011,70.99585296066084,54.69009247161345,85.85061286892311,0
2023-10-26,SKU_011,71.03207833184064,55.32594566341912,86.31917614265525,0
2023-10-27,SKU_011,84.46799723931798,68.90848059990434,100.22409157561255,0
2023-10-28,SKU_011,100.84484164272547,85.61632271247062,116.30539525996903,0
2023-10-29,SKU_011,109.87918868295131,93.98110199172973,126.07122423607686,0
2023-10-30,SKU_011,102.92639352819117,86.81466454437603,117.98452669502488,0
2023-10-31,SKU_011,81.43702372532222,65.82928760022244,97.122203927068,0
2023-11-01,SKU_011,68.62613801450684,52.940699670070295,83.0264567248854,0
2023-11-02,SKU_011,68.23741430905653,53.142415048491166,84.27683345479906,0
2023-11-03,SKU_011,81.31416757342714,65.82066698560669,98.82594164232133,0
2023-11-04,SKU_011,97.40998669402317,81.48008497532393,113.22489728899761,0
2023-11-05,SKU_011,106.25156813313156,91.52474503026177,123.17275173378164,0
2023-11-06,SKU_011,99.20183151384909,84.04200994964944,115.61020791947982,0
2023-11-07,SKU_011,77.7161080915707,62.231653223210564,93.97849040654911,0
2023-11-08,SKU_011,65.01125292477332,50.07003469357507,80.67518217535189,0
2023-11-09,SKU_011,64.82969109222284,48.959305599986116,80.63637381723517,0
2023-11-10,SKU_011,78.21044185695322,62.54481408872744,93.48231207400391,0
2023-11-11,SKU_011,94.6998505977607,79.43662417103612,111.33053564746481,0
2023-11-12,SKU_011,104.01460439024953,88.58343192148155,119.36373153766486,0
2023-11-13,SKU_011,97.50511196905931,81.91850752659678,112.6312318023952,0
2023-11-14,SKU_011,76.6120321790687,60.66741807811821,92.817270473567,0
2023-11-15,SKU_011,64.5357926326629,48.5034280577115,78.48094453579357,0
2023-11-16,SKU_011,65.00109782150697,49.30961427278269,81.24305552946835,0
2023-11-17,SKU_011,79.02845778654107,63.513725527893875,95.66264963071623,0
2023-11-18,SKU_011,96.14545302894967,79.98315882675703,113.1464280947104,0
2023-11-19,SKU_011,106.05029645994377,89.73066025894173,119.61518127606806,0
2023-11-20,SKU_011,100.07575752347363,84.62518821580336,115.94003726139105,0
2023-11-21,SKU_011,79.64621692552527,63.331659195178375,96.30586163861801,0
2023-11-22,SKU_011,67.9476783949186,53.33702951865028,84.14632355558486,0
2023-11-23,SKU_011,68.692722250581,53.50775893431628,84.3356434485298,0
2023-11-24,SKU_011,82.89241863322184,67.01623323515228,97.86742925197612,0
2023-11-25,SKU_011,100.0679045591423,84.65684449168438,115.70025741569832,0
2023-11-26,SKU_011,109.91417581647237,93.87914242764104,125.84097665297202,0
2023-11-27,SKU_011,103.76415162825953,87.76772004555326,118.81042013381591,0
2023-11-28,SKU_011,83.04577556902618,67.00636744185407,98.85610150148416,0
2023-11-29,SKU_011,70.95197695021386,55.49592718468272,86.82807607322596,0
2023-11-30,SKU_011,71.20547795577856,55.305941599977366,86.95770422397506,0
2023-12-01,SKU_011,84.83046763545175,69.45345406102291,100.7017836178872,0
2023-12-02,SKU_011,101.36385273544036,85.38874932815504,116.02807782249967,0
2023-12-03,SKU_011,110.51864494203278,95.53384318145024,126.31723651535751,0
2023-12-04,SKU_011,103.64755299848329,88.10545045373865,120.0034493314546,0
2023-12-05,SKU_011,82.19955594537288,66.29014115200573,98.205551186615,0
2023-12-06,SKU_011,69.38929601713647,53.21450656698437,83.91929273161738,0
2023-12-07,SKU_011,68.9612920638162,53.673304657892025,83.6134782598346,0
2023-12-08,SKU_011,81.96101101122122,65.52379520604299,97.81981867288088,0
2023-12-09,SKU_011,97.94552410468506,81.64687672811928,113.52869604984657,0
2023-12-10,SKU_011,106.64632416572933,91.72493501303758,123.01205280052805,0
2023-12-11,SKU_011,99.43238839369614,84.59705598417163,115.5824973167062,0
2023-12-12,SKU_011,77.76627799577983,62.581640890544,93.12483896565597,0
2023-12-13,SKU_011,64.8731267447111,49.65457940323659,82.10616101920527,0
2023-12-14,SKU_011,64.50453104413144,49.1032928840832,80.94237177927707,0
2023-12-15,SKU_011,77.70938853238076,61.87127418293997,92.27654470069623,0
2023-12-16,SKU_011,94.04441901602544,78.36986897410614,109.71389557448283,0
2023-12-17,SKU_011,103.23694833139312,88.25592269389183,118.16601985781551,0
2023-12-18,SKU_011,96.64803943522307,79.47153263443293,112.07662751881992,0
2023-12-19,SKU_011,75.72876962252064,59.51289607556032,92.53361321428167,0
2023-12-20,SKU_011,63.689483966468835,48.02075775325601,79.3011743519787,0
2023-12-21,SKU_011,64.26404852580772,49.35152045684963,79.61737451566053,0
2023-12-22,SKU_011,78.48113198366627,62.6892893585057,93.94058085116754,0
2023-12-23,SKU_011,95.87523956305468,79.69960955371369,111.20513279288033,0
2023-12-24,SKU_011,106.15006610724784,89.51944303086384,121.02712062928266,0
2023-12-25,SKU_011,100.64223910608617,83.57689068613146,115.81167771214223,0
2023-12-26,SKU_011,80.77822516017432,64.25831769001061,96.63348693061909,0
2023-12-27,SKU_011,69.7442306318294,55.00514900613536,85.8050618708243,0
2023-12-28,SKU_011,71.25108473644181,56.16963667425962,86.17179908388898,0
2023-12-29,SKU_011,86.30612547185176,70.58152792109907,102.3660277218558,0
2023-12-30,SKU_011,104.4247939730666,89.15702868197462,120.23101949702787,0
2023-12-31,SKU_011,115.294488892383,100.55315496316959,131.03652566637487,0
2024-01-01,SKU_011,110.23873790314305,94.79961550627472,126.53234068687628,0
2024-01-02,SKU_011,90.67444812927482,74.92572141316732,105.68800834414455,0
2024-01-03,SKU_011,79.78205687019853,64.88941254436568,95.63718124967416,0
2024-01-04,SKU_011,81.2705640747682,65.30117663851486,95.74409102895015,0
2024-01-05,SKU_011,96.14946292470779,79.82247371263279,111.53837464781859,0
2024-01-06,SKU_011,113.94027295464448,98.65280283875565,130.11295284324336,0
2024-01-07,SKU_011,124.34022905295103,106.97682067145716,139.35927028735884,0
2024-01-08,SKU_011,118.68618804605845,103.31013272500479,133.70407956935452,0
2024-01-09,SKU_011,98.41152199262832,81.75065212389377,114.3599838011495,0
2024-01-10,SKU_011,86.71580389795598,70.33832670154565,102.73778684298676,0
2024-01-11,SKU_011,87.32940691959371,71.28079722184631,103.70191590162325,0
2024-01-12,SKU_011,101.28479235210406,84.36775297609336,116.92536195866276,0
2024-01-13,SKU_011,118.12746137800724,101.9675955245108,132.4405642607969,0
2024-01-14,SKU_011,127.57901297435625,110.9873840365427,143.80074117902504,0
2024-01-15,SKU_011,121.00041237177211,105.28832442581843,136.8931059278885,0
2024-01-16,SKU_011,99.8482565154021,84.87036310545393,114.97714417955963,0
2024-01-17,SKU_011,87.34388472156377,72.03628942823647,101.65548381054974,0
2024-01-18,SKU_011,87.23734422621466,71.69619420903175,102.2854499138178,0
2024-01-19,SKU_011,100.57825587205453,83.65889809858548,116.62172541766611,0
2024-01-20,SKU_011,116.9263130791895,100.37553291776334,130.95847010566143,0
2024-01-21,SKU_011,126.01399520741163,109.5755096901781,141.3683303603023,0
2024-01-22,SKU_011,119.20958305081507,103.56777133681466,134.49247554358448,0
2024-01-23,SKU_011,97.97326919119814,81.71835557088404,113.70407180354216,0
2024-01-24,SKU_011,85.52621494593168,69.70003916124676,100.43535688402913,0
2024-01-25,SKU_011,85.61456432694919,69.44597405956382,100.24591974383365,0
2024-01-26,SKU_011,99.28045815226689,82.75307077307515,115.00530392804228,0
2024-01-27,SKU_011,116.07277659767838,99.54541085111948,131.70257073613234,0
2024-01-28,SKU_011,125.71018383657014,109.74535453329736,141.41086908787648,0
2024-01-29,SKU_011,119.54455267509707,103.61907574175072,136.64859482920934,0
2024-01-30,SKU_011,99.01754998324807,82.50247887878592,113.98502487936585,0
2024-01-31,SKU_011,87.33022099481977,71.93165260313634,102.83874900038577,0
2024-02-01,SKU_011,88.20756788216443,71.97776579329711,102.96825442118785,0
2024-02-02,SKU_011,102.66958718397962,86.2638580402296,118.07220996310002,0
2024-02-03,SKU_011,120.24429116811945,104.92981500627575,136.78789313081288,0
2024-02-04,SKU_011,130.6296440223215,115.01849221055433,146.2870443283373,0
2024-02-05,SKU_011,125.15810122193918,109.2408214714602,140.30225945753895,0
2024-02-06,SKU_011,105.25370467408288,88.83694863711176,120.67170502322715,0
2024-02-07,SKU_011,94.10212065339832,78.59840029390612,109.92197036558974,0
2024-02-08,SKU_011,95.41560394400906,80.19871671161752,112.36140583516065,0
2024-02-09,SKU_011,110.20490543235131,94.05751330557983,124.59875884614097,0
2024-02-10,SKU_011,127.9908273752575,110.43411081755029,144.26907499142948,0
2024-02-11,SKU_011,138.46797841658554,123.56402179770761,153.81058111265247,0
2024-02-12,SKU_011,132.96878776299678,118.8377851773944,148.40007725058425,0
2024-02-13,SKU_011,112.92054439826694,98.61907321688372,129.9224418432781,0
2024-02-14,SKU_011,101.51528845060254,85.9490915982023,116.63481193647509,0
2024-02-15,SKU_011,102.47454340257337,86.30136395816074,117.07183122498562,0
2024-02-16,SKU_011,116.82091402920719,102.68304618512407,131.8787845417947,0
2024-02-17,SKU_011,134.0892640551398,118.67026374941675,148.19588421649044,0
2024-02-18,SKU_011,143.990037198232,129.43880795183063,160.4883706758518,0
2024-02-19,SKU_011,137.87279408065558,123.0037908596119,153.44140277124552,0
2024-02-20,SKU_011,117.18274504930726,100.93028278751414,132.26447986712594,0
2024-02-21,SKU_011,105.13012085103813,89.14839866305311,119.72681773779699,0
2024-02-22,SKU_011,105.45438492472911,88.73832988551142,121.49853663864533,0
2024-02-23,SKU_011,119.19532706985154,102.583134479358,134.82663231801996,0
2024-02-24,SKU_011,135.9037667310899,119.37128993092941,152.0824683234817,0
2024-02-25,SKU_011,145.30444278670493,130.01298098241443,161.9363310715346,0
2024-02-26,SKU_011,138.7572481533861,123.52250257589911,154.54526071161308,0
2024-02-27,SKU_011,117.71922925451514,102.3952891458972,133.95686201121634,0
2024-02-28,SKU_011,105.40794053862928,90.1550356911138,121.052022807566,0
2024-02-29,SKU_011,105.56742350564495,90.02320308983053,121.6279263993966,0
2024-03-01,SKU_011,119.23922357083434,102.62013821228933,134.6031860739447,0
2024-03-02,SKU_011,135.9731000306139,119.42965813442714,150.79505620751658,0
2024-03-03,SKU_011,145.49000460747985,130.67481691536517,161.54839348885233,0
2024-03-04,SKU_011,139.14540907236716,122.9771462825627,155.6877054917087,0
2024-03-05,SKU_011,118.38576602366132,102.91082321449068,133.4674911559037,0
2024-03-06,SKU_011,106.4179447490522,92.48765630787615,122.72692189037186,0
2024-03-07,SKU_011,106.97364189705463,90.82517121516364,123.32346616938607,0
2024-03-08,SKU_011,121.08079883620942,104.20972506910884,137.38703026414552,0
2024-03-09,SKU_011,138.27474247610243,121.37446144075956,154.49525614146063,0
2024-03-10,SKU_011,148.26161177294523,131.66737492219173,163.86040400941772,0
2024-03-11,SKU_011,142.3821368122094,126.61078703362976,158.14065038276001,0
2024-03-12,SKU_011,122.06854099837392,106.54034292715848,137.34232315937993,0
2024-03-13,SKU_011,110.51439518770934,94.61834306973867,126.18899413354572,0
2024-03-14,SKU_011,111.43941124441854,96.22516987838297,126.45749703727584,0
2024-03-15,SKU_011,125.86119585277,110.79133481919222,141.33707483022812,0
2024-03-16,SKU_011,143.3066718339726,128.47742509935455,159.6593214761602,0
2024-03-17,SKU_011,153.47572145423084,137.90355421713576,168.6521467291004,0
2024-03-18,SKU_011,147.70511288811838,131.31969940719773,163.09052296815761,0
2024-03-19,SKU_011,127.425476797234,111.41536703848868,144.26140988854382,0
2024-03-20,SKU_011,115.8288084374484,100.505865956179,131.01590189829653,0
2024-03-21,SKU_011,116.64024422124909,102.5950008964037,133.18215362601222,0
2024-03-22,SKU_011,130.8826157356828,115.75978290514291,145.82075224962418,0
2024-03-23,SKU_011,148.09001473497293,132.57846334374472,163.4377857809565,0
2024-03-24,SKU_011,157.97117029802925,142.83472189927167,174.3651151422963,0
2024-03-25,SKU_011,151.87306031290177,136.46622634697982,167.23120324396882,0
2024-03-26,SKU_011,131.23753456045708,115.61478071264223,147.91217607476196,0
2024-03-27,SKU_011,119.27078831173644,103.7998903565334,134.76731530945816,0
2024-03-28,SKU_011,119.7076870053853,104.08906514564913,135.28946939117705,0
2024-03-29,SKU_011,133.5829784999047,116.96646665104403,148.74795880672175,0
2024-03-30,SKU_011,150.44211790017323,134.96339659594622,165.76062024801126,0
2024-03-31,SKU_011,160.00427872005633,144.52087628369554,176.60903914088502,0
2024-04-01,SKU_011,153.62563174902414,138.71983769688984,170.00541354495448,0
2024-04-02,SKU_011,132.75567909075184,117.14227849916043,147.8635012837178,0
2024-04-03,SKU_011,120.6064910694609,105.40401027718544,136.74435058370565,0
2024-04-04,SKU_011,120.91685367505383,104.60216337203524,135.54249497963482,0
2024-04-05,SKU_011,134.72336826191435,119.51781876980723,150.4958095044344,0
2024-04-06,SKU_011,151.57123168464565,135.2911478920889,166.27304222013296,0
2024-04-07,SKU_011,161.17727169203158,145.5809492180207,176.73537812497653,0
2024-04-08,SKU_011,154.8933178587532,140.33987101015825,169.85483300063052,0
2024-04-09,SKU_011,134.16269232809762,117.76006644494423,151.94483785350747,0
2024-04-10,SKU_011,122.18966286636204,106.28544189137814,137.60788037764007,0
2024-04-11,SKU_011,122.70385887076056,108.17113797818874,138.44983258594863,0
2024-04-12,SKU_011,136.7293070973549,121.50896940169919,151.6512816042782,0
2024-04-13,SKU_011,153.80268683905592,137.7952190955697,169.48782737214262,0
2024-04-14,SKU_011,163.62960529316803,148.48865185160977,179.9495187389673,0
2024-04-15,SKU_011,157.55072475319645,141.7840697256316,173.46378980847314,0
2024-04-16,SKU_011,136.99863232367488,120.84127099027212,153.33756565110005,0
2024-04-17,SKU_011,125.16765896381136,108.68974248003809,139.93026932556714,0
2024-04-18,SKU_011,125.77863690901276,111.46019166932503,142.31142603765142,0
2024-04-19,SKU_011,139.85061770939035,122.56793183801133,155.27051610955937,0
2024-04-20,SKU_011,156.91225935003848,140.4763422728036,172.19439431128532,0
2024-04-21,SKU_011,166.6654379114325,152.06254296643692,180.98365040747112,0
2024-04-22,SKU_011,160.44914564659356,145.6893175151567,176.42843617970448,0
2024-04-23,SKU_011,139.69644286368884,123.3369100327511,154.77550479625612,0
2024-04-24,SKU_011,127.60429127547766,112.44172124135608,143.6918022947985,0
2024-04-25,SKU_011,127.8982571129342,113.47638158008436,144.01980911106497,0
2024-04-26,SKU_011,141.6041076094693,125.14686635242508,158.2734739285131,0
2024-04-27,SKU_011,158.25901275841827,142.9658195560542,173.85590577527736,0
2024-04-28,SKU_011,167.5749132147323,152.28986030416775,183.51409951359994,0
2024-04-29,SKU_011,160.90212343723886,146.0590574820549,177.1847324267033,0
2024-04-30,SKU_011,139.6859462759471,123.45607611693295,155.78418841735837,0
2024-05-01,SKU_011,127.1361368044337,110.65820775955217,142.2928966916676,0
2024-05-02,SKU_011,126.99121485809914,111.53011510841056,143.03164585817868,0
2024-05-03,SKU_011,140.28966173115478,125.50544246991643,155.8593464476638,0
2024-05-04,SKU_011,156.58072510909705,139.7505780950746,172.4876137627676,0
2024-05-05,SKU_011,165.5874052408489,150.27090740211025,182.23340321884285,0
2024-05-06,SKU_011,158.66795515665655,144.163746496779,174.83786416377828,0
2024-05-07,SKU_011,137.27742218041305,122.22569702591328,153.2852393382931,0
2024-05-08,SKU_011,124.6315982428933,109.09334745026872,140.23224886365122,0
2024-05-09,SKU_011,124.47286709212923,108.94293234500203,139.98365428292993,0
2024-05-10,SKU_011,137.84125059386085,121.6260565134225,155.33421801477243,0
2024-05-11,SKU_011,154.2851311723867,139.5666495392764,169.81872817726097,0
2024-05-12,SKU_011,163.5242263397578,147.3472147765222,179.68422865981213,0
2024-05-13,SKU_011,156.91289696872542,140.92610447467203,172.34459618372605,0
2024-05-14,SKU_011,135.89657517166012,119.80679674248911,151.5216148588432,0
2024-05-15,SKU_011,123.68115604396891,108.66923943313071,138.808026183666,0
2024-05-16,SKU_011,123.9973557839631,108.18074935286263,139.6803480455013,0
2024-05-17,SKU_011,137.87207119307448,122.94726979399597,153.6928627835571,0
2024-05-18,SKU_011,154.8394606756512,138.13100230917152,170.45414550291883,0
2024-05-19,SKU_011,164.60431239595445,148.45834482997756,180.37204762945618,0
2024-05-20,SKU_011,158.50576987843277,143.37431974146926,173.43681184133288,0
2024-05-21,SKU_011,137.97418880415879,121.36548760639862,154.22987263628818,0
2024-05-22,SKU_011,126.20095676840914,110.22591112622639,141.8511714238836,0
2024-05-23,SKU_011,126.90326600263506,111.8597708719597,143.65942360896307,0
2024-05-24,SKU_011,141.09586191176766,126.79532069664602,157.92460333567243,0
2024-05-25,SKU_011,158.30247610848144,141.67841737161524,172.33593952950386,0
2024-05-26,SKU_011,168.21949921696358,150.7265949748366,183.6757988560393,0
2024-05-27,SKU_011,162.17995471321365,146.03829221094858,179.1317448588099,0
2024-05-28,SKU_011,141.61054016103358,127.21680429216428,157.15405102897276,0
2024-05-29,SKU_011,129.70153022054305,113.98652508344398,146.19093720810184,0
2024-05-30,SKU_011,130.17168714928943,113.9740597609452,146.47359845133715,0
2024-05-31,SKU_011,144.03988175688244,128.41885491161594,159.6817391370978,0
2024-06-01,SKU_011,160.83645274095855,143.72681370298295,176.8790367615354,0
2024-06-02,SKU_011,170.26670333833718,154.95861749372511,185.53565414667156,0
2024-06-03,SKU_011,163.6746333713103,148.35294731983743,179.95206525048283,0
2024-06-04,SKU_011,142.49967992797303,126.89408362829246,157.9732057930655,0
2024-06-05,SKU_011,129.9463014950821,113.84658130388661,144.86762036185996,0
2024-06-06,SKU_011,129.74840207860652,114.37166356301088,145.77207384236067,0
2024-06-07,SKU_011,142.94062797984347,127.60929895071976,158.53853471080618,0
2024-06-08,SKU_011,159.0692587344519,144.4861364928123,173.49975407202427,0
2024-06-09,SKU_011,167.85526293740824,151.50027874475717,181.96583756095987,0
2024-06-10,SKU_011,160.65759785094514,144.09233623355837,175.8981705001988,0
2024-06-11,SKU_011,138.92953844604023,121.54515322743622,154.47665771435848,0
2024-06-12,SKU_011,125.88788249155414,111.02150811552278,141.3032572503667,0
2024-06-13,SKU_011,125.27703905980508,109.31379139123153,140.2555789421119,0
2024-06-14,SKU_011,138.14004267424818,121.39258909799283,153.88207102440342,0
2024-06-15,SKU_011,154.0292226073475,137.50209486856562,170.2371772900679,0
2024-06-16,SKU_011,162.66910426772213,146.61197915282474,177.68272013816375,0
2024-06-17,SKU_011,155.41962582061782,140.10235898012988,171.23973522124768,0
2024-06-18,SKU_011,133.73245785640222,117.36481455091739,150.049872743254,0
2024-06-19,SKU_011,120.82027273482807,105.24038572325924,136.24035348621055,0
2024-06-20,SKU_011,120.42096884920258,105.34980040543937,135.33340332224523,0
2024-06-21,SKU_011,133.5688724077876,117.62056450042365,150.24302823313297,0
2024-06-22,SKU_011,149.80571722905702,133.0369578204801,164.71817680024887,0
2024-06-23,SKU_011,158.84381730989685,143.63854954552582,174.36750943381676,0
2024-06-24,SKU_011,152.02966014956954,135.37807137700437,168.2471748796583,0
2024-06-25,SKU_011,130.80062083252858,116.18325862324394,145.89739873803956,0
2024-06-26,SKU_011,118.35464732294706,102.76892373979378,134.2507834221193,0
2024-06-27,SKU_011,118.41491003127987,103.10208750404806,134.17727297732458,0
2024-06-28,SKU_011,132.00144127138014,116.09707540326944,148.4287056197049,0
2024-06-29,SKU_011,148.64247570612991,133.72569177637263,164.55841774882052,0
2024-06-30,SKU_011,158.03804905514338,142.25443366649174,174.14710848468627,0
2024-07-01,SKU_011,151.52391786516046,136.5262095510454,167.63340089535936,0
2024-07-02,SKU_011,130.52856773961355,114.40825231786899,145.97287405615734,0
2024-07-03,SKU_011,118.24313676186155,102.3151790325563,133.6785423667437,0
2024-07-04,SKU_011,118.38624056674446,104.68020529745192,135.51930462653797,0
2024-07-05,SKU_011,131.9757199554878,116.1535235858299,147.76900067884796,0
2024-07-06,SKU_011,148.5400194339241,132.92062158584466,163.99147730205664,0
2024-07-07,SKU_011,157.7817533137888,142.61576465701847,173.8756624108083,0
2024-07-08,SKU_011,151.04152363284322,135.46640017617855,166.10725094414147,0
2024-07-09,SKU_011,129.75476078833947,114.11399892983925,144.42768554511284,0
2024-07-10,SKU_011,117.12141903796287,102.05849783146286,131.6046912932847,0
2024-07-11,SKU_011,116.87052050503169,101.91869322260767,132.38463502446518,0
2024-07-12,SKU_011,130.0315772944014,113.94070564169114,146.0887421415652,0
2024-07-13,SKU_011,146.1456100861296,130.6834708093279,161.35396678177273,0
2024-07-14,SKU_011,154.9283307931257,139.21292055795098,170.45136060632169,0
2024-07-15,SKU_011,147.7335650716512,132.04901718640212,161.58698234568,0
2024-07-16,SKU_011,126.00969771823274,109.12530102737831,141.50087967496097,0
2024-07-17,SKU_011,112.96898436606337,97.29808358888754,128.53361712134955,0
2024-07-18,SKU_011,112.35173503672661,96.44907128491228,127.28210489160323,0
2024-07-19,SKU_011,125.19740949811722,108.97316137985456,141.7119052273776,0
2024-07-20,SKU_011,141.05535238756437,124.84957604642847,156.70952026221175,0
2024-07-21,SKU_011,149.64774386780647,133.94004302815173,165.6197686520372,0
2024-07-22,SKU_011,142.33284824131758,126.4756629330401,158.97955791640246,0
2024-07-23,SKU_011,120.56134808016785,104.51418510674989,136.20170904754838,0
2024-07-24,SKU_011,107.54561069689444,91.40020187572398,123.93005410433256,0
2024-07-25,SKU_011,107.0238928375379,90.48756362897028,123.25022709623381,0
2024-07-26,SKU_011,120.03152266712843,104.45405343221175,136.5625129114014,0
2024-07-27,SKU_011,136.11178382477866,119.09187848000131,151.43121220776717,0
2024-07-28,SKU_011,144.9790723162022,130.3283589661221,161.09081268720013,0
2024-07-29,SKU_011,137.98240195666807,122.4169824054498,154.33305352071403,0
2024-07-30,SKU_011,116.56203770700837,100.47464126821745,133.07282296296842,0
2024-07-31,SKU_011,103.91909426829267,87.5046806802441,118.89819015418595,0
2024-08-01,SKU_011,103.78009540266575,89.58333636528066,118.59703010172379,0
2024-08-02,SKU_011,117.16852200526931,102.0966867450963,133.017547558785,0
2024-08-03,SKU_011,133.61606236621958,118.01944407340068,147.8716669031288,0
2024-08-04,SKU_011,142.82612410480846,126.88877690760305,159.23529830463357,0
2024-08-05,SKU_011,136.1376726059671,119.3325216855578,151.403938855428,0
2024-08-06,SKU_011,114.98216514437188,98.86691220117632,130.72733707929513,0
2024-08-07,SKU_011,102.55340895224161,86.2800962937708,118.67728518310638,0
2024-08-08,SKU_011,102.57233087530898,86.60533682144919,117.47705796896292,0
2024-08-09,SKU_011,116.05868043816741,99.63624694628601,131.7944221208664,0
2024-08-10,SKU_011,132.54237520210177,117.37242505943829,148.93100265947706,0
2024-08-11,SKU_011,141.72704528390108,125.83814064903517,158.15134535627192,0
2024-08-12,SKU_011,134.95384117249844,119.6737842975985,151.17704667152594,0
2024-08-13,SKU_011,113.65827530804394,96.9187105635473,129.38392025753532,0
2024-08-14,SKU_011,101.03992887727895,85.63877096453174,116.48043695366594,0
2024-08-15,SKU_011,100.82701651421922,86.09944219509201,116.09023280068975,0
2024-08-16,SKU_011,114.0478373669663,97.56175323705847,129.6673185426003,0
2024-08-17,SKU_011,130.24182959846723,115.04908470964688,145.31043856878657,0
2024-08-18,SKU_011,139.12279450439368,122.67469185825563,154.90913977180364,0
2024-08-19,SKU_011,132.0423646373951,117.14920779160543,148.67751118271218,0
2024-08-20,SKU_011,110.44649724086314,94.89391663041016,126.29933172018782,0
2024-08-21,SKU_011,97.54483553894745,81.28520160633967,113.89630108028328,0
2024-08-22,SKU_011,97.07494157456074,80.98138574864288,111.8048520983078,0
2024-08-23,SKU_011,110.07343962698062,93.71690739925877,125.28041282993816,0
2024-08-24,SKU_011,126.08679708660317,110.30765834725895,142.37614187965053,0
2024-08-25,SKU_011,134.83431771369322,119.1220059382294,149.98863734118996,0
2024-08-26,SKU_011,127.67142907279663,113.0776367895184,143.59372408188523,0
2024-08-27,SKU_011,106.04605127964672,90.12980987353667,122.31914741834635,0
2024-08-28,SKU_011,93.16789368075754,75.81079147981116,108.52617977428237,0
2024-08-29,SKU_011,92.77268534813099,77.19901192518468,107.7172150826544,0
2024-08-30,SKU_011,105.89337865098662,89.62929208419779,120.84978323831605,0
2024-08-31,SKU_011,122.07105104142897,106.25779973573731,138.12117904285117,0
2024-09-01,SKU_011,131.018076319782,114.48881074612697,144.90888194574794,0
2024-09-02,SKU_011,124.0816416940105,107.594867071291,140.89456839023902,0
2024-09-03,SKU_011,102.70039064496238,87.38709872056526,117.77675566478631,0
2024-09-04,SKU_011,90.07402965771901,73.82675108478796,105.43083319051878,0
2024-09-05,SKU_011,89.92789496868676,74.28709332953656,105.45872097240371,0
2024-09-06,SKU_011,103.28450798272846,87.52073557640264,118.83444117535826,0
2024-09-07,SKU_011,119.67483333881012,103.78487128774793,135.42564703877426,0
2024-09-08,SKU_011,128.80179952811807,113.66025662932852,144.97463094559222,0
2024-09-09,SKU_011,122.00414716252186,106.0953167011918,137.77868479288804,0
2024-09-10,SKU_011,100.71337418453078,84.13799291998247,117.14628962401767,0
2024-09-11,SKU_011,88.12360619152105,71.73895339280257,103.08783150348181,0
2024-09-12,SKU_011,87.9563792747742,72.34136575648319,103.72914638472061,0
2024-09-13,SKU_011,101.23235670439756,86.15595716167613,117.79394058458315,0
2024-09-14,SKU_011,117.48268776751958,101.66485042981797,133.57047810525074,0
2024-09-15,SKU_011,126.4125648375088,110.71570459843093,141.46295202557735,0
2024-09-16,SKU_011,119.36504191859942,104.17216517836249,135.0004408633375,0
2024-09-17,SKU_011,97.77788414813013,82.40967398568833,113.2989907067195,0
2024-09-18,SKU_011,84.85327867373331,67.60429478003523,100.41198114216245,0
2024-09-19,SKU_011,84.32239854992613,68.21204774979728,99.47955122463821,0
2024-09-20,SKU_011,97.21684711326016,82.4318086723218,111.85333154748596,0
2024-09-21,SKU_011,113.07969898236888,96.98868406702996,128.70726484600192,0
2024-09-22,SKU_011,121.62870308125224,105.62228602342272,135.75881813705948,0
2024-09-23,SKU_011,114.21972146426754,98.9768772616605,130.02760723623894,0
2024-09-24,SKU_011,92.30318485157517,76.24211185175866,108.5900518017177,0
2024-09-25,SKU_011,79.09340727774,63.60617097302556,95.7036897799902,0
2024-09-26,SKU_011,78.33276367564011,62.362339473084724,94.8736425324106,0
2024-09-27,SKU_011,91.06276985742652,76.2083841018497,106.10006630157693,0
2024-09-28,SKU_011,106.83479249733756,90.34006292635728,122.41088786261297,0
2024-09-29,SKU_011,115.37296507850154,100.11928862811858,130.1691855021081,0
2024-09-30,SKU_011,108.03739291935727,92.9510514364235,123.67459275204071,0
2024-10-01,SKU_011,86.28043600692757,71.06658126822524,101.62668539948076,0
2024-10-02,SKU_011,73.31591808706827,57.81832520785634,90.7390281068784,0
2024-10-03,SKU_011,72.88326991431238,56.10745729441994,88.596644516869,0
2024-10-04,SKU_011,86.01864808862413,70.19695292729598,101.45557223481893,0
2024-10-05,SKU_011,102.26575686543951,86.7721042221068,117.437341947465,0
2024-10-06,SKU_011,111.33894647573042,96.34433455945381,126.3156538869445,0
2024-10-07,SKU_011,104.58666649803985,89.6934266912995,119.74811948685452,0
2024-10-08,SKU_011,83.44805640269176,67.75696049835518,99.99795873620154,0
2024-10-09,SKU_011,71.12251325860623,55.196287817542206,87.1740835072477,0
2024-10-10,SKU_011,71.3342344283375,55.76365541098518,86.38362969370391,0
2024-10-11,SKU_011,85.1037652722506,68.77775016477868,100.36111524151598,0
2024-10-12,SKU_011,101.95926684042323,86.02741042596466,116.49925254229306,0
2024-10-13,SKU_011,111.60006404214081,95.65005806626641,126.96966623729607,0
2024-10-14,SKU_011,105.36053953041363,89.3389108510455,122.13743709083727,0
2024-10-15,SKU_011,84.66714225821036,69.55783325448148,100.90337772326203,0
2024-10-16,SKU_011,72.70833806084866,56.54386522496978,88.95279936657049,0
2024-10-17,SKU_011,73.1994883692407,56.461921289109796,88.93252925106127,0
2024-10-18,SKU_011,87.1546766212053,71.40718716142936,103.06981482428863,0
2024-10-19,SKU_011,104.0981884857931,87.40321735441786,119.86220841984694,0
2024-10-20,SKU_011,113.72819939629069,98.75012445277312,129.7250768419006,0
2024-10-21,SKU_011,107.38072972474177,90.9430399644444,122.07434504743128,0
2024-10-22,SKU_011,86.48663390807334,70.31028524661889,102.19861721835827,0
2024-10-23,SKU_011,74.24145058621762,58.16822625083128,89.33238324870506,0
2024-10-24,SKU_011,74.37010195021486,58.88126919582205,90.00575703286616,0
2024-10-25,SKU_011,87.89846629994503,72.0733158615561,103.58792660379116,0
2024-10-26,SKU_011,104.36453659874053,87.66829020622701,121.13995725828546,0
2024-10-27,SKU_011,113.48172724610374,97.86560701317818,128.70437221072993,0
2024-10-28,SKU_011,106.60239994831534,90.99355015615531,122.63414290490437,0
2024-10-29,SKU_011,85.17438706812715,69.6179719986096,101.60840374145096,0
2024-10-30,SKU_011,72.41035277116215,55.908576366563,88.40376526804167,0
2024-10-31,SKU_011,72.05199422631716,55.335147610200096,86.74655052859842,0
2024-11-01,SKU_011,85.14112132449475,70.37785133770019,100.00642862184294,0
2024-11-02,SKU_011,101.23034214436586,85.68232288345031,116.7022530840585,0
2024-11-03,SKU_011,110.04593038862382,94.99456060352884,126.18326076296496,0
2024-11-04,SKU_011,102.95095881549227,87.43096370858672,118.13280668149054,0
2024-11-05,SKU_011,81.40148894933102,65.95215002390498,97.40659048594267,0
2024-11-06,SKU_011,68.61566768286491,53.527060319153534,83.78722441558799,0
2024-11-07,SKU_011,68.33774140956945,53.14562683523091,83.8837338920227,0
2024-11-08,SKU_011,81.60903235290661,65.18525681618647,95.55061077571833,0
2024-11-09,SKU_011,97.97860814901753,82.77720098877562,113.90639569302463,0
2024-11-10,SKU_011,107.16622222572899,92.53201165310318,123.70520911946483,0
2024-11-11,SKU_011,100.52560776088818,85.31808347525154,117.07797488235067,0
2024-11-12,SKU_011,79.50091170706419,63.707541577454954,95.53430363522064,0
2024-11-13,SKU_011,67.2961132415489,52.14939804786839,82.46105521034855,0
2024-11-14,SKU_011,67.63942872547682,52.4715615006327,82.33320203766849,0
2024-11-15,SKU_011,81.55473721496605,64.88469453688342,96.7305071597098,0
2024-11-16,SKU_011,98.5727451762978,83.95038981899799,115.4813827267587,0
2024-11-17,SKU_011,108.39445411020358,93.37416178631521,124.85984724591025,0
2024-11-18,SKU_011,102.35499898177324,85.27011211659425,118.30678404968317,0
2024-11-19,SKU_011,81.88062843152562,66.38515078073382,98.0175423485761,0
2024-11-20,SKU_011,70.1586554303517,53.6141893536111,86.8463735350729,0
2024-11-21,SKU_011,70.90236503214875,54.34271131657547,86.92647903766215,0
2024-11-22,SKU_011,85.12289854841279,69.40040892866135,102.45774181591443,0
2024-11-23,SKU_011,102.3408192173159,87.15519314642901,118.90174731272631,0
2024-11-24,SKU_011,112.24991103010868,95.64476122497574,128.502887069358,0
2024-11-25,SKU_011,106.18126846254161,90.65332986569318,121.81738446502298,0
2024-11-26,SKU_011,85.56044013456471,69.77533459995375,101.50606381710523,0
2024-11-27,SKU_011,73.57744955157997,57.670024365918096,89.11265742814294,0
2024-11-28,SKU_011,73.95167668189274,57.40408843437214,89.79004665517053,0
2024-11-29,SKU_011,87.70361951612654,71.94429085982834,102.02257983641994,0
2024-11-30,SKU_011,104.36624323790127,89.20601096763627,120.65902498645457,0
2024-12-01,SKU_011,113.6484739099303,98.8012964724223,129.19685712628763,0
2024-12-02,SKU_011,106.8989022204629,91.98232170029395,122.77807161941949,0
2024-12-03,SKU_011,85.56247045337257,69.67007580633982,100.70170951459345,0
2024-12-04,SKU_011,72.84997805347584,56.26896173822582,88.13805934803953,0
2024-12-05,SKU_011,72.50240349875591,56.892301215293934,88.81142192036098,0
2024-12-06,SKU_011,85.5620769386203,70.78364243857578,101.70205523749557,0
2024-12-07,SKU_011,101.58342747025176,85.46875329925406,117.98007075730118,0
2024-12-08,SKU_011,110.29587867775804,94.41564393933776,126.29271537899805,0
2024-12-09,SKU_011,103.0669747040976,85.96492013924201,119.34914474892614,0
2024-12-10,SKU_011,81.35852628063704,65.49644919374104,96.53313731000401,0
2024-12-11,SKU_011,68.3956274192931,54.038305766243035,84.91922706212958,0
2024-12-12,SKU_011,67.93055445228691,51.83662357264998,83.5913109600866,0
2024-12-13,SKU_011,81.01359408448863,67.47292424144405,98.33512452914833,0
2024-12-14,SKU_011,97.20353442736638,81.11595136497921,111.4215563377675,0
2024-12-15,SKU_011,106.23040032453171,90.64330925565446,121.47627909199964,0
2024-12-16,SKU_011,99.45852029235672,83.61194798075432,114.94284020147825,0
2024-12-17,SKU_011,78.34271676717225,63.0434457965548,94.02392754168727,0
2024-12-18,SKU_011,66.0974697698348,50.37390288099823,82.56056395563986,0
2024-12-19,SKU_011,66.46106222342029,51.41801028355152,82.79739684559915,0
2024-12-20,SKU_011,80.4667473712165,65.05143292893281,95.453010451295,0
2024-12-21,SKU_011,97.65366344190238,82.27137525535093,113.64663229010857,0
2024-12-22,SKU_011,107.73006568460015,93.1619852487732,124.74956484431216,0
2024-12-23,SKU_011,102.03694984796563,85.81664144586111,118.17320468885622,0
2024-12-24,SKU_011,82.00484385222198,66.0615508369248,97.9821764874403,0
2024-12-25,SKU_011,70.82360153489816,54.843664800831434,86.13654299299434,0
2024-12-26,SKU_011,72.20718964410135,55.957447861701695,87.21416339593105,0
2024-12-27,SKU_011,87.16549110257,71.03259790043221,102.64738490443641,0
2024-12-28,SKU_011,105.21583238804205,89.07407512189894,120.19463846855024,0
2024-12-29,SKU_011,116.04678845781157,100.65676012938573,132.00101560182108,0
2024-12-30,SKU_011,110.98232366442353,94.96295249960735,126.81212179252283,0
2024-12-31,SKU_011,91.43903129100265,74.29857862048355,107.74107225828902,1
2025-01-01,SKU_011,80.59629336457238,65.70796084163706,95.32351854921181,1
2025-01-02,SKU_011,82.1613419381419,65.94401236697041,97.48964365719726,1
2025-01-03,SKU_011,97.14123739942283,81.60313284888082,113.27374599895417,1
2025-01-04,SKU_011,115.05446690947934,98.42302516478775,131.43498682299244,1
2025-01-05,SKU_011,125.594714514303,109.93880471590647,140.98170367252382,1
2025-01-06,SKU_011,120.0948623963617,104.33161294149666,135.90269222904638,1
2025-01-07,SKU_011,99.98398979145944,84.91118575147517,115.67651064867994,1
2025-01-08,SKU_011,88.45719789250958,73.41793683240654,103.41505734025257,1
2025-01-09,SKU_011,89.2402511680079,73.02128790083395,105.42344333058715,1
2025-01-10,SKU_011,103.36106221141662,87.93903833029425,119.26232084632092,1
2025-01-11,SKU_011,120.36073677158883,103.43101972377954,135.85400934792702,1
2025-01-12,SKU_011,129.95674566839637,113.86214653712452,146.1873475656974,1
2025-01-13,SKU_011,123.50629940911455,107.27651903576161,140.43828892859193,1
2023-01-01,SKU_012,90.84872026974195,77.61178149929461,104.04869947814625,0
2023-01-02,SKU_012,84.12470787422468,71.49474797422896,97.32082096754175,0
2023-01-03,SKU_012,72.11254697998655,59.15083625552976,85.22882371669671,0
2023-01-04,SKU_012,60.04224466435208,46.22237234477072,72.99549984092914,0
2023-01-05,SKU_012,60.10631347350714,47.25912162459869,73.74350759049193,0
2023-01-06,SKU_012,70.8296873574098,58.45351433387591,83.72996967823966,0
2023-01-07,SKU_012,84.32297138216185,70.38401858352442,96.79797712501433,0
2023-01-08,SKU_012,93.99014056752222,81.65935214641281,108.07385527139489,0
2023-01-09,SKU_012,87.49363782547616,73.92246420507514,99.86179311390768,0
2023-01-10,SKU_012,75.6778917488756,62.661479883497464,88.55323731404864,0
2023-01-11,SKU_012,63.768511007597965,51.08535950581474,77.2830421466504,0
2023-01-12,SKU_012,63.95460349473147,50.74405605440924,76.81641767604668,0
2023-01-13,SKU_012,74.75878136439462,61.77608784931961,88.2310147709505,0
2023-01-14,SKU_012,88.29046888743329,74.8302939477549,100.78245480269715,0
2023-01-15,SKU_012,97.95362694626894,84.69976426571849,110.5870321946573,0
2023-01-16,SKU_012,91.41184354986396,78.50271868426269,104.80012021318356,0
2023-01-17,SKU_012,79.51181146270557,66.58326270921023,92.37394120194122,0
2023-01-18,SKU_012,67.48245098466316,55.088863516105754,79.64814248374283,0
2023-01-19,SKU_012,67.51712819477447,55.04609241483552,80.81638180308904,0
2023-01-20,SKU_012,78.14353280108027,65.03465110091268,91.55045673816011,0
2023-01-21,SKU_012,91.47683626247321,78.56777049644988,104.38496342925329,0
2023-01-22,SKU_012,100.92724837777175,88.42204999109701,114.47913036620793,0
2023-01-23,SKU_012,94.16492660048203,81.7845051224105,107.20261725951924,0
2023-01-24,SKU_012,82.0432644157404,68.79195149249351,95.42969982358632,0
2023-01-25,SKU_012,69.79782227142363,57.32202818749772,82.83073505611902,0
2023-01-26,SKU_012,69.62835688767505,56.11851647486157,82.82526573563354,0
2023-01-27,SKU_012,80.06851849568545,66.44957040549481,93.2218825493316,0
2023-01-28,SKU_012,93.23884182224812,80.15461358284489,105.73158245079587,0
2023-01-29,SKU_012,102.55415376086518,89.02648695756801,116.81744386402835,0
2023-01-30,SKU_012,95.68835619188536,83.26911659581678,109.3128464424835,0
2023-01-31,SKU_012,83.49761383391444,70.48133120867459,95.77282936762457,0
2023-02-01,SKU_012,71.21921339983217,57.79665831888347,83.11755047924338,0
2023-02-02,SKU_012,71.05355182769563,57.84701084150677,84.76657371788038,0
2023-02-03,SKU_012,81.53382418548281,69.0921716976486,94.46532779337562,0
2023-02-04,SKU_012,94.77903719774595,82.61897618460453,108.57476600393643,0
2023-02-05,SKU_012,104.20147054016364,91.43085413549214,117.71103865344804,0
2023-02-06,SKU_012,97.47154267329262,84.35026617142694,110.29007281485475,0
2023-02-07,SKU_012,85.44110855982784,72.34671631982359,97.95282383767393,0
2023-02-08,SKU_012,73.34245222928412,59.84222012827223,86.36445473205367,0
2023-02-09,SKU_012,73.37042797754339,60.4772162443298,86.07056447272538,0
2023-02-10,SKU_012,84.05231626046114,71.53005652268818,96.62411806579765,0
2023-02-11,SKU_012,97.50101526542029,84.40886226928868,111.15253682701984,0
2023-02-12,SKU_012,107.12268506459694,94.08150693808729,120.65140289636888,0
2023-02-13,SKU_012,100.58179575096565,86.37986386902757,113.60697353559512,0
2023-02-14,SKU_012,88.72460156179775,75.91027462345114,102.57352888788547,0
2023-02-15,SKU_012,76.77829879771501,63.29017436221565,89.15729537924418,0
2023-02-16,SKU_012,76.93331650421543,64.21920215512307,89.81125931273672,0
2023-02-17,SKU_012,87.71330162485997,74.96128560083591,101.70808062501261,0
2023-02-18,SKU_012,101.22841586044694,88.29914610854036,114.40316141824479,0
2023-02-19,SKU_012,110.88305810523931,98.12420279902743,123.97414437489624,0
2023-02-20,SKU_012,104.34096159235526,90.89031425167364,117.06631791454926,0
2023-02-21,SKU_012,92.44868638470919,79.34307611017202,105.03991290249209,0
2023-02-22,SKU_012,80.43476451830844,67.41504318281154,92.89028197479726,0
2023-02-23,SKU_012,80.49194718491977,67.35033315148827,93.54588882900843,0
2023-02-24,SKU_012,91.14711698203392,77.94462893602693,104.03149634333536,0
2023-02-25,SKU_012,104.51448464197377,92.82133253640065,118.63394788334845,0
2023-02-26,SKU_012,114.00318707009129,101.47848275074524,127.4249071082919,0
2023-02-27,SKU_012,107.28223952406898,93.90061203649289,120.61861767318338,0
2023-02-28,SKU_012,95.20386682669772,82.54921702860874,108.09363490665345,0
2023-03-01,SKU_012,83.0024756814963,70.82308074432011,95.27224113658707,0
2023-03-02,SKU_012,82.87672256613729,69.92371032302498,96.43667680385086,0
2023-03-03,SKU_012,93.35924550913947,80.23611635733643,105.65293117705856,0
2023-03-04,SKU_012,106.56968447492133,93.76746765028517,120.65311944752459,0
2023-03-05,SKU_012,115.9221123813762,102.32419938792447,129.6140560088092,0
2023-03-06,SKU_012,109.08983450626474,95.88345718871555,122.57844281228805,0
2023-03-07,SKU_012,96.92858568674511,83.72529181866855,109.90861826156325,0
2023-03-08,SKU_012,84.67539134995268,70.5007482991125,97.01445825344204,0
2023-03-09,SKU_012,84.53055015971094,71.98440861182266,97.66981451382713,0
2023-03-10,SKU_012,95.0273091416959,81.79766389649073,108.68745738396714,0
2023-03-11,SKU_012,108.28485773926687,95.16419060366823,121.48834042019318,0
2023-03-12,SKU_012,117.71576367519926,104.91452202850587,131.2821319662678,0
2023-03-13,SKU_012,110.99080832307342,97.84248951620383,124.06916328980425,0
2023-03-14,SKU_012,98.96225003617381,85.47589621171343,112.71185222343016,0
2023-03-15,SKU_012,86.86277964989198,73.85484131909492,100.08798120036349,0
2023-03-16,SKU_012,86.88762328761439,73.6807536478557,99.87368883632035,0
2023-03-17,SKU_012,97.56435994266187,85.43898278379146,111.12135628450902,0
2023-03-18,SKU_012,111.0060762460472,98.4559665192838,124.82944391666982,0
2023-03-19,SKU_012,120.61897672342627,107.76494947028034,133.6170876205859,0
2023-03-20,SKU_012,114.06740227282626,101.12438862591222,127.55752662521977,0
2023-03-21,SKU_012,102.19728008439698,88.51904613460292,115.60461629545748,0
2023-03-22,SKU_012,90.23526387813071,77.10074839852544,102.79648056971949,0
2023-03-23,SKU_012,90.3710143043804,76.61622286658623,103.81692122349511,0
2023-03-24,SKU_012,101.12718188522011,87.8256456452663,114.79894164560243,0
2023-03-25,SKU_012,114.61271015840614,100.93615244114265,128.11384401947026,0
2023-03-26,SKU_012,124.23057305581237,111.37946082808284,136.65349817135808,0
2023-03-27,SKU_012,117.6428955801049,104.06080322794682,130.15517174579168,0
2023-03-28,SKU_012,105.69447803419979,92.82193059866712,119.33274699046572,0
2023-03-29,SKU_012,93.61198050462762,81.41075151842269,105.88409625736219,0
2023-03-30,SKU_012,93.58621611770083,81.11024832509102,107.07757634987712,0
2023-03-31,SKU_012,104.14211500848702,90.23184291993482,117.34275062461991,0
2023-04-01,SKU_012,117.39197712418846,105.01805011774016,130.22394964509647,0
2023-04-02,SKU_012,126.74312924011394,114.00176173496415,140.0543381796372,0
2023-04-03,SKU_012,119.86293744149555,107.16785137224842,133.20356180409368,0
2023-04-04,SKU_012,107.60219829876725,93.48533717233903,120.90779550540998,0
2023-04-05,SKU_012,95.19416911378048,82.37912252157635,108.22962899610503,0
2023-04-06,SKU_012,94.83668997734871,81.6521890757815,107.02707326945885,0
2023-04-07,SKU_012,105.06196438524778,93.02829198196287,118.32897496368297,0
2023-04-08,SKU_012,117.98962152117271,104.29585087249633,130.98867591003946,0
2023-04-09,SKU_012,127.03418087827438,113.02544280951362,141.0036598607031,0
2023-04-10,SKU_012,119.86987576234549,106.38364832383589,132.51326236244435,0
2023-04-11,SKU_012,107.35386409326627,93.79050215288316,119.77101536122177,0
2023-04-12,SKU_012,94.72509181014213,81.9038485216531,108.46179123669481,0
2023-04-13,SKU_012,94.18626620385444,80.55213853583223,106.82428061112194,0
2023-04-14,SKU_012,104.27350986981044,91.06934610497366,117.0177162980337,0
2023-04-15,SKU_012,117.10932186414664,104.02954836964115,129.7806826826859,0
2023-04-16,SKU_012,126.10996936789934,113.22339937073333,139.302689843454,0
2023-04-17,SKU_012,118.95026828652271,105.4023427877785,131.282712725349,0
2023-04-18,SKU_012,106.48678223668834,94.13345273480653,119.83897856812888,0
2023-04-19,SKU_012,93.9567053884973,80.26974345120566,106.35836984492121,0
2023-04-20,SKU_012,93.5598857837367,80.71464412371536,107.55708316022194,0
2023-04-21,SKU_012,103.82855827411453,89.96870872442568,117.10790830551569,0
2023-04-22,SKU_012,116.88041131816446,103.13609522573151,129.83104920808128,0
2023-04-23,SKU_012,126.1261078731693,112.26987396862398,139.70226694375526,0
2023-04-24,SKU_012,119.23421510597404,106.43848773188083,131.76060686705713,0
2023-04-25,SKU_012,107.05456814743708,93.59250063931479,120.7600099849933,0
2023-04-26,SKU_012,94.81732872862558,81.33164747393229,106.92127545807323,0
2023-04-27,SKU_012,94.71519042057274,81.66387967916589,107.82239800687547,0
2023-04-28,SKU_012,105.2732945954025,90.8048568289813,117.72787911899462,0
2023-04-29,SKU_012,118.60247633512206,104.71667034215726,131.6410568518502,0
2023-04-30,SKU_012,128.10695566407026,114.88158912695297,141.62254836848342,0
2023-05-01,SKU_012,121.4494242756705,108.77556294748922,134.7695532687572,0
2023-05-02,SKU_012,109.47454882225266,96.79506746821447,121.39715551737152,0
2023-05-03,SKU_012,97.40814800078795,83.25558384410606,110.54515780645441,0
2023-05-04,SKU_012,97.4394921721213,84.3325173540064,109.70894228817328,0
2023-05-05,SKU_012,108.09128736073968,94.74481676646944,121.22548908839954,0
2023-05-06,SKU_012,121.47296135419765,108.95011073374845,134.60578047994795,0
2023-05-07,SKU_012,130.98836658066256,117.77623795313102,143.35617781886054,0
2023-05-08,SKU_012,124.30085003549561,111.78079478475094,137.06615616074401,0
2023-05-09,SKU_012,112.25671225026329,99.10645628649986,125.10373383695216,0
2023-05-10,SKU_012,100.0843142131659,86.68222517583669,113.23053045687574,0
2023-05-11,SKU_012,99.97628337287124,87.9052154701632,113.34976028116219,0
2023-05-12,SKU_012,110.45938360096231,97.55822138010542,123.86257408827139,0
2023-05-13,SKU_012,123.64767040171046,110.89303765431973,136.05376468642285,0
2023-05-14,SKU_012,132.95005004829403,120.35105433505487,145.8507025340568,0
2023-05-15,SKU_012,126.03519723008594,112.71782704658114,139.10011359275376,0
2023-05-16,SKU_012,113.75485770106354,100.09054216511029,126.59259848054388,0
2023-05-17,SKU_012,101.34279938521345,88.47349746156898,114.6906847123466,0
2023-05-18,SKU_012,100.99686753784964,87.27279556811622,113.5805367311521,0
2023-05-19,SKU_012,111.24871309449631,97.35655744272361,124.24921383434587,0
2023-05-20,SKU_012,124.2168194195853,110.89652502976612,137.3688080018954,0
2023-05-21,SKU_012,133.3139496176839,119.6298780366724,146.43025560117053,0
2023-05-22,SKU_012,126.21197193511031,113.15625351329663,139.17245486272765,0
2023-05-23,SKU_012,113.7650920688942,99.99630302819328,126.69801076437204,0
2023-05-24,SKU_012,101.20875748417149,89.39023960411738,114.34606103233017,0
2023-05-25,SKU_012,100.74169026989928,87.34070733782796,113.08498917978551,0
2023-05-26,SKU_012,110.8956178526275,97.55425736841147,124.24943139874287,0
2023-05-27,SKU_012,123.7883262397996,110.37890355414,136.32604190045754,0
2023-05-28,SKU_012,132.83115670202687,120.02478646366008,145.94719421054006,0
2023-05-29,SKU_012,125.69390150828626,112.91910378910654,139.0167624773226,0
2023-05-30,SKU_012,113.22812501707925,100.13869870367192,125.30576054922835,0
2023-05-31,SKU_012,100.66617219793046,87.53944387229569,113.94694689784467,0
2023-06-01,SKU_012,100.20331766363253,86.68318995188689,112.39455424569346,0
2023-06-02,SKU_012,110.36762077500045,96.25062028518522,123.32754490231474,0
2023-06-03,SKU_012,123.27310753598017,110.48935863640232,135.71165130424382,0
2023-06-04,SKU_012,132.327396161281,119.6314921502744,145.5707432725641,0
2023-06-05,SKU_012,125.19671795151172,113.05804103835669,138.4922777807103,0
2023-06-06,SKU_012,112.72935596765119,100.26956121756919,126.0104697341277,0
2023-06-07,SKU_012,100.15476004874206,87.76917713438615,112.91072863889734,0
2023-06-08,SKU_012,99.6657881073162,87.67358756751817,113.22248951778413,0
2023-06-09,SKU_012,109.78863659416385,96.78156520363058,123.71725053236153,0
2023-06-10,SKU_012,122.63607873138604,109.33584020612524,136.45442044173163,0
2023-06-11,SKU_012,131.61512588715382,118.06839152303971,144.7193062858976,0
2023-06-12,SKU_012,124.39206286935644,111.41817792917823,136.4221290402057,0
2023-06-13,SKU_012,111.81587943936793,98.87495804128287,125.85248525269992,0
2023-06-14,SKU_012,99.11735707582332,85.26643307299545,112.14343999174301,0
2023-06-15,SKU_012,98.49126202008333,85.73637579967432,111.96785448891869,0
2023-06-16,SKU_012,108.46620928792974,95.83751151636635,120.9248253923222,0
2023-06-17,SKU_012,121.15781846961256,109.05035208184277,134.00649939624336,0
2023-06-18,SKU_012,129.9762794766981,117.78201171922692,142.82270030467822,0
2023-06-19,SKU_012,122.5912821478278,110.31680964588008,136.09781420055296,0
2023-06-20,SKU_012,109.85533543984721,96.36821486156711,122.36285508683322,0
2023-06-21,SKU_012,97.00273883227423,84.00975434030933,109.75822650148024,0
2023-06-22,SKU_012,96.23166067410136,83.37231613290011,108.98527562745785,0
2023-06-23,SKU_012,106.07389171818456,92.45852755679405,119.17645580016162,0
2023-06-24,SKU_012,118.64789818633596,105.54669798095462,130.83247266066624,0
2023-06-25,SKU_012,127.36629568941095,114.41196023709033,141.16958594533543,0
2023-06-26,SKU_012,119.90070075396228,107.30807610307829,132.36404775779607,0
2023-06-27,SKU_012,107.10498807130085,93.35420562757103,120.02641180870913,0
2023-06-28,SKU_012,94.214217965356,81.44854180892133,106.80206752564011,0
2023-06-29,SKU_012,93.42669010775977,80.45173782030027,107.64425729467042,0
2023-06-30,SKU_012,103.27369241470032,90.50529190243063,117.5541394717716,0
2023-07-01,SKU_012,115.87256953213448,102.81151406774457,129.00362910338666,0
2023-07-02,SKU_012,124.63423167229841,111.39727888606112,137.7752544466788,0
2023-07-03,SKU_012,117.228059387558,103.02148678240378,130.34667261464566,0
2023-07-04,SKU_012,104.50523066719035,91.75412158756612,117.40565648836044,0
2023-07-05,SKU_012,91.6977326145885,79.21807167022084,105.71747946956772,0
2023-07-06,SKU_012,91.00051105722343,77.4499325126072,103.5447225257543,0
2023-07-07,SKU_012,100.94132399649388,88.53192324305407,114.20597868056745,0
2023-07-08,SKU_012,113.63392001813264,101.2120622111535,126.32990304932726,0
2023-07-09,SKU_012,122.48565898574174,109.08551322310663,134.62541738588018,0
2023-07-10,SKU_012,115.16252711908845,102.4275344281596,127.83749608346606,0
2023-07-11,SKU_012,102.51256941202934,89.68404804390694,116.09611273497626,0
2023-07-12,SKU_012,89.76499838908221,75.9628347561866,102.04998799098792,0
2023-07-13,SKU_012,89.11242955548134,76.17975923958703,101.23350255292245,0
2023-07-14,SKU_012,99.08080681155661,86.72874396128677,111.66925204801318,0
2023-07-15,SKU_012,111.78263674943366,99.15060875990352,124.79661213056984,0
2023-07-16,SKU_012,120.62464746035643,108.2270887949251,132.9595615632677,0
2023-07-17,SKU_012,113.27282280724387,99.84135574441555,126.23457380172954,0
2023-07-18,SKU_012,100.57583456582297,87.53157008492376,114.25451175288896,0
2023-07-19,SKU_012,87.7641314791455,74.94259917916418,101.88950036050153,0
2023-07-20,SKU_012,87.03213622735389,74.18828517559666,101.50196446672207,0
2023-07-21,SKU_012,96.90811480751452,84.6796272358913,109.70942522633987,0
2023-07-22,SKU_012,109.50733900390378,96.21237540251916,123.46180593399895,0
2023-07-23,SKU_012,118.23965981934315,105.72125720655127,131.32890461790427,0
2023-07-24,SKU_012,110.77444547867357,97.3275358390097,123.99464739314432,0
2023-07-25,SKU_012,97.96390938835567,85.63006161423054,111.02356944264496,0
2023-07-26,SKU_012,85.04209031537916,72.59479006607012,97.81514795517404,0
2023-07-27,SKU_012,84.20693913943039,71.34863882972992,97.69850833684055,0
2023-07-28,SKU_012,93.99008005665037,81.63983685651841,107.36684952816374,0
2023-07-29,SKU_012,106.50987022552488,93.69374057264866,120.23961246160968,0
2023-07-30,SKU_012,115.17887886064139,101.455109510005,127.84529407636138,0
2023-07-31,SKU_012,107.66874224925357,95.73786692236209,121.19029761041458,0
2023-08-01,SKU_012,94.83342257800592,81.25968522073948,107.66814741894878,0
2023-08-02,SKU_012,81.90813490487132,68.829184951845,94.82105319328303,0
2023-08-03,SKU_012,81.09139820041818,66.79495338277829,94.20776082026606,0
2023-08-04,SKU_012,90.91477936294747,77.71607620847472,103.15262286225797,0
2023-08-05,SKU_012,103.49595465183609,91.08060360596292,117.5893508914655,0
2023-08-06,SKU_012,112.24620940821603,98.50345442417,125.17110000573021,0
2023-08-07,SKU_012,104.83533182211085,91.8076208656326,117.54471266802894,0
2023-08-08,SKU_012,92.11492736085394,78.59383243942472,104.74136188382707,0
2023-08-09,SKU_012,79.31741640210032,65.24575301932323,91.1904560967226,0
2023-08-10,SKU_012,78.63816874954675,65.09189031805613,92.08847575019097,0
2023-08-11,SKU_012,88.6053412994867,75.72230235133648,102.30694245918285,0
2023-08-12,SKU_012,101.33304036123104,87.5320442007236,114.26415105885341,0
2023-08-13,SKU_012,110.22892634965679,96.26514993817173,122.9538006508384,0
2023-08-14,SKU_012,102.95921334156796,90.04171265185417,116.07494958005607,0
2023-08-15,SKU_012,90.37208683623686,76.82665307358339,102.2436153484028,0
2023-08-16,SKU_012,77.6967990763363,64.35457743970059,91.41525743484799,0
2023-08-17,SKU_012,77.1258926141783,64.41456009330972,89.09999309573013,0
2023-08-18,SKU_012,87.1851156807722,74.09574527989099,99.3566648179607,0
2023-08-19,SKU_012,99.9866485184749,87.18924215067044,112.78346095104904,0
2023-08-20,SKU_012,108.93675649544875,95.98873103898168,122.42652187694114,0
2023-08-21,SKU_012,101.70082109186336,88.64404299682447,114.25539524903091,0
2023-08-22,SKU_012,89.12677124077592,75.51676325713609,102.39430661666712,0
2023-08-23,SKU_012,76.4441740922967,64.8671394478696,89.28925636191158,0
2023-08-24,SKU_012,75.846436167306,63.53546398143798,89.98594461953023,0
2023-08-25,SKU_012,85.86067932796169,72.69498634207271,99.19449530689032,0
2023-08-26,SKU_012,98.60091210678097,86.17149798393348,109.98428836647557,0
2023-08-27,SKU_012,107.47561410931401,93.99242785222101,120.35048579508634,0
2023-08-28,SKU_012,100.15268690301006,86.19242257312055,114.34740740829272,0
2023-08-29,SKU_012,87.48279655888032,73.27452426839038,100.61984805099509,0
2023-08-30,SKU_012,74.69836987261966,61.70430405991495,87.80868599580447,0
2023-08-31,SKU_012,73.99569837536731,61.37768028526723,87.68501283157767,0
2023-09-01,SKU_012,83.9047177670463,71.26345348332379,96.56361866127791,0
2023-09-02,SKU_012,96.54208652217038,82.8976906189399,110.40799855710316,0
2023-09-03,SKU_012,105.31868444563054,92.40510367609545,118.3126739571769,0
2023-09-04,SKU_012,97.90448743602056,85.3124167689429,110.83893766947813,0
2023-09-05,SKU_012,85.15184615267938,72.29854201260852,97.60978914744874,0
2023-09-06,SKU_012,72.29443273980374,58.24693822808501,85.63681009012322,0
2023-09-07,SKU_012,71.5293113801742,58.7982886629643,83.37323159887552,0
2023-09-08,SKU_012,81.38670144475249,68.979052979261,94.6042480259626,0
2023-09-09,SKU_012,93.9830575630482,81.63166616651439,107.92250703047203,0
2023-09-10,SKU_012,102.72858737758008,90.48467924474521,115.78803516622713,0
2023-09-11,SKU_012,95.29216264291092,81.62785341451537,107.49133571270815,0
2023-09-12,SKU_012,82.52465019270927,69.19325739739469,95.74534908234209,0
2023-09-13,SKU_012,69.65792522089616,56.17752352042517,82.86208963783626,0
2023-09-14,SKU_012,68.8870204541538,55.97913248793508,82.5997521055409,0
2023-09-15,SKU_012,78.7399773688351,65.38114386349045,92.24402213291195,0
2023-09-16,SKU_012,91.33102081867303,78.13060093091013,104.60184276586399,0
2023-09-17,SKU_012,100.06817466501764,86.55474936126477,113.78998738684997,0
2023-09-18,SKU_012,92.61827067417876,79.5887843476403,106.68273786235108,0
2023-09-19,SKU_012,79.83037387393078,67.58293625131644,92.75296275728141,0
2023-09-20,SKU_012,66.93488347579947,54.22947498614105,78.87186129632316,0
2023-09-21,SKU_012,66.1257598081921,53.40142850462011,78.64679484037148,0
2023-09-22,SKU_012,75.93044055531514,63.05806021276345,88.31070286266635,0
2023-09-23,SKU_012,88.46306518946861,76.070385849189,102.37088079048263,0
2023-09-24,SKU_012,97.13212313699955,84.25928494296404,110.37222182221605,0
2023-09-25,SKU_012,89.60547649744761,76.73446088585678,102.68580956830303,0
2023-09-26,SKU_012,76.73377954371743,63.20958657708262,89.44506169487661,0
2023-09-27,SKU_012,63.74955384431481,49.849693168113724,76.1449000341461,0
2023-09-28,SKU_012,62.84936979552395,49.066724746996684,76.4631039097937,0
2023-09-29,SKU_012,72.56369884443586,60.53515611683465,86.22738284210037,0
2023-09-30,SKU_012,85.01005689374924,73.26694996213789,98.36328933968522,0
2023-10-01,SKU_012,93.60055660616925,79.86074517046644,106.91014016494896,0
2023-10-02,SKU_012,86.00682212547935,71.9845597605152,98.51730412580405,0
2023-10-03,SKU_012,73.08329157694396,59.79966414508772,86.61750244106697,0
2023-10-04,SKU_012,60.0661696762987,46.76008286744328,72.98458824822909,0
2023-10-05,SKU_012,59.15548497006649,45.5998741068285,72.1280606591583,0
2023-10-06,SKU_012,68.88481986008264,55.53564067063442,82.26496062644557,0
2023-10-07,SKU_012,81.37433779377173,67.70647042932218,94.06325227662431,0
2023-10-08,SKU_012,90.03822912998999,77.81384932368671,102.22413400710187,0
2023-10-09,SKU_012,82.54953276464454,68.91729896138739,95.43311448193563,0
2023-10-10,SKU_012,69.76336214776052,57.40334935662773,81.51764875580989,0
2023-10-11,SKU_012,56.91580077534767,43.125468191285925,70.38243331909526,0
2023-10-12,SKU_012,56.2059240102113,42.49712068449815,69.0847534027338,0
2023-10-13,SKU_012,66.16551703002743,52.52904563028125,79.08997266137794,0
2023-10-14,SKU_012,78.91211429565188,65.66290065702673,91.97779851344563,0
2023-10-15,SKU_012,87.85648234485603,73.6380245313002,99.8431876620246,0
2023-10-16,SKU_012,80.66750256782328,67.81217261056987,93.88296957901365,0
2023-10-17,SKU_012,68.19548140625128,55.593043960012125,81.81356132535413,0
2023-10-18,SKU_012,55.671151242801145,43.20155417132571,70.30251723953462,0
2023-10-19,SKU_012,55.2878162484405,42.62639070506687,68.64325313250623,0
2023-10-20,SKU_012,65.57120988006187,52.9337832704188,78.95761802474941,0
2023-10-21,SKU_012,78.63268576692786,65.55618753527014,91.5008731702044,0
2023-10-22,SKU_012,87.87685972486518,74.34280530968347,100.39377877897499,0
2023-10-23,SKU_012,80.96665518208884,67.29475496336927,94.34111563459935,0
2023-10-24,SKU_012,68.746774907544,56.61609506813266,81.76553329880304,0
2023-10-25,SKU_012,56.44285770237295,43.77853163451067,69.97719884570708,0
2023-10-26,SKU_012,56.243769801072084,42.825479332087596,68.63689044075964,0
2023-10-27,SKU_012,66.67159336685954,53.455866234454895,79.44254616212059,0
2023-10-28,SKU_012,79.83492985467048,66.03496149619248,93.12054368531271,0
2023-10-29,SKU_012,89.1366324791193,75.28573416073023,102.37240048637105,0
2023-10-30,SKU_012,82.2389171381673,68.89323238191925,95.41402648311663,0
2023-10-31,SKU_012,69.9868724140168,57.392500705840874,82.51349959951949,0
2023-11-01,SKU_012,57.60762577689844,44.63818333371955,70.91657975405326,0
2023-11-02,SKU_012,57.29261500389975,45.56502025063874,69.67386074717406,0
2023-11-03,SKU_012,67.56752726052423,54.05119214509969,80.07690645112802,0
2023-11-04,SKU_012,80.54552454385342,67.3162597440046,93.76132296863578,0
2023-11-05,SKU_012,89.6348714412838,76.85031374357402,101.87184394275074,0
2023-11-06,SKU_012,82.5039170562517,71.31409882507609,96.35445751145468,0
2023-11-07,SKU_012,70.00445493459281,56.016966081201495,82.69326525671788,0
2023-11-08,SKU_012,57.37072196284835,45.15882972363052,70.2382098354032,0
2023-11-09,SKU_012,56.80148961115448,44.62005751466806,70.52933391724231,0
2023-11-10,SKU_012,66.82981476779784,53.721115673307644,80.58564129898802,0
2023-11-11,SKU_012,79.576073906161,66.57864080406694,92.90417443318385,0
2023-11-12,SKU_012,88.45540174527378,75.69871312321092,102.0137883717095,0
2023-11-13,SKU_012,81.14249144564518,67.90436920480035,93.48970816609157,0
2023-11-14,SKU_012,68.49478521282359,56.06964677874373,82.12011919302256,0
2023-11-15,SKU_012,55.751321022209304,42.73575992309835,69.88899328734578,0
2023-11-16,SKU_012,55.11469314748795,43.232667943561246,68.81996817820314,0
2023-11-17,SKU_012,65.12069749141882,52.05953897946736,78.26112066520392,0
2023-11-18,SKU_012,77.89128854448353,64.89412859580615,89.87577488457073,0
2023-11-19,SKU_012,86.841971455708,74.20439248274589,99.93327196492167,0
2023-11-20,SKU_012,79.64658775282199,66.92505803579984,92.95693624001011,0
2023-11-21,SKU_012,67.16052419694957,54.46157093615423,80.52849055615914,0
2023-11-22,SKU_012,54.61961019870969,41.81177348411564,68.08104383239612,0
2023-11-23,SKU_012,54.2221602891864,41.91935081690831,69.29323580163548,0
2023-11-24,SKU_012,64.49872796203195,52.039860286357374,77.92824524201733,0
2023-11-25,SKU_012,77.5652079381619,64.52307295795133,90.73980021211291,0
2023-11-26,SKU_012,86.83038049252038,73.50859097816752,100.69457194277412,0
2023-11-27,SKU_012,79.960878323302,66.15107730944807,93.4126595804927,0
2023-11-28,SKU_012,67.80458753312105,54.79780830972508,80.84672572970638,0
2023-11-29,SKU_012,55.58974556427071,43.41317583333856,68.84181873423154,0
2023-11-30,SKU_012,55.50718712035466,42.137721922215235,69.12615328668356,0
2023-12-01,SKU_012,66.0803014437109,53.46774845650441,78.64032068730047,0
2023-12-02,SKU_012,79.41831937689733,66.8332530851399,93.31435706893845,0
2023-12-03,SKU_012,88.92404475535999,76.19193533203509,102.15231839142471,0
2023-12-04,SKU_012,82.25897943698077,69.0517561043757,94.95773358208754,0
2023-12-05,SKU_012,70.26686218871811,57.21450243452096,82.36803695765347,0
2023-12-06,SKU_012,58.17287781018492,45.017126540704105,71.20495430544563,0
2023-12-07,SKU_012,58.16598441981622,45.57634371543609,70.95126294908258,0
2023-12-08,SKU_012,68.76891998547676,55.48686755288716,81.95005368757045,0
2023-12-09,SKU_012,82.09150512744183,68.59855683454454,95.57546716077215,0
2023-12-10,SKU_012,91.53835626881887,78.6661561548603,104.20190947703541,0
2023-12-11,SKU_012,84.77395891103436,72.24687015391888,97.3493550712152,0
2023-12-12,SKU_012,72.64612265950176,60.58848623766812,85.03148441895004,0
2023-12-13,SKU_012,60.385076679548305,45.95493680242926,72.67663031062146,0
2023-12-14,SKU_012,60.18565664136188,47.4940363367461,73.6696171636187,0
2023-12-15,SKU_012,70.57714811514779,57.04991474485449,83.76820867702988,0
2023-12-16,SKU_012,83.67640796191047,71.12723859090144,96.71342834484254,0
2023-12-17,SKU_012,92.89538282628033,79.31491559788196,105.33253276596778,0
2023-12-18,SKU_012,85.90597990938201,73.20676308213424,99.3486185970232,0
2023-12-19,SKU_012,73.56331727846127,59.927469239339786,87.04566094808868,0
2023-12-20,SKU_012,61.10461806379599,47.74883848917593,74.27416828618189,0
2023-12-21,SKU_012,60.73120520777797,47.69722683894143,73.46788524382231,0
2023-12-22,SKU_012,70.97816705326343,57.85526805462733,82.96386881236141,0
2023-12-23,SKU_012,83.96732025124484,71.3713595584117,96.46809268107847,0
2023-12-24,SKU_012,93.11459348126516,80.51769987546153,106.61710579894932,0
2023-12-25,SKU_012,86.09479088598228,72.55804857014566,98.82405460781563,0
2023-12-26,SKU_012,73.76476541818474,61.14876748755948,85.8047507367762,0
2023-12-27,SKU_012,61.362268562546426,49.24021686710052,73.53045350699749,0
2023-12-28,SKU_012,61.08793426170752,48.3191055836124,73.42184995483507,0
2023-12-29,SKU_012,71.47496757843811,58.66880165945514,84.29079968531727,0
2023-12-30,SKU_012,84.6421638544518,71.35134272728645,97.27842836190703,0
2023-12-31,SKU_012,94.00138021087072,81.65553326881403,107.5977417729232,0
2024-01-01,SKU_012,87.22241575762875,73.94675435532697,101.30468832195123,0
2024-01-02,SKU_012,75.15632736664581,62.148986496432585,88.52058278278795,0
2024-01-03,SKU_012,63.03444340744983,49.5486999008268,77.4749179325661,0
2024-01-04,SKU_012,63.050528613339914,51.0168242281019,76.70919205873713,0
2024-01-05,SKU_012,73.73066547862717,60.93906608530896,87.28923956864892,0
2024-01-06,SKU_012,87.186472494984,73.46626902043054,99.53631658345304,0
2024-01-07,SKU_012,96.8227754508995,83.10205934326468,109.99278519751903,0
2024-01-08,SKU_012,90.30268253561918,77.6785767318711,103.96953609840463,0
2024-01-09,SKU_012,78.47108462545243,66.01476862156744,90.67905227505015,0
2024-01-10,SKU_012,66.5538379875151,52.63630347053509,79.8800191622583,0
2024-01-11,SKU_012,66.74007783866477,54.77515047181439,80.65342833835028,0
2024-01-12,SKU_012,77.55222406525503,64.44224459048874,90.40680105414638,0
2024-01-13,SKU_012,91.09929595546676,78.44955063633036,104.30423889913176,0
2024-01-14,SKU_012,100.7846495604512,86.44090741657945,114.11399965837838,0
2024-01-15,SKU_012,94.27108667019829,80.6656031979375,107.1523235087301,0
2024-01-16,SKU_012,82.40435595027549,69.4902558489824,96.14239344135189,0
2024-01-17,SKU_012,70.41230358341446,57.38753882873475,83.3480443890038,0
2024-01-18,SKU_012,70.48712291571663,57.47220949070376,82.9706873102915,0
2024-01-19,SKU_012,81.15526633623065,68.25930859225689,93.87334067310266,0
2024-01-20,SKU_012,94.53063907216537,81.60601035161902,107.43024130595215,0
2024-01-21,SKU_012,104.02219206547214,91.1215736244991,117.09400721675544,0
2024-01-22,SKU_012,97.29886714599839,83.96354353404088,111.06089278053555,0
2024-01-23,SKU_012,85.21291981180265,73.52792876820129,98.94726176749734,0
2024-01-24,SKU_012,72.99888212588104,60.2142379803071,85.47076657399197,0
2024-01-25,SKU_012,72.855620645666,59.80669916432167,84.69312919478445,0
2024-01-26,SKU_012,83.31605812595024,69.86928731348002,95.47016843209516,0
2024-01-27,SKU_012,96.50018412697023,84.46765777926227,109.53631739617894,0
2024-01-28,SKU_012,105.82247692151002,93.84296776704718,119.13040859096807,0
2024-01-29,SKU_012,98.95669477815622,86.89059824861731,112.05037211508048,0
2024-01-30,SKU_012,86.75906628128102,73.03638637253391,98.90103210975518,0
2024-01-31,SKU_012,74.46714591757537,61.61839226814136,87.9359896349875,0
2024-02-01,SKU_012,74.2817928268911,60.728184816579905,87.0257125166415,0
2024-02-02,SKU_012,84.73684361763593,71.39503344350412,96.9708806162717,0
2024-02-03,SKU_012,97.95210565775842,83.75208749691436,111.16064152344157,0
2024-02-04,SKU_012,107.34079359237431,94.47956686853318,120.81101283777117,0
2024-02-05,SKU_012,100.57436660459685,86.90571787287729,113.00113149013241,0
2024-02-06,SKU_012,88.50579460761183,75.55859685840315,102.83155807704176,0
2024-02-07,SKU_012,76.36851726535487,63.33053559235774,89.43280685787836,0
2024-02-08,SKU_012,76.35855061585318,63.31104625111082,89.56918461722837,0
2024-02-09,SKU_012,87.00430837116363,73.27398303326443,100.18493504882846,0
2024-02-10,SKU_012,100.41975989222311,87.74975418766138,112.91867354917471,0
2024-02-11,SKU_012,110.01204272196215,96.77214398659167,122.9372679926601,0
2024-02-12,SKU_012,103.4464820019829,90.7230039764674,116.90448334960546,0
2024-02-13,SKU_012,91.57003961043547,78.31019360930259,104.11356230272109,0
2024-02-14,SKU_012,79.61045155607019,66.86705662962909,93.01968532030976,0
2024-02-15,SKU_012,79.7585031866461,65.82124841751398,92.20012441212045,0
2024-02-16,SKU_012,90.53800436700062,77.81138787232743,103.9114597790354,0
2024-02-17,SKU_012,104.0590821461778,91.04608785917307,116.63170901266886,0
2024-02-18,SKU_012,113.72590488746253,99.78095963615874,126.56629050176001,0
2024-02-19,SKU_012,107.2017869574169,94.57266159784176,119.71292690038887,0
2024-02-20,SKU_012,95.33269435985945,81.41509297693706,107.56808454130599,0
2024-02-21,SKU_012,83.34640823934882,70.11744144486919,95.86520822009328,0
2024-02-22,SKU_012,83.43479509509832,69.8585670878136,96.7865726585734,0
2024-02-23,SKU_012,94.12374605237478,82.36483612278015,107.72889474074448,0
2024-02-24,SKU_012,107.52640380593468,94.56547010267569,120.81564939167367,0
2024-02-25,SKU_012,117.0507931763741,104.68302791273341,130.67180064403712,0
2024-02-26,SKU_012,110.36480393620594,97.2521136987011,123.44592918882891,0
2024-02-27,SKU_012,98.3195658893001,85.45579732499802,111.25720128931091,0
2024-02-28,SKU_012,86.14844509253095,73.78011270804419,99.04384235756086,0
2024-02-29,SKU_012,86.04914688083522,72.88776292789886,99.67401914409945,0
2024-03-01,SKU_012,96.55347697507804,82.47965084515465,109.8417312299376,0
2024-03-02,SKU_012,109.78038774851541,96.38257486179938,121.77629572461753,0
2024-03-03,SKU_012,119.14343091269393,105.74269320153017,131.2609369324984,0
2024-03-04,SKU_012,112.3155737348134,100.41784787160499,127.14406894735515,0
2024-03-05,SKU_012,100.15240768835476,86.64220649684492,113.32034507064999,0
2024-03-06,SKU_012,87.89101522891951,74.34138939094724,101.38561990344635,0
2024-03-07,SKU_012,87.7319522964643,74.82773868976912,99.82576868123449,0
2024-03-08,SKU_012,98.2089173966142,85.1691594091115,110.78753400813275,0
2024-03-09,SKU_012,111.44173387123936,98.49145589512892,124.02968935776039,0
2024-03-10,SKU_012,120.84376856002375,107.43550022746474,133.90891571168532,0
2024-03-11,SKU_012,114.08674503813597,100.9065684415796,128.28733275770455,0
2024-03-12,SKU_012,102.02398050570801,89.97398148863063,114.13197327961653,0
2024-03-13,SKU_012,89.88931129094607,76.71984824740578,104.17697261917967,0
2024-03-14,SKU_012,89.87916295499225,76.26521738665627,102.52120620690825,0
2024-03-15,SKU_012,100.52233340135108,87.60030513775419,113.52612048326483,0
2024-03-16,SKU_012,113.93311238449783,100.62315667593239,127.1323140673134,0
2024-03-17,SKU_012,123.51885672934671,110.938222248166,136.7323752835066,0
2024-03-18,SKU_012,116.94497499616594,103.9066559834016,131.0583038501305,0
2024-03-19,SKU_012,105.05834578190941,91.67953855325153,117.94969998107625,0
2024-03-20,SKU_012,93.08640845878878,79.7743166503766,105.6923681617057,0
2024-03-21,SKU_012,93.21948192471221,78.66348796171312,105.55519921760437,0
2024-03-22,SKU_012,103.98066463496936,91.12872653304028,116.25219597569671,0
2024-03-23,SKU_012,117.47914397157655,104.41802390204117,131.35728916511985,0
2024-03-24,SKU_012,127.11792450593914,114.23548359627456,140.02524211052724,0
2024-03-25,SKU_012,120.55894546866543,108.0637690487235,133.52290856450657,0
2024-03-26,SKU_012,108.64660778734525,96.37717640519377,121.90853836776505,0
2024-03-27,SKU_012,96.60696732477538,83.4340062256634,110.25746626080928,0
2024-03-28,SKU_012,96.63004260451451,83.56944752853343,110.28700062951371,0
2024-03-29,SKU_012,107.23979856675899,93.9928655369888,120.72784423164234,0
2024-03-30,SKU_012,120.54742393260705,106.71199594666619,133.6076771386796,0
2024-03-31,SKU_012,129.95901687620133,116.99766341438824,143.49673173488029,0
2024-04-01,SKU_012,123.14062946424175,109.28969939508471,136.14738558562024,0
2024-04-02,SKU_012,110.94169320751803,98.02097013617671,123.52623360966636,0
2024-04-03,SKU_012,98.59408514142257,85.70766720780482,113.1317774175171,0
2024-04-04,SKU_012,98.29428622604912,85.83083407719079,110.85080126481272,0
2024-04-05,SKU_012,108.57319773207348,94.60926488119878,120.89557141652185,0
2024-04-06,SKU_012,121.54923781491341,108.50279221403473,133.7857733970066,0
2024-04-07,SKU_012,130.63583797047053,117.92396287665227,143.21874662736963,0
2024-04-08,SKU_012,123.50629505317147,110.61072681674275,136.23472836008332,0
2024-04-09,SKU_012,111.0170065016669,96.81985657867925,124.85364967037674,0
2024-04-10,SKU_012,98.40635341924497,85.16274203725673,111.46414424755304,0
2024-04-11,SKU_012,97.87668831205025,84.99919484650503,110.15889694735402,0
2024-04-12,SKU_012,107.96394062469004,95.19528019418094,120.90237341110553,0
2024-04-13,SKU_012,120.79075234538126,107.75574520175806,134.74723482271287,0
2024-04-14,SKU_012,129.77369512803494,116.49503242292273,143.34922906894957,0
2024-04-15,SKU_012,122.58809928151726,109.98200121536699,135.49929400037934,0
2024-04-16,SKU_012,110.09123844791127,97.06608182247278,121.89501315704305,0
2024-04-17,SKU_012,97.52119304598052,83.93112333967639,110.76095965136096,0
2024-04-18,SKU_012,97.07884966650127,83.90538621461444,109.40792526809449,0
2024-04-19,SKU_012,107.29760624952543,94.71545143595966,119.80662391192986,0
2024-04-20,SKU_012,120.29640807262041,107.096230548872,133.55998087380271,0
2024-04-21,SKU_012,129.48723565311403,116.05756702386104,141.66158733715656,0
2024-04-22,SKU_012,122.54000021160309,111.01325882103843,135.9006046867588,0
2024-04-23,SKU_012,110.30587286825096,96.38328533766344,123.73868295044014,0
2024-04-24,SKU_012,98.01630936084068,85.2080382943104,110.84337146001236,0
2024-04-25,SKU_012,97.8652229281354,83.95598093019576,111.0966981210185,0
2024-04-26,SKU_012,108.37887034576744,95.82164786895123,121.13135914150583,0
2024-04-27,SKU_012,121.6690711347044,108.73242052510743,135.09656807972422,0
2024-04-28,SKU_012,131.14087601640378,118.41460242361379,143.32653825359216,0
2024-04-29,SKU_012,124.45763535288978,111.4025368994114,137.00632611488447,0
2024-04-30,SKU_012,112.46448909590154,99.25406870583315,126.24134036635616,0
2024-05-01,SKU_012,100.38753577159804,86.48266368293076,113.76035079239661,0
2024-05-02,SKU_012,100.41612939062179,88.07503286978749,113.46610935669102,0
2024-05-03,SKU_012,111.07286612307814,98.0046402406492,123.72425972649044,0
2024-05-04,SKU_012,124.46687830267621,111.75703748696601,137.83058018501217,0
2024-05-05,SKU_012,134.00155013294244,121.18506476965564,147.63948555102786,0
2024-05-06,SKU_012,127.33960110085951,115.14100767634383,139.89541171141192,0
2024-05-07,SKU_012,115.32657766538787,102.6651586031964,127.70692533642136,0
2024-05-08,SKU_012,103.1899731917762,89.9516532793059,116.05624557210255,0
2024-05-09,SKU_012,103.12146478640412,90.20355003515276,115.8761567133875,0
2024-05-10,SKU_012,113.64681195859994,101.02936021708436,126.72515150599092,0
2024-05-11,SKU_012,126.87904137745706,114.44161468300521,139.67601457865408,0
2024-05-12,SKU_012,136.22603554121608,122.23302016523547,149.92341923243993,0
2024-05-13,SKU_012,129.3554790954883,115.54894785853308,142.1079028297835,0
2024-05-14,SKU_012,117.11818847884274,103.98377496622959,130.52075537161767,0
2024-05-15,SKU_012,104.74708760178778,91.29511330579366,117.9703642151177,0
2024-05-16,SKU_012,104.43928448853242,91.94861147034386,118.2092531422967,0
2024-05-17,SKU_012,114.72581744428977,101.31992246508912,127.3215348739425,0
2024-05-18,SKU_012,127.7246955079206,114.55280669922011,139.63581950817826,0
2024-05-19,SKU_012,136.8483550270012,123.03160279252984,148.98284654782637,0
2024-05-20,SKU_012,129.76848969335322,116.9715849993771,142.80043304669132,0
2024-05-21,SKU_012,117.33928280480434,103.53617551666726,130.32645244251972,0
2024-05-22,SKU_012,104.79630694607972,91.64424415612241,118.20251722336842,0
2024-05-23,SKU_012,104.33854783956404,91.5341840101788,117.13337814190405,0
2024-05-24,SKU_012,114.4981220391231,101.44086177068137,127.7255341697889,0
2024-05-25,SKU_012,127.39331360309342,114.6568919678941,140.37916433406048,0
2024-05-26,SKU_012,136.4360512211696,123.50570836804002,149.61083640658973,0
2024-05-27,SKU_012,129.29678205700122,115.83229416852036,142.04937462669045,0
2024-05-28,SKU_012,116.82776931599165,104.21609140048335,129.4279494263596,0
2024-05-29,SKU_012,104.25998164156809,90.94548042545578,117.39125279652514,0
2024-05-30,SKU_012,103.79150178406415,90.85034559618823,117.08756949774804,0
2024-05-31,SKU_012,113.95107365904494,100.54401429010572,127.89881475796565,0
2024-06-01,SKU_012,126.85335644314537,113.53924688831988,139.5116021175374,0
2024-06-02,SKU_012,135.90652966433217,122.35833731009649,148.27306241112748,0
2024-06-03,SKU_012,128.7772962484542,115.7070140473631,140.90107877185582,0
2024-06-04,SKU_012,116.31430652922923,103.56484307656356,129.3402152934016,0
2024-06-05,SKU_012,103.74726218087133,90.3905516549986,115.66536940880397,0
2024-06-06,SKU_012,103.26915030602459,89.84983063397723,115.76182151292808,0
2024-06-07,SKU_012,113.40617074641764,100.64476266386905,125.74586158553612,0
2024-06-08,SKU_012,126.27097526574588,112.74075688507502,138.89610020901293,0
2024-06-09,SKU_012,135.27033389931097,122.59107061131454,148.84190467113774,0
2024-06-10,SKU_012,128.07017904707172,114.99998754859274,141.58286173494756,0
2024-06-11,SKU_012,115.51904929301855,102.06155729668866,129.03006318177816,0
2024-06-12,SKU_012,102.84719155301437,89.01234083770602,115.04996013097083,0
2024-06-13,SKU_012,102.24877209667757,89.64669423694171,115.73255240991351,0
2024-06-14,SKU_012,112.25176047953376,99.08745745307668,125.3289499560345,0
2024-06-15,SKU_012,124.97110662066072,111.56107708616366,138.06304247951664,0
2024-06-16,SKU_012,133.8163284734022,120.8853542216429,147.66473977774388,0
2024-06-17,SKU_012,126.45646350914735,114.31569139645124,139.60181746741765,0
2024-06-18,SKU_012,113.74340905249967,100.21389612159834,127.17054245424171,0
2024-06-19,SKU_012,100.91091343227544,88.28237927667168,115.02398807074253,0
2024-06-20,SKU_012,100.15667206430375,87.44628746582852,113.47404895574884,0
2024-06-21,SKU_012,110.01155139426663,96.33723543117976,122.20350865527722,0
2024-06-22,SKU_012,122.59428843025998,109.90399207708026,133.84807808503507,0
2024-06-23,SKU_012,131.31733912028426,118.29469373717579,143.5962903548312,0
2024-06-24,SKU_012,123.85227976941458,110.54119691953136,137.924609910581,0
2024-06-25,SKU_012,111.05306561667919,98.28160666995004,124.61382279970422,0
2024-06-26,SKU_012,98.15495581286824,85.13147413921259,110.84836753197456,0
2024-06-27,SKU_012,97.35656092058454,84.28665538766916,110.93120198194394,0
2024-06-28,SKU_012,107.18958208071416,93.26481679891045,120.76929712327876,0
2024-06-29,SKU_012,119.77186656714922,106.04134377421406,132.44382007764582,0
2024-06-30,SKU_012,128.51490090961286,115.54439024154566,142.1956442504335,0
2024-07-01,SKU_012,121.08869766902751,107.55718698480585,133.8011740029299,0
2024-07-02,SKU_012,108.34510281964337,94.61587354915895,120.56335507673143,0
2024-07-03,SKU_012,95.51678661603944,82.47510649395628,109.38157178568454,0
2024-07-04,SKU_012,94.79937194679823,82.01234903325684,106.55501378445794,0
2024-07-05,SKU_012,104.72126674643948,91.14102515564345,117.3234984684845,0
2024-07-06,SKU_012,117.39682223805636,103.66808120620927,131.11541401492198,0
2024-07-07,SKU_012,126.23393495661622,113.12385085178553,139.03488259497067,0
2024-07-08,SKU_012,118.89904522546915,105.74890540348696,131.81574368607426,0
2024-07-09,SKU_012,106.24055555653455,93.17841901765969,118.89448765312358,0
2024-07-10,SKU_012,93.48792839787852,80.14261092994938,106.18128304073778,0
2024-07-11,SKU_012,92.83391392047452,79.70294434938192,106.17340379025327,0
2024-07-12,SKU_012,102.80447134244055,89.87969729781686,115.48267029177792,0
2024-07-13,SKU_012,115.51200283013219,102.26063448057702,128.9214289917569,0
2024-07-14,SKU_012,124.36301560686951,111.34328456207068,137.70063927658782,0
2024-07-15,SKU_012,117.023043913654,104.19851138858375,129.976162760486,0
2024-07-16,SKU_012,104.34044901504414,92.44789684927207,117.5205275686557,0
2024-07-17,SKU_012,91.54516395109923,78.44366368297891,104.75721416006034,0
2024-07-18,SKU_012,90.83102564266827,78.35999776976573,104.09391818322777,0
2024-07-19,SKU_012,100.72566233742738,86.84113980639626,114.05451839232725,0
2024-07-20,SKU_012,113.34367571975666,100.6316284449989,126.90144321683334,0
2024-07-21,SKU_012,122.09423494835124,110.05073106888712,135.42044925301488,0
2024-07-22,SKU_012,114.64603559647514,101.250152720617,127.72949434744315,0
2024-07-23,SKU_012,101.85064823752867,88.12745925417009,114.65222785128503,0
2024-07-24,SKU_012,88.94151830541301,75.65646291358848,103.15629150682696,0
2024-07-25,SKU_012,88.11607098503683,74.4390179267633,101.1673229306553,0
2024-07-26,SKU_012,97.90548845847026,84.78843219793696,110.60257484898636,0
2024-07-27,SKU_012,110.42778301339922,96.05453796390967,123.44097909905328,0
2024-07-28,SKU_012,119.09528661596343,106.52549008688399,132.13547672188398,0
2024-07-29,SKU_012,111.57951311110786,98.4363361151148,124.17391824732135,0
2024-07-30,SKU_012,98.73442073307325,84.64314223872593,111.98696023401817,0
2024-07-31,SKU_012,85.79533915771952,72.44089649955212,99.30839630226518,0
2024-08-01,SKU_012,84.96101703668228,71.76064596719027,98.39921200143388,0
2024-08-02,SKU_012,94.76335903994067,81.78519901780841,107.8471272210704,0
2024-08-03,SKU_012,107.32047708058315,93.18902940092524,121.15672397933592,0
2024-08-04,SKU_012,116.04417692012521,102.99547296333951,129.13129244047715,0
2024-08-05,SKU_012,108.6048363311867,95.60723541588509,122.46046407741838,0
2024-08-06,SKU_012,95.85470192575409,82.85715751684553,109.39194155706333,0
2024-08-07,SKU_012,83.0268664636028,69.45003177559668,96.22526124383596,0
2024-08-08,SKU_012,82.31738731941167,69.52604746719568,95.18724304175748,0
2024-08-09,SKU_012,92.25510018757386,79.10803826434739,105.8598858438567,0
2024-08-10,SKU_012,104.95476295972739,91.62637044935589,118.30932501418886,0
2024-08-11,SKU_012,113.82464169756237,100.81489234576662,126.44315260353184,0
2024-08-12,SKU_012,106.53149304936036,93.92386149197324,119.19537939586104,0
2024-08-13,SKU_012,93.92396697176316,80.3563247813782,106.66534840906787,0
2024-08-14,SKU_012,81.23168956926993,68.62998728810688,94.96302894198865,0
2024-08-15,SKU_012,80.64747710789423,67.86513483446038,94.90757889799593,0
2024-08-16,SKU_012,90.69724503868993,78.2687526125135,102.91085058296484,0
2024-08-17,SKU_012,103.49323136940289,89.3585771428136,116.25009500458115,0
2024-08-18,SKU_012,112.4416502687101,98.95380054261959,124.80896815372358,0
2024-08-19,SKU_012,105.20772695386745,91.89793071349678,117.94583421943076,0
2024-08-20,SKU_012,92.63913619258264,79.54424082522341,105.73670310127319,0
2024-08-21,SKU_012,79.96510323481732,67.04894482500504,91.94780114362423,0
2024-08-22,SKU_012,79.37861779839487,66.20425718398424,91.12846937005719,0
2024-08-23,SKU_012,89.40632508833696,76.61388642815673,102.73300102834018,0
2024-08-24,SKU_012,102.16171390397099,88.19956442590247,114.68335671630017,0
2024-08-25,SKU_012,111.0527189823551,97.70459885426642,124.2794710658502,0
2024-08-26,SKU_012,103.74669039894533,91.09338728606505,117.44267552614023,0
2024-08-27,SKU_012,91.09375458005476,78.7196500562998,104.17807666198648,0
2024-08-28,SKU_012,78.32582834258201,65.24946961886913,92.22882491245828,0
2024-08-29,SKU_012,77.6387394844973,64.86430965121612,90.35155452145537,0
2024-08-30,SKU_012,87.56202100835863,74.95410599817585,100.88675874872483,0
2024-08-31,SKU_012,100.21200223946929,86.71737909778167,113.42260415428501,0
2024-09-01,SKU_012,108.99931719838752,95.6476630223601,122.2302327527578,0
2024-09-02,SKU_012,101.59378615790996,88.44946656101723,114.58768124028542,0
2024-09-03,SKU_012,88.84769784914774,74.79860371439591,101.16131648905483,0
2024-09-04,SKU_012,75.99475634717389,63.35867461738322,89.71994143293531,0
2024-09-05,SKU_012,75.2321483952,61.869055722457205,87.61085233696672,0
2024-09-06,SKU_012,85.09030003328536,71.79041570343269,98.36755665122791,0
2024-09-07,SKU_012,97.68594706327099,83.07024468296125,109.88679507782044,0
2024-09-08,SKU_012,106.42964042671483,92.75679467822901,119.66901958929411,0
2024-09-09,SKU_012,98.9906425607839,86.29670616115757,111.80369307927702,0
2024-09-10,SKU_012,86.22024174309327,72.42885151063378,99.48074144473988,0
2024-09-11,SKU_012,73.35074742679123,61.006283161468644,87.04740929083809,0
2024-09-12,SKU_012,72.5776207448181,60.163728060657135,86.54840525774402,0
2024-09-13,SKU_012,82.42930697226386,69.46738943464288,94.76459833887003,0
2024-09-14,SKU_012,95.02039196132056,82.78148029116265,106.89845002986176,0
2024-09-15,SKU_012,103.75920074994349,90.70054255377674,116.91966178175136,0
2024-09-16,SKU_012,96.31279126317388,83.93920218478962,108.5924903631069,0
2024-09-17,SKU_012,83.53036680082359,69.64250710342591,96.54562872663512,0
2024-09-18,SKU_012,70.64236692943021,57.358856326049235,83.47812089370304,0
2024-09-19,SKU_012,69.84268761631778,56.778309885605964,83.31112482721693,0
2024-09-20,SKU_012,79.65859420314267,67.11070626191898,92.3761552934732,0
2024-09-21,SKU_012,92.20394629684296,79.7280669489414,105.08886457301524,0
2024-09-22,SKU_012,100.88685019194955,87.82484185450657,113.21215545056681,0
2024-09-23,SKU_012,93.37468959771165,80.42142224277943,106.72975581975322,0
2024-09-24,SKU_012,80.51755672721575,67.15707319707133,93.00862893763612,0
2024-09-25,SKU_012,67.54734230469332,55.117098593902405,79.82480470500444,0
2024-09-26,SKU_012,66.65993487904481,54.30598672393627,78.83237695553518,0
2024-09-27,SKU_012,76.38509322927874,63.29165439042508,89.38938583473372,0
2024-09-28,SKU_012,88.83961176627872,76.65696677405236,101.14831275398146,0
2024-09-29,SKU_012,97.43489599787637,83.63511238649201,110.54501100608051,0
2024-09-30,SKU_012,89.84190086953477,77.06024842146948,103.42376986918701,0
2024-10-01,SKU_012,76.91445661102445,64.45572624129245,90.68725657265841,0
2024-10-02,SKU_012,63.88824367925834,49.972332568957185,76.40484785085836,0
2024-10-03,SKU_012,62.9628705952235,49.68189954615746,76.2812905424079,0
2024-10-04,SKU_012,72.67162214201805,59.68540388673646,86.05330128495565,0
2024-10-05,SKU_012,85.1345016789563,71.8497196923072,98.49350654254472,0
2024-10-06,SKU_012,93.7656885347574,80.31413265148896,107.01391077867778,0
2024-10-07,SKU_012,86.23836712018361,72.58590077335099,98.82304593338915,0
2024-10-08,SKU_012,73.40795602861199,59.81029791113711,86.66362424575554,0
2024-10-09,SKU_012,60.51100205022732,46.84531883210092,74.06740346571061,0
2024-10-10,SKU_012,59.74719582243173,47.06715578533072,72.79393926260607,0
2024-10-11,SKU_012,69.64907900219876,56.89782522016357,84.21629755303293,0
2024-10-12,SKU_012,82.33506854565266,69.95822819650824,95.05195085580752,0
2024-10-13,SKU_012,91.21692023486561,77.42823383011029,103.89806889577658,0
2024-10-14,SKU_012,83.96458856734,71.0500130087554,95.72226677221744,0
2024-10-15,SKU_012,71.42951102827628,58.7256390250724,84.45233462648648,0
2024-10-16,SKU_012,58.84358068740274,46.479985842945105,71.55731698532608,0
2024-10-17,SKU_012,58.40126214769035,44.911142952358205,70.98911762989427,0
2024-10-18,SKU_012,68.62941835863275,56.48849562994924,81.51825440175776,0
2024-10-19,SKU_012,81.6404708892396,68.24876262098005,94.43492817572897,0
2024-10-20,SKU_012,90.84001227285161,77.62439602095873,103.91268286065839,0
2024-10-21,SKU_012,83.89182356615424,71.0491116918411,96.46714828208746,0
2024-10-22,SKU_012,71.64132083660868,57.91937495830595,84.4278736461693,0
2024-10-23,SKU_012,59.314690000173094,45.63808334809996,72.56703383272507,0
2024-10-24,SKU_012,59.101160433910195,46.970692681638056,71.31219564296116,0
2024-10-25,SKU_012,69.5229803190823,55.92426008142075,82.72368932087274,0
2024-10-26,SKU_012,82.6887119383045,70.04153410889366,95.96905963429417,0
2024-10-27,SKU_012,92.00096147563451,78.50428259742765,104.1832238225513,0
2024-10-28,SKU_012,85.12149283387815,70.79657983894732,97.68237179204094,0
2024-10-29,SKU_012,72.89474609872767,60.08590749264228,86.65578845997153,0
2024-10-30,SKU_012,60.547017629418036,48.24734054079254,74.44439583432329,0
2024-10-31,SKU_012,60.26875047572591,46.89370297294163,73.30733636061042,0
2024-11-01,SKU_012,70.58449713430264,57.70127290696836,83.69585045465809,0
2024-11-02,SKU_012,83.60617273928342,70.51602036108316,97.58618460250962,0
2024-11-03,SKU_012,92.7407139390811,79.90801506256848,105.60235758011967,0
2024-11-04,SKU_012,85.65509449596425,72.7577616284723,98.74016460760475,0
2024-11-05,SKU_012,73.19972055026327,60.01660586872689,86.42891837871494,0
2024-11-06,SKU_012,60.60746556833048,47.01029798930878,73.5487587135312,0
2024-11-07,SKU_012,60.07579736925792,47.84035725941083,73.90141590501241,0
2024-11-08,SKU_012,70.13656349212059,57.56741883787477,84.3484488419197,0
2024-11-09,SKU_012,82.90905768919423,69.8390869017696,95.61640211920417,0
2024-11-10,SKU_012,91.80748779893801,78.35575641233913,105.12598439846302,0
2024-11-11,SKU_012,84.50580121427524,71.5857745056919,98.2370128334233,0
2024-11-12,SKU_012,71.8608960937419,58.07073079535874,84.38864785915911,0
2024-11-13,SKU_012,59.11148342636132,46.571563284906034,73.28446061512867,0
2024-11-14,SKU_012,58.46005717425879,45.66195009599631,70.43545660305213,0
2024-11-15,SKU_012,68.44254318542389,55.65872209367288,80.91059071511657,0
2024-11-16,SKU_012,81.18125356333972,67.8986642420117,94.3195767562379,0
2024-11-17,SKU_012,90.0922700087161,76.92836976358181,103.46227850586723,0
2024-11-18,SKU_012,82.85021487029383,68.41953689225532,95.77789190352192,0
2024-11-19,SKU_012,70.311439758931,57.84395799450439,83.25987132710327,0
2024-11-20,SKU_012,57.71289767356568,44.91205911370168,70.32191967524042,0
2024-11-21,SKU_012,57.254155801567705,44.480468058176534,71.12630720099202,0
2024-11-22,SKU_012,67.46711872120267,53.02807430304341,80.3123647046827,0
2024-11-23,SKU_012,80.46908684586144,66.69979618805672,93.39295611167552,0
2024-11-24,SKU_012,89.67027094198103,76.13363721468241,102.56662403498571,0
2024-11-25,SKU_012,82.73871800851067,69.14931080904319,95.99910443041496,0
2024-11-26,SKU_012,70.52367424845846,56.467943919093806,83.50164968332945,0
2024-11-27,SKU_012,58.25464639682671,44.41388486881829,70.88837605835835,0
2024-11-28,SKU_012,58.12361344635277,44.80862556102579,71.35919014165248,0
2024-11-29,SKU_012,68.65495308796253,56.46185885888231,81.59322069510658,0
2024-11-30,SKU_012,81.95870215006272,68.63502890664284,95.09884608160742,0
2024-12-01,SKU_012,91.43826632453207,78.14460623062949,104.75782736543854,0
2024-12-02,SKU_012,84.75552909322178,71.31632233524327,99.01479550875956,0
2024-12-03,SKU_012,72.75438052606239,59.782402909815616,85.5475390986667,0
2024-12-04,SKU_012,60.659922619619486,47.34024339035962,73.80500905746945,0
2024-12-05,SKU_012,60.660799212054975,48.02559140244638,74.68992171517169,0
2024-12-06,SKU_012,71.27921149205511,58.60835682840178,84.61676357249219,0
2024-12-07,SKU_012,84.624235885676,71.5131232634563,97.30062630426903,0
2024-12-08,SKU_012,94.09955798301944,81.64427945748636,108.12661792328777,0
2024-12-09,SKU_012,87.36857171093997,74.73120249722544,100.37091169038858,0
2024-12-10,SKU_012,75.27786465939236,62.127369100410256,89.45828639404372,0
2024-12-11,SKU_012,63.056347403913186,49.997585597240274,75.6775251564118,0
2024-12-12,SKU_012,62.897476942693196,50.2870641588171,76.23626952496699,0
2024-12-13,SKU_012,73.3291381958717,60.36603789251781,85.6157905448317,0
2024-12-14,SKU_012,86.46680405513099,73.33179881842464,99.06735757983681,0
2024-12-15,SKU_012,95.72109201347115,82.85468821647471,109.05672305875638,0
2024-12-16,SKU_012,88.76267149713448,76.56589976545617,101.8391070231351,0
2024-12-17,SKU_012,76.44554813050198,63.43203624680009,89.96650756162221,0
2024-12-18,SKU_012,64.00598835940582,50.4611872060828,78.00885895725322,0
2024-12-19,SKU_012,63.64454023692457,50.63844104252804,76.47692698121935,0
2024-12-20,SKU_012,73.89571994790737,60.63291191166844,87.25246060829684,0
2024-12-21,SKU_012,86.88098997377088,74.22187316244408,99.83579869267584,0
2024-12-22,SKU_012,96.01615197358507,83.53151930477487,108.85249218141725,0
2024-12-23,SKU_012,88.97611303851384,76.35226795936366,101.74489540472625,0
2024-12-24,SKU_012,76.618055450887,64.48699597294808,89.60286278848984,0
2024-12-25,SKU_012,64.18027652298659,51.312249606755216,76.88560799662223,0
2024-12-26,SKU_012,63.864156636021804,51.98989034699019,76.89630032710653,0
2024-12-27,SKU_012,74.2038264695784,61.192824947914005,87.8575995885902,0
2024-12-28,SKU_012,87.31915979634032,74.0236413791114,100.00844844477426,0
2024-12-29,SKU_012,96.62321443898485,83.47264460107725,109.98466070922139,0
2024-12-30,SKU_012,89.78707862616483,76.71486140783907,103.65356876784645,0
2024-12-31,SKU_012,77.66315056142076,64.63154618886965,91.44999308319056,1
2025-01-01,SKU_012,65.4841146296964,52.77977559823872,78.16285867352998,1
2025-01-02,SKU_012,65.44506846897603,52.672857413431686,78.66409727380208,1
2025-01-03,SKU_012,76.07336737372103,64.33870482615507,89.481651435348,1
2025-01-04,SKU_012,89.48180737687632,76.65004763015402,102.15627018281955,1
2025-01-05,SKU_012,99.07626422169031,86.10237303013118,111.61291600960472,1
2025-01-06,SKU_012,92.52073986673443,79.50646525314147,106.92283403717185,1
2025-01-07,SKU_012,80.66083869689604,67.69492998347033,93.85612825229346,1
2025-01-08,SKU_012,68.72293133799556,54.96608818468638,82.19666305388596,1
2025-01-09,SKU_012,68.89645504203163,56.0510364666038,81.7065693427882,1
2025-01-10,SKU_012,79.70391227081798,67.4912157006885,93.51080987725459,1
2025-01-11,SKU_012,93.2541845383983,81.38195944681371,106.3675730846657,1
2025-01-12,SKU_012,102.95027511429689,89.65248219331644,115.22296029255308,1
2025-01-13,SKU_012,96.45442939892786,82.90891636916267,110.0535966783722,1
2023-01-01,SKU_013,182.61333476164722,161.82071305157078,202.73962487911848,0
2023-01-02,SKU_013,159.94824201577387,138.88161773918364,180.68112409718938,0
2023-01-03,SKU_013,156.4050650470501,136.2340016146985,177.30187518248292,0
2023-01-04,SKU_013,184.1221921416988,162.95638902679627,203.42055346002215,0
2023-01-05,SKU_013,216.0723729943261,195.17654860684027,237.825238147651,0
2023-01-06,SKU_013,226.86299408887498,205.62920003910895,248.09621809382682,0
2023-01-07,SKU_013,216.17806766558277,195.34033316953634,235.52383115685558,0
2023-01-08,SKU_013,183.57811922626135,161.6400050758587,204.10741190046414,0
2023-01-09,SKU_013,161.2640634245455,138.92445794650956,182.18137594052172,0
2023-01-10,SKU_013,158.14389453232178,136.00084106746803,178.2795420877613,0
2023-01-11,SKU_013,186.34507528253715,164.23117685913365,209.33073851525606,0
2023-01-12,SKU_013,218.82791384310005,197.92150569787972,240.0790322030954,0
2023-01-13,SKU_013,230.1861563304559,208.68361874855532,250.93965715248183,0
2023-01-14,SKU_013,220.08932405675114,200.7441188396188,240.67479679668563,0
2023-01-15,SKU_013,188.08297090484595,167.215644419467,210.241311031001,0
2023-01-16,SKU_013,166.3529405465361,146.67789524670536,186.11650327537865,0
2023-01-17,SKU_013,163.792439278447,143.19521586225628,184.51374181756248,0
2023-01-18,SKU_013,192.51479786874398,171.85726735112155,214.27794048334576,0
2023-01-19,SKU_013,225.46720206663088,202.54290489752674,245.37461899551403,0
2023-01-20,SKU_013,237.2316096642797,216.24225493293523,259.78167608380323,0
2023-01-21,SKU_013,227.46737464797363,206.68970316181716,249.26809354197843,0
2023-01-22,SKU_013,195.7117462602488,175.14354252705598,215.79335346082763,0
2023-01-23,SKU_013,174.14431642736895,152.83777846236543,194.55972047552018,0
2023-01-24,SKU_013,171.65422653500534,150.5909382923461,192.69838515498418,0
2023-01-25,SKU_013,200.35300377429155,179.70045696349342,222.42076145704246,0
2023-01-26,SKU_013,233.18830511116403,212.25942801410613,254.12931529298973,0
2023-01-27,SKU_013,244.74478715812808,224.80389279507827,267.52851325046396,0
2023-01-28,SKU_013,234.6866242062931,213.3637462538958,256.11532299513254,0
2023-01-29,SKU_013,202.55784586670185,180.97212326970657,222.7772622055335,0
2023-01-30,SKU_013,180.5465728129455,160.199076034153,200.2873337612943,0
2023-01-31,SKU_013,177.55196802775447,155.40915450355453,197.49521894146426,0
2023-02-01,SKU_013,205.69678134805815,185.37780052686887,225.60239747438484,0
2023-02-02,SKU_013,237.9407739916133,217.42317572712912,260.3741165075854,0
2023-02-03,SKU_013,248.8812503929778,228.60814269456858,271.47579082526573,0
2023-02-04,SKU_013,238.19522944404645,214.78017014223488,258.2287760454316,0
2023-02-05,SKU_013,205.43943629791798,184.4240782977902,225.71504660090073,0
2023-02-06,SKU_013,182.8142029083955,162.84232017706927,203.86166369201976,0
2023-02-07,SKU_013,179.23010395557134,158.3642660467895,200.90303619491718,0
2023-02-08,SKU_013,206.82021452399064,186.56602167597848,227.17052795090234,0
2023-02-09,SKU_013,238.5532838710907,217.6122248153878,259.6912124068827,0
2023-02-10,SKU_013,249.03405914119082,227.1496079366558,269.99769503131205,0
2023-02-11,SKU_013,237.94529633846597,218.44680556686808,258.0324633891359,0
2023-02-12,SKU_013,204.8476434980403,184.61442293294294,226.25187372301372,0
2023-02-13,SKU_013,181.9434864626743,160.43349551420567,201.26215982973218,0
2023-02-14,SKU_013,178.14358456901172,155.41389959797598,200.24057614895267,0
2023-02-15,SKU_013,205.57938167204716,186.49365288943213,226.48876001462617,0
2023-02-16,SKU_013,237.21628436306057,215.7192473224206,260.52398234127503,0
2023-02-17,SKU_013,247.65413730151175,226.7098362923224,269.9889691273961,0
2023-02-18,SKU_013,236.5694277147868,216.42396490998806,258.6611361850166,0
2023-02-19,SKU_013,203.5153975871762,182.95915023679055,224.68951042788595,0
2023-02-20,SKU_013,180.68614659302415,159.95233601987312,203.61283155803144,0
2023-02-21,SKU_013,176.98354497823516,157.13437644853937,199.16906194287583,0
2023-02-22,SKU_013,204.52983326290826,183.7781587112101,224.43003924650534,0
2023-02-23,SKU_013,236.28119183758247,214.6787367825472,257.0864429888758,0
2023-02-24,SKU_013,246.8285016438701,225.84040682121469,267.9647970506056,0
2023-02-25,SKU_013,235.83981956529288,214.84116339211218,257.1232870372234,0
2023-02-26,SKU_013,202.86073918576466,181.32954580644662,223.8091083879347,0
2023-02-27,SKU_013,180.07871287426207,160.02433497836822,201.39685307858596,0
2023-02-28,SKU_013,176.39014831012844,155.52845937619634,196.06973786536963,0
2023-03-01,SKU_013,203.9131513807685,182.22706556173793,224.29057245448908,0
2023-03-02,SKU_013,235.60119488004136,215.6636849605485,256.60288130347266,0
2023-03-03,SKU_013,246.04393194650686,225.2740617783174,266.4889983822483,0
2023-03-04,SKU_013,234.9096770578446,211.73225911785622,255.1186315078954,0
2023-03-05,SKU_013,201.7457258810727,179.84708462521166,223.80099290114566,0
2023-03-06,SKU_013,178.74259199532057,157.18951677370282,199.44010284392144,0
2023-03-07,SKU_013,174.80097699668326,153.2020730672715,196.45214718397466,0
2023-03-08,SKU_013,202.0443505311814,180.47019125474768,222.1794374556559,0
2023-03-09,SKU_013,233.43242536338022,211.59596043926783,253.63126574121287,0
2023-03-10,SKU_013,243.561752973717,221.78484803543105,263.27377520217357,0
2023-03-11,SKU_013,232.1079697296063,211.60780806126584,253.88787070691535,0
2023-03-12,SKU_013,198.62587258618532,176.9188804660021,220.4898053582355,0
2023-03-13,SKU_013,175.31341018996343,155.6553771219728,195.95311568243844,0
2023-03-14,SKU_013,171.07841371354218,149.82532838967765,192.72241766174506,0
2023-03-15,SKU_013,198.05095145461883,176.9076749592203,219.44062246516904,0
2023-03-16,SKU_013,229.1965993209535,208.32944787442494,248.1654524597073,0
2023-03-17,SKU_013,239.1168589331321,219.36390541898308,259.051665617369,0
2023-03-18,SKU_013,227.49125871431033,207.754567855021,247.8903932780872,0
2023-03-19,SKU_013,193.87732115881272,172.06573764906625,216.23754708336185,0
2023-03-20,SKU_013,170.4744851779261,151.4983085224473,191.33706207148416,0
2023-03-21,SKU_013,166.19080956547867,144.89570357697218,185.23638630970902,0
2023-03-22,SKU_013,193.1553420213259,173.0932610083114,214.43718634204467,0
2023-03-23,SKU_013,224.33144486756407,204.66589989639817,244.94155941876585,0
2023-03-24,SKU_013,234.31730692973824,214.36959957208245,255.88363891065183,0
2023-03-25,SKU_013,222.78817345233784,202.96870214883674,244.1476536597791,0
2023-03-26,SKU_013,189.296472634801,169.01296242684555,209.83085667985205,0
2023-03-27,SKU_013,166.035922124382,145.8833839259844,187.05879090223755,0
2023-03-28,SKU_013,161.90843517333863,140.29150051012127,182.4794000129025,0
2023-03-29,SKU_013,189.03670399602373,168.64042859214615,209.98930498986311,0
2023-03-30,SKU_013,220.37774421410606,198.8841474921329,240.6139546463604,0
2023-03-31,SKU_013,230.5236225062655,210.96788972975835,251.25856377061382,0
2023-04-01,SKU_013,219.14389210031842,198.77898939624686,238.8454139461975,0
2023-04-02,SKU_013,185.785907826619,163.98419928214625,207.49551136563636,0
2023-04-03,SKU_013,162.63909777642354,141.51638393660238,182.4312668398985,0
2023-04-04,SKU_013,158.6020057674278,136.64486639623743,178.29202518068078,0
2023-04-05,SKU_013,185.79497760552968,163.84864879479827,205.10858143465487,0
2023-04-06,SKU_013,217.17377158995737,197.89039772072078,237.64321615549431,0
2023-04-07,SKU_013,227.3303131637415,204.06965520309618,247.24219232919577,0
2023-04-08,SKU_013,215.93511741724112,194.43746823715978,234.9312204602832,0
2023-04-09,SKU_013,182.53755156732603,162.39451151408338,202.78028610915925,0
2023-04-10,SKU_013,159.33001617127513,138.00003838634018,181.74638652673644,0
2023-04-11,SKU_013,155.21486226371192,133.38995481961513,175.93770098482923,0
2023-04-12,SKU_013,182.31692155759205,161.77355252448655,203.49435767271467,0
2023-04-13,SKU_013,213.59693536397538,190.9983603651673,233.87164947322472,0
2023-04-14,SKU_013,223.65210821080444,204.10258903309168,245.66476879637457,0
2023-04-15,SKU_013,212.15831664582024,191.17732382352602,233.9785657035471,0
2023-04-16,SKU_013,178.67015259403027,158.8186769137264,200.63825230867917,0
2023-04-17,SKU_013,155.38488752618792,134.86257327319652,177.34477186483704,0
2023-04-18,SKU_013,151.20918212341758,130.25662385000442,172.4913938180295,0
2023-04-19,SKU_013,178.27142584702258,156.3576495410947,198.3984109498998,0
2023-04-20,SKU_013,209.53499885824814,188.93319256211305,231.03008482763886,0
2023-04-21,SKU_013,219.5986883681326,199.51496795509343,240.13015639213856,0
2023-04-22,SKU_013,208.1387951016923,187.90853994922136,229.27480881922904,0
2023-04-23,SKU_013,174.70911337946615,152.86128846796532,195.3356355583488,0
2023-04-24,SKU_013,151.50487398270235,131.73956200770684,173.01779455666,0
2023-04-25,SKU_013,147.42947607975287,126.57546164662583,168.24712471976028,0
2023-04-26,SKU_013,174.6068928235372,153.03611452292876,196.34585952848292,0
2023-04-27,SKU_013,205.99504185532703,185.14970139388737,226.13022441408572,0
2023-04-28,SKU_013,216.18635018887716,197.66313010674972,238.31448376550347,0
2023-04-29,SKU_013,204.8500452316966,183.95747279008472,224.62335473495216,0
2023-04-30,SKU_013,171.53235029724829,151.6927425778682,192.6042057145714,0
2023-05-01,SKU_013,148.42066752771007,128.14190112968168,169.21837746835436,0
2023-05-02,SKU_013,144.4105673933059,125.25095034711298,167.246018307291,0
2023-05-03,SKU_013,171.6184615522519,151.77516296208316,194.81922637907326,0
2023-05-04,SKU_013,202.99524203264852,181.55019125220295,224.31495195995825,0
2023-05-05,SKU_013,213.12710773265002,191.55003030757948,233.42130763048564,0
2023-05-06,SKU_013,201.6781015678377,181.8509105202678,223.26758964674954,0
2023-05-07,SKU_013,168.19052849558565,148.92669659389583,188.7724660975113,0
2023-05-08,SKU_013,144.8493298042282,124.96879019085002,165.59895261789006,0
2023-05-09,SKU_013,140.54922606947807,119.59454352083183,160.65249444044161,0
2023-05-10,SKU_013,167.40749984918529,146.45428937625687,189.2337903008837,0
2023-05-11,SKU_013,198.377696565453,176.74228445612837,217.7343165897576,0
2023-05-12,SKU_013,208.0504614272151,185.0821282671317,228.9470923836343,0
2023-05-13,SKU_013,196.09603406138035,174.64528663201565,217.79590706506727,0
2023-05-14,SKU_013,162.06457097595958,142.29045751059877,182.25870512116884,0
2023-05-15,SKU_013,138.15037272126392,116.7653488323618,158.60414523408673,0
2023-05-16,SKU_013,133.25883118554256,112.86330921329382,153.8591043534025,0
2023-05-17,SKU_013,159.51897263175437,137.91373477698613,181.52682268136138,0
2023-05-18,SKU_013,189.89688083734575,168.51346087263147,211.4472696408452,0
2023-05-19,SKU_013,198.9962253295437,178.45929767805924,218.89577766208686,0
2023-05-20,SKU_013,186.5004245653233,165.1673595691033,206.35319077451564,0
2023-05-21,SKU_013,151.97262315976633,133.8844961809576,173.2412172186336,0
2023-05-22,SKU_013,127.61956946973527,108.3100507907773,148.549257633747,0
2023-05-23,SKU_013,122.35821931983887,102.48527398327346,144.533943047884,0
2023-05-24,SKU_013,148.327950263116,127.19645154813158,168.26403373558466,0
2023-05-25,SKU_013,178.50368133347422,157.4354080483611,199.0130969830015,0
2023-05-26,SKU_013,187.49613174804304,167.10163658665797,208.93672785818083,0
2023-05-27,SKU_013,174.99375666853797,153.95420620302977,195.77399219246337,0
2023-05-28,SKU_013,140.56254620942525,119.43991846462639,161.16000183531952,0
2023-05-29,SKU_013,116.40977989325648,95.94611528429189,137.2451778474122,0
2023-05-30,SKU_013,111.45056613732845,91.27285882296788,131.308553793239,0
2023-05-31,SKU_013,137.820054909763,117.55886717416203,159.75492354587237,0
2023-06-01,SKU_013,168.4866184652026,146.33831180129687,189.47242824259934,0
2023-06-02,SKU_013,178.05223337843887,157.66499119211701,199.8985524169351,0
2023-06-03,SKU_013,166.19459936929226,145.00473711327703,186.65576673404138,0
2023-06-04,SKU_013,132.46717689645646,110.79299149422533,152.57190506658222,0
2023-06-05,SKU_013,109.06322991624253,88.03593485088275,129.90005500255316,0
2023-06-06,SKU_013,104.88269614073653,84.43916039088394,126.35625100448404,0
2023-06-07,SKU_013,132.04476443168826,111.20514548478833,153.67919535451063,0
2023-06-08,SKU_013,163.50144471526616,142.59056715455037,184.7327977778901,0
2023-06-09,SKU_013,173.8383533495115,152.41844570113872,194.3617598490607,0
2023-06-10,SKU_013,162.7172386703839,140.97005344891676,183.10651262766456,0
2023-06-11,SKU_013,129.67641775342452,109.50747992133982,151.06432198482358,0
2023-06-12,SKU_013,106.8951999677855,87.42238379664727,127.78833233118158,0
2023-06-13,SKU_013,103.26110927612038,81.27235455530523,123.63168561522845,0
2023-06-14,SKU_013,130.88277513051003,111.1189473893076,152.56697159393937,0
2023-06-15,SKU_013,162.7037693465106,140.95160342198844,182.71429122293287,0
2023-06-16,SKU_013,173.30360318471415,151.8020402730418,194.06473831412796,0
2023-06-17,SKU_013,162.3404047283761,140.57745979551294,183.1506963845858,0
2023-06-18,SKU_013,129.35144264501793,109.94492258372092,149.387502037118,0
2023-06-19,SKU_013,106.51756950492836,85.61282318937995,128.29355716076225,0
2023-06-20,SKU_013,102.73039592024887,80.81541591570908,123.03873357886012,0
2023-06-21,SKU_013,130.1050666666165,107.91916830859907,151.0615409277622,0
2023-06-22,SKU_013,161.59391853987242,139.7637546926454,182.44517720440945,0
2023-06-23,SKU_013,171.78724026942376,150.80587061013568,191.50865649831226,0
2023-06-24,SKU_013,160.35565969550015,138.79777920560434,182.61934937213226,0
2023-06-25,SKU_013,126.85033283077698,106.2077468315616,148.13787896587237,0
2023-06-26,SKU_013,103.46701697264933,79.67993848974089,126.37554681508894,0
2023-06-27,SKU_013,99.11284923576609,79.28392232696031,121.06175317133336,0
2023-06-28,SKU_013,125.91871248485563,103.07812722374166,147.34398018551252,0
2023-06-29,SKU_013,156.85247963528258,136.3345962162884,178.2076015921337,0
2023-06-30,SKU_013,166.51936794912174,145.95684155043924,186.90714584590162,0
2023-07-01,SKU_013,154.60393960994384,133.8149215308551,176.471205711682,0
2023-07-02,SKU_013,120.6699337321683,99.55324142775086,141.14911108765708,0
2023-07-03,SKU_013,96.92402167014193,76.26841178606323,118.58367816067111,0
2023-07-04,SKU_013,92.28231558528849,70.50918380782541,113.40727307226447,0
2023-07-05,SKU_013,118.8825194891407,97.77389943649793,140.53878068961862,0
2023-07-06,SKU_013,149.69701941424606,129.8208459699021,169.3852320455592,0
2023-07-07,SKU_013,159.33314830783598,138.5674411729985,180.20128591967043,0
2023-07-08,SKU_013,147.47514115018666,126.34777764157411,167.68694780201255,0
2023-07-09,SKU_013,113.68408037675536,93.78558542557003,135.91472231087877,0
2023-07-10,SKU_013,90.16169252201006,68.97006497484135,110.42473411771324,0
2023-07-11,SKU_013,85.81705190882967,64.1814684632605,105.56187848787056,0
2023-07-12,SKU_013,112.77896074117034,91.98705079004691,134.05773934081796,0
2023-07-13,SKU_013,144.009318398737,122.87754638867972,164.29898388958236,0
2023-07-14,SKU_013,154.10370735708628,133.2374139405714,174.6831581884212,0
2023-07-15,SKU_013,142.73372483525515,120.51158529396035,163.5136579849571,0
2023-07-16,SKU_013,109.44723537373346,86.64712120778864,130.25473475336426,0
2023-07-17,SKU_013,86.4326237736289,65.5964579068289,106.60253523908067,0
2023-07-18,SKU_013,82.58586380343093,60.01861794492204,102.26130875831215,0
2023-07-19,SKU_013,110.0232756281845,88.97889081053421,131.50579809570388,0
2023-07-20,SKU_013,141.69525111893475,119.58244880863384,163.13619383170217,0
2023-07-21,SKU_013,152.18716440544125,129.51954508741352,172.40633771852922,0
2023-07-22,SKU_013,141.1619876569801,119.30701661026309,161.47534624268698,0
2023-07-23,SKU_013,108.16077937599232,86.67693031714357,129.16995712201137,0
2023-07-24,SKU_013,85.36711813954336,64.84975770911277,105.46678070103472,0
2023-07-25,SKU_013,81.67429230458232,58.71941508668444,102.5220031785718,0
2023-07-26,SKU_013,109.19811548232278,87.9539411700156,130.01257328906593,0
2023-07-27,SKU_013,140.89064561646137,119.00228619682372,162.88245324660156,0
2023-07-28,SKU_013,151.3410255639661,131.6051304969225,171.8560526237223,0
2023-07-29,SKU_013,140.21796753720457,119.26277604238886,160.07932992337882,0
2023-07-30,SKU_013,107.07005282964914,87.78399748046098,127.70700460042033,0
2023-07-31,SKU_013,84.08674560722687,64.5811974815671,106.09760664378938,0
2023-08-01,SKU_013,80.1748381749854,60.00002400571177,101.98568984855105,0
2023-08-02,SKU_013,107.46140672310223,86.60060175593742,128.8345033656999,0
2023-08-03,SKU_013,138.9103641865508,117.5599336330022,159.87867004167947,0
2023-08-04,SKU_013,149.1229386966123,128.93411424428055,171.27769699263794,0
2023-08-05,SKU_013,137.7797905651965,116.34707272284737,159.18510336126278,0
2023-08-06,SKU_013,104.44094999739305,83.09626001542617,125.62839572201098,0
2023-08-07,SKU_013,81.30966481820003,60.88612637081827,102.36173196318384,0
2023-08-08,SKU_013,77.29898605011479,55.4961712367535,97.73122512599016,0
2023-08-09,SKU_013,104.5439789201682,84.81123385597701,126.01968739448125,0
2023-08-10,SKU_013,136.0148548564801,114.69809079645557,157.2515220154807,0
2023-08-11,SKU_013,146.31725951887356,126.03994538996055,167.37088229017323,0
2023-08-12,SKU_013,135.13425530860405,113.83131194407623,158.0662912983696,0
2023-08-13,SKU_013,102.026184326219,80.23131519946598,124.08401748378938,0
2023-08-14,SKU_013,79.19450309416075,56.75717393696481,99.59351691540705,0
2023-08-15,SKU_013,75.5484170932485,55.397282255746596,96.92670729077143,0
2023-08-16,SKU_013,103.21720110264404,81.90451472401351,124.53440969820889,0
2023-08-17,SKU_013,135.1634975494061,113.93970060081554,156.21164974193707,0
2023-08-18,SKU_013,145.9838229058785,124.67640450850502,167.05991241316684,0
2023-08-19,SKU_013,135.35081406341914,114.13730094080594,155.2904131562372,0
2023-08-20,SKU_013,102.81339282857141,82.98223930469162,124.64314605288608,0
2023-08-21,SKU_013,80.56093094792462,59.47334788949791,101.16306449351312,0
2023-08-22,SKU_013,77.49023398773856,56.21957795514403,98.49215269841396,0
2023-08-23,SKU_013,105.70912235825877,85.06024379590883,127.02559126851821,0
2023-08-24,SKU_013,138.17737841149705,116.8301179839556,159.57380544930285,0
2023-08-25,SKU_013,149.48030481686783,128.03281547616663,170.93929734886981,0
2023-08-26,SKU_013,139.28039053200888,117.91605272726903,161.0021721288405,0
2023-08-27,SKU_013,107.11776594345014,85.35339585277538,128.08150229984005,0
2023-08-28,SKU_013,85.17461860872727,63.436654874990715,108.44221390819459,0
2023-08-29,SKU_013,82.34238069655126,60.32434756154177,103.95184339726242,0
2023-08-30,SKU_013,110.73455802525687,90.22544664071704,132.2307033811477,0
2023-08-31,SKU_013,143.30047814581263,120.59827664184472,164.71859891739604,0
2023-09-01,SKU_013,154.62617451214078,134.1898257191282,176.9898595021605,0
2023-09-02,SKU_013,144.37692780388943,123.27206811564643,166.5190334426413,0
2023-09-03,SKU_013,112.09763413412362,91.00863370303198,132.28654725417493,0
2023-09-04,SKU_013,89.97707682382357,69.99993174734954,111.54764584359312,0
2023-09-05,SKU_013,86.91491718839919,67.12787195958252,108.33198246816757,0
2023-09-06,SKU_013,115.03428012186271,94.77702905473618,136.18838028034975,0
2023-09-07,SKU_013,147.29521915701778,127.35745311150193,167.34585285396486,0
2023-09-08,SKU_013,158.29528642087087,137.68287345753726,178.9457733408729,0
2023-09-09,SKU_013,147.71173781272952,127.31924175006262,166.55957491701068,0
2023-09-10,SKU_013,115.10155301974117,95.58677813995762,135.42119897940586,0
2023-09-11,SKU_013,92.6653572584681,71.98559944541864,115.14114277911743,0
2023-09-12,SKU_013,89.31407042046087,68.67207872625004,110.1957002759618,0
2023-09-13,SKU_013,117.18116936604946,95.45637651747624,137.16352273132173,0
2023-09-14,SKU_013,149.23585743860926,128.54859327417827,169.73998741887223,0
2023-09-15,SKU_013,160.08337516898445,139.20671540167342,180.8821583327018,0
2023-09-16,SKU_013,149.39726352407195,129.18318676384348,170.9799001265874,0
2023-09-17,SKU_013,116.74839768645548,95.04986082834299,136.14180593648743,0
2023-09-18,SKU_013,94.33961850097116,72.91365189971395,113.83968269472956,0
2023-09-19,SKU_013,91.08205476129211,71.4219918781444,112.51283423072053,0
2023-09-20,SKU_013,119.10739122471512,98.68726650362326,139.9407658255285,0
2023-09-21,SKU_013,151.38110249473218,130.24670474565622,170.17403583727437,0
2023-09-22,SKU_013,162.50288464324277,141.4133749641716,182.70420207175903,0
2023-09-23,SKU_013,152.1488186168701,129.79684566444925,173.42761276554336,0
2023-09-24,SKU_013,119.87144590419976,99.79185801891818,140.12091322423467,0
2023-09-25,SKU_013,97.86384135842731,76.0103418549843,117.8770685411915,0
2023-09-26,SKU_013,95.02650406261637,74.13090206253058,115.9908031882345,0
2023-09-27,SKU_013,123.47994453714625,101.4647806457753,144.3143160936495,0
2023-09-28,SKU_013,156.17825250425233,134.50330049864252,176.0906205984364,0
2023-09-29,SKU_013,167.70986719036836,145.33035692871812,188.52061405034613,0
2023-09-30,SKU_013,157.740074211547,137.49541533286865,177.81920751258778,0
2023-10-01,SKU_013,125.81139970405735,104.47010693481447,146.01390180239028,0
2023-10-02,SKU_013,104.10797725293823,84.34089077988689,125.50988432600144,0
2023-10-03,SKU_013,101.52269991214713,79.88137189685736,122.05405452901785,0
2023-10-04,SKU_013,130.17002802217092,109.2850252792485,149.57619295408148,0
2023-10-05,SKU_013,162.9997306673818,141.5221455290092,183.81817178827959,0
2023-10-06,SKU_013,174.59777778868212,153.266574210414,195.16694457487503,0
2023-10-07,SKU_013,164.6289035785662,143.51822953769025,185.18377512818958,0
2023-10-08,SKU_013,132.63701005463594,111.10501117676877,154.06942372761455,0
2023-10-09,SKU_013,110.80160193847908,89.4929210331711,130.4012416196826,0
2023-10-10,SKU_013,108.02848849432648,87.4465064529834,130.40434441788955,0
2023-10-11,SKU_013,136.43878281182708,115.4904142322081,155.18200102839478,0
2023-10-12,SKU_013,168.99032465297418,148.0267616255249,189.8693131060034,0
2023-10-13,SKU_013,180.27832833509885,158.66699818933998,202.46379149605295,0
2023-10-14,SKU_013,169.97766802242697,149.81797831686774,191.53548540503846,0
2023-10-15,SKU_013,137.64297770872565,115.0749008619269,159.8119524140798,0
2023-10-16,SKU_013,115.47265048381502,94.96288776676047,136.97074749580224,0
2023-10-17,SKU_013,112.37556057692913,92.69157980055073,132.23666933433705,0
2023-10-18,SKU_013,140.48339189695062,121.06384687031878,161.32520482644938,0
2023-10-19,SKU_013,172.7638653472029,152.46427567725226,193.98499426400932,0
2023-10-20,SKU_013,183.82109736485324,163.31133791935378,205.2116101716831,0
2023-10-21,SKU_013,173.3376262708364,152.58371360786433,192.85428335313884,0
2023-10-22,SKU_013,140.87429134448246,120.28796643780723,161.1545645678417,0
2023-10-23,SKU_013,118.63405569507127,98.27501562426522,139.5905041692078,0
2023-10-24,SKU_013,115.52860155117025,93.38677140744247,134.9556744904794,0
2023-10-25,SKU_013,143.6905853264976,122.55234372266736,164.3851857615021,0
2023-10-26,SKU_013,176.08684677024192,155.42276673162314,198.42433792208774,0
2023-10-27,SKU_013,187.31880502587407,166.26756621302087,209.01657536706128,0
2023-10-28,SKU_013,177.0645768851931,156.4114835724653,197.5776555486491,0
2023-10-29,SKU_013,144.878999230728,124.44285865159668,163.95365108124892,0
2023-10-30,SKU_013,122.95764227243826,100.26102991484066,145.68246640167956,0
2023-10-31,SKU_013,120.20363633563491,99.12994081909272,141.40745701471522,0
2023-11-01,SKU_013,148.7347992023874,128.77261035292022,170.59232603468092,0
2023-11-02,SKU_013,181.51331653040324,161.71068222840591,203.5713212139923,0
2023-11-03,SKU_013,193.13026665844276,172.14275816821635,214.63473254227682,0
2023-11-04,SKU_013,183.2534483524318,161.62938717875613,203.58834587025802,0
2023-11-05,SKU_013,151.42771756379415,131.8480704131782,170.32045840875753,0
2023-11-06,SKU_013,129.83930354028675,109.61745276210777,152.19638940951137,0
2023-11-07,SKU_013,127.3829178681399,106.46398531240119,150.3035049194162,0
2023-11-08,SKU_013,156.1745281557566,135.99174246484293,177.14434675587125,0
2023-11-09,SKU_013,189.16507489682226,166.92695547958377,209.91088587320976,0
2023-11-10,SKU_013,200.94134890402984,181.2609326590343,221.8147445468202,0
2023-11-11,SKU_013,191.16854998320565,170.83411952662172,211.78867242898363,0
2023-11-12,SKU_013,159.39069546201057,138.22454978509722,181.64527866435515,0
2023-11-13,SKU_013,137.79495345474544,117.27101471737762,158.53692226795158,0
2023-11-14,SKU_013,135.27871389693644,115.6194008764079,156.12174012731242,0
2023-11-15,SKU_013,163.96227018210138,145.2922844131092,186.1313114582998,0
2023-11-16,SKU_013,196.80239269586752,175.87403336496212,217.9210548587209,0
2023-11-17,SKU_013,208.39301595137664,189.1953750196096,229.51017101057533,0
2023-11-18,SKU_013,198.40756573511348,176.37309629613333,219.21868647903105,0
2023-11-19,SKU_013,166.3991018756842,144.3447927004014,186.4166060685975,0
2023-11-20,SKU_013,144.56435956505513,122.69985631304996,165.0165439011662,0
2023-11-21,SKU_013,141.81051112546828,119.68878332827792,161.55420631224453,0
2023-11-22,SKU_013,170.26753046163196,148.84989991999618,191.29856878471736,0
2023-11-23,SKU_013,202.9014511689999,181.98115092713843,222.4246879090358,0
2023-11-24,SKU_013,214.31358452460296,193.3552089284708,233.78844077872702,0
2023-11-25,SKU_013,204.18605875667453,182.75962299602335,224.72857041580812,0
2023-11-26,SKU_013,172.07821267708664,151.73042612319435,192.96914442939882,0
2023-11-27,SKU_013,150.1915857866077,129.47035232812354,171.2411877465685,0
2023-11-28,SKU_013,147.4365079162265,127.73034926883129,167.2580512903087,0
2023-11-29,SKU_013,175.9443412841459,154.0769701105433,197.12036677250887,0
2023-11-30,SKU_013,208.6806699841426,188.7276590659714,228.8015062840358,0
2023-12-01,SKU_013,220.24567071591855,199.02896597723185,240.28282463979886,0
2023-12-02,SKU_013,210.31620129805893,189.138896069149,230.3589853092807,0
2023-12-03,SKU_013,178.44579041058685,157.305186128236,200.7381570601992,0
2023-12-04,SKU_013,156.82861680773414,135.2444353216753,179.54678779446465,0
2023-12-05,SKU_013,154.3663025007473,131.7110050177544,174.67899059134547,0
2023-12-06,SKU_013,183.18040196996068,161.8643698001163,204.92365312191524,0
2023-12-07,SKU_013,216.22587540482743,194.5106411142521,236.98312822544275,0
2023-12-08,SKU_013,228.091771634817,206.46321615710463,248.18369321230116,0
2023-12-09,SKU_013,218.44364825592817,197.07838869021663,238.86512012539913,0
2023-12-10,SKU_013,186.8239027347724,166.12449125757698,207.5070852116174,0
2023-12-11,SKU_013,165.41609271867412,142.55741913720965,186.15315735178007,0
2023-12-12,SKU_013,163.11205998447682,141.82879031893867,185.57127283727786,0
2023-12-13,SKU_013,192.0247302585399,171.63114099922038,213.26219962233955,0
2023-12-14,SKU_013,225.10186760769014,203.7589694633491,245.7063538536292,0
2023-12-15,SKU_013,236.92700056889225,216.85101035478715,258.14152912519995,0
2023-12-16,SKU_013,227.16204007733285,205.06915745702122,247.55362769642275,0
2023-12-17,SKU_013,195.3477568101185,173.65765825998645,218.3142692007349,0
2023-12-18,SKU_013,173.66819145822495,154.88009434763438,194.56149951728332,0
2023-12-19,SKU_013,171.01780926868543,151.02580845115472,192.95961803032222,0
2023-12-20,SKU_013,199.51426964790045,179.2382118320193,221.14459223583683,0
2023-12-21,SKU_013,232.11208988979308,210.38113758449097,252.17773055099028,0
2023-12-22,SKU_013,243.40342225794004,222.5352936061034,264.4802383942022,0
2023-12-23,SKU_013,233.06046824535605,212.5659683825157,253.46293223949232,0
2023-12-24,SKU_013,200.6357029768647,179.94537255942635,221.39030831123353,0
2023-12-25,SKU_013,178.32599005161126,156.00842508950902,199.42062075619106,0
2023-12-26,SKU_013,175.03940617898633,155.52888850536516,196.5688506220748,0
2023-12-27,SKU_013,202.90765547545476,182.39256606008905,223.1921808858211,0
2023-12-28,SKU_013,234.8993622590483,214.1529326342544,254.40376878384143,0
2023-12-29,SKU_013,245.6204718765299,225.5168132226108,266.6130328254953,0
2023-12-30,SKU_013,234.75629385956276,214.88790767863256,257.1956025012232,0
2023-12-31,SKU_013,201.8713707428708,181.25663350906413,224.01190195356787,0
2024-01-01,SKU_013,179.17326280582387,159.19774341890295,199.99112895451836,0
2024-01-02,SKU_013,175.57907735955874,155.49420511616407,198.37751972000635,0
2024-01-03,SKU_013,203.2276307681056,183.22403598529965,225.3644409470746,0
2024-01-04,SKU_013,235.0925391633909,212.40907708634734,257.10883815225884,0
2024-01-05,SKU_013,245.7824731197072,223.79080295237657,266.5117951562426,0
2024-01-06,SKU_013,234.98311475491715,213.39161754465314,255.47598603211907,0
2024-01-07,SKU_013,202.2570030850314,181.91593004087648,222.65819164073733,0
2024-01-08,SKU_013,179.8073586399827,159.2014878731074,200.44712607396482,0
2024-01-09,SKU_013,176.54471494016877,155.72622263560402,198.6065162714029,0
2024-01-10,SKU_013,204.59924226366235,184.1112062702871,225.61199860244716,0
2024-01-11,SKU_013,236.93405523902763,216.0963999935825,258.46185427885746,0
2024-01-12,SKU_013,248.14573359137154,225.6131582459663,269.3062141383855,0
2024-01-13,SKU_013,237.90658718906218,218.61983685599003,260.2641212015356,0
2024-01-14,SKU_013,205.76484275851337,184.75248724037374,227.11002125893438,0
2024-01-15,SKU_013,183.9088339046843,164.84759005759827,203.88922271945904,0
2024-01-16,SKU_013,181.23401202124313,159.68374229367564,203.52482005394415,0
2024-01-17,SKU_013,209.8556531470735,190.31504298548745,230.99637920879172,0
2024-01-18,SKU_013,242.7225418723151,221.81639180271776,264.63172335497205,0
2024-01-19,SKU_013,254.4178514023273,233.51139258388818,275.60061628535806,0
2024-01-20,SKU_013,244.60174125156738,222.7904407509984,264.7952328767404,0
2024-01-21,SKU_013,212.81184102892507,192.823173814105,233.4194963394008,0
2024-01-22,SKU_013,191.2276940905003,171.00978381283943,211.45717208182504,0
2024-01-23,SKU_013,188.73797203905193,168.21060961958904,208.54962304601503,0
2024-01-24,SKU_013,217.45332994968973,197.1590587144929,236.5291305470955,0
2024-01-25,SKU_013,250.32017983014617,229.0451987928766,271.59413406288286,0
2024-01-26,SKU_013,261.9215994887001,240.85360395827826,284.0328549609197,0
2024-01-27,SKU_013,251.91989805983215,232.83721603009022,272.7459165965948,0
2024-01-28,SKU_013,219.85700813351156,198.64102099862643,241.1349209564026,0
2024-01-29,SKU_013,197.91878140039188,177.14955405891627,219.45134056294955,0
2024-01-30,SKU_013,195.00200348062367,173.89963297496402,215.90980327232904,0
2024-01-31,SKU_013,223.22700391166416,203.72180245053733,243.86242975808514,0
2024-02-01,SKU_013,255.55114612198872,234.2516693435059,276.44223480591006,0
2024-02-02,SKU_013,266.5694228819918,244.37691546247441,288.683880330057,0
2024-02-03,SKU_013,255.95668759272812,234.38218074745234,276.67113517063467,0
2024-02-04,SKU_013,223.26770087775145,201.5906930632564,243.8798296367161,0
2024-02-05,SKU_013,200.7010792373382,179.45712891435863,221.48698381256278,0
2024-02-06,SKU_013,197.16597112780553,176.5546222600642,218.1826246941676,0
2024-02-07,SKU_013,224.79434582378286,204.05932635209635,245.52992708839375,0
2024-02-08,SKU_013,256.55418865358206,235.2025348652084,277.8693510833595,0
2024-02-09,SKU_013,267.04983601213473,246.54827552858836,290.21412036675486,0
2024-02-10,SKU_013,255.9639873069982,235.03785855036537,277.8546176135228,0
2024-02-11,SKU_013,222.85757892519717,200.46773024672035,242.73112716829922,0
2024-02-12,SKU_013,199.9336110683284,179.26959759347116,221.62069386335904,0
2024-02-13,SKU_013,196.1037554782667,176.99720081349383,215.8915867990615,0
2024-02-14,SKU_013,223.50063045551656,201.23512643152833,245.6911539445092,0
2024-02-15,SKU_013,255.0910362178439,235.19486522767383,275.7451630300319,0
2024-02-16,SKU_013,265.47638190137434,244.8489301199609,286.03150253244957,0
2024-02-17,SKU_013,254.33483777621862,231.9698642501499,274.524396665137,0
2024-02-18,SKU_013,221.22139282099698,201.54916580531923,242.97001546898414,0
2024-02-19,SKU_013,198.3319023627892,177.24740299880378,220.3902874367129,0
2024-02-20,SKU_013,194.56994665714464,173.8622558749842,214.12495972634795,0
2024-02-21,SKU_013,222.05937888006957,200.35833541562246,242.85572876682775,0
2024-02-22,SKU_013,253.75784711348658,232.01556701469292,274.4281327578449,0
2024-02-23,SKU_013,264.2575128753573,243.84411781429222,284.88594985635484,0
2024-02-24,SKU_013,253.22749099647882,233.4879455643204,273.0209016940111,0
2024-02-25,SKU_013,220.21418246592424,198.74809603778667,239.9672052692295,0
2024-02-26,SKU_013,197.40557691542483,176.31649592412532,218.05895274127187,0
2024-02-27,SKU_013,193.69833832498924,172.36734209695442,215.16198298979617,0
2024-02-28,SKU_013,221.21054604202598,200.90322888673597,241.76954406066957,0
2024-02-29,SKU_013,252.89537047014176,231.64622777594357,274.60612161912337,0
2024-03-01,SKU_013,263.3419019897914,242.1078059786438,285.4170339429729,0
2024-03-02,SKU_013,252.2176553130459,232.1462541956787,273.90764116247027,0
2024-03-03,SKU_013,219.0689197166195,198.04099063873937,240.43544734001318,0
2024-03-04,SKU_013,196.08503210907588,175.8838681836944,216.4973051102753,0
2024-03-05,SKU_013,192.16538821503246,170.90781681171032,212.2008764737407,0
2024-03-06,SKU_013,219.43206705661044,198.2396986076687,238.431675550317,0
2024-03-07,SKU_013,250.8433523926501,230.0810103221147,270.52989796408025,0
2024-03-08,SKU_013,260.9943751169782,241.7765811111331,282.20110331843483,0
2024-03-09,SKU_013,249.55940517067748,228.89792539326714,270.064036293527,0
2024-03-10,SKU_013,216.09197049160056,194.57890940619774,237.46714552517437,0
2024-03-11,SKU_013,192.78888753065226,173.160231864205,214.28700855801105,0
2024-03-12,SKU_013,188.55702644840943,167.36275297410907,209.18101474829734,0
2024-03-13,SKU_013,215.52569401403468,195.751144523975,238.35677999367124,0
2024-03-14,SKU_013,246.659925475699,227.08987231203548,268.38474870070496,0
2024-03-15,SKU_013,256.5609165446544,237.5022126372259,278.3798854790034,0
2024-03-16,SKU_013,244.90813050178468,226.1656805658361,264.7439243412369,0
2024-03-17,SKU_013,211.25926351996435,190.07440890491097,231.6916709385683,0
2024-03-18,SKU_013,187.81415725429014,167.10589810034713,209.65092119372153,0
2024-03-19,SKU_013,183.48148514604884,161.98728691188884,203.9613389225913,0
2024-03-20,SKU_013,210.39109751989173,187.76325794025297,231.72903542122162,0
2024-03-21,SKU_013,241.5073174710972,221.53641408424795,262.7516297864658,0
2024-03-22,SKU_013,251.42941803510269,230.24194002855987,272.4294538380044,0
2024-03-23,SKU_013,239.833813721183,218.4305061669817,260.87863475204864,0
2024-03-24,SKU_013,206.27414628895994,184.54743198457507,227.2969671298911,0
2024-03-25,SKU_013,182.9453494827451,161.63535303955345,203.5694534953426,0
2024-03-26,SKU_013,178.75051382970554,158.59698728773392,199.68572048779825,0
2024-03-27,SKU_013,205.81343042327063,183.7753817257562,227.4630682929938,0
2024-03-28,SKU_013,237.09209889734325,215.44583376658937,257.7417412102454,0
2024-03-29,SKU_013,247.17942292154027,226.43376662356457,267.2287405710042,0
2024-03-30,SKU_013,235.74561892775077,214.5713720226188,256.03422968357523,0
2024-03-31,SKU_013,202.33851067407892,183.19654740221281,224.10932470217602,0
2024-04-01,SKU_013,179.14778737620586,159.3081435563805,202.15869959805286,0
2024-04-02,SKU_013,175.07204006058515,153.3536407897704,196.91800618362595,0
2024-04-03,SKU_013,202.23144933575887,180.56423131066813,222.2020855817543,0
2024-04-04,SKU_013,233.5814049902754,211.613704295528,255.38308173664885,0
2024-04-05,SKU_013,243.71327701707776,223.59208792736578,263.57115878629236,0
2024-04-06,SKU_013,232.29686124299997,211.52491466607137,252.33517421432754,0
2024-04-07,SKU_013,198.8806709159858,178.8687700335581,218.61320244807928,0
2024-04-08,SKU_013,175.65615204848004,155.3551302855884,199.020587401699,0
2024-04-09,SKU_013,171.52463856265177,150.1715821628684,191.91794086260074,0
2024-04-10,SKU_013,198.60992310761395,176.02827627645595,218.3658384731576,0
2024-04-11,SKU_013,229.87172783096645,208.07942668618756,251.21414032021124,0
2024-04-12,SKU_013,239.9062996651595,220.1187589874281,261.19552795756414,0
2024-04-13,SKU_013,228.38865915852057,208.86748855423144,248.9355653532,0
2024-04-14,SKU_013,194.87268088118807,173.87348519677843,215.52290592327952,0
2024-04-15,SKU_013,171.55509029939063,149.9532199267404,194.25434534300058,0
2024-04-16,SKU_013,167.34220064849595,146.7837137374754,189.03263447140267,0
2024-04-17,SKU_013,194.36227319106342,172.48087535884275,215.82321826022263,0
2024-04-18,SKU_013,225.57879248708898,204.52568446074446,246.3918089622807,0
2024-04-19,SKU_013,235.59088816533745,215.0616216459074,256.7483447566433,0
2024-04-20,SKU_013,224.0754385422492,203.41574675487644,245.15720154502444,0
2024-04-21,SKU_013,190.58703950944073,169.33247445285164,210.69101377180462,0
2024-04-22,SKU_013,167.32192804857405,144.62645414563275,187.90135099564728,0
2024-04-23,SKU_013,163.18468710552867,142.9189811630742,183.55859196299556,0
2024-04-24,SKU_013,190.30061714575825,170.0964784407555,210.64813136135902,0
2024-04-25,SKU_013,221.6290665685207,200.53373771932033,241.32635338567493,0
2024-04-26,SKU_013,231.76395161341543,211.68018420455707,253.50130587315158,0
2024-04-27,SKU_013,220.37599884494998,198.70123930296563,239.87288975508505,0
2024-04-28,SKU_013,187.0128900292539,165.21229664911291,208.10647552953415,0
2024-04-29,SKU_013,163.8633939034698,144.35392489364844,183.85859309759735,0
2024-04-30,SKU_013,159.82430558929272,138.39097663306043,179.0990692302455,0
2024-05-01,SKU_013,187.01307205293122,164.73545154752196,207.83233049435134,0
2024-05-02,SKU_013,218.38138812044966,197.50136705699796,240.7006554566776,0
2024-05-03,SKU_013,228.51598550021214,208.674485960785,249.3665020012931,0
2024-05-04,SKU_013,217.08113944544476,196.8025102358828,238.68338944911517,0
2024-05-05,SKU_013,183.6190644056008,162.7221441011032,206.35777996227387,0
2024-05-06,SKU_013,160.31427494557533,139.4046248003931,182.13424905020761,0
2024-05-07,SKU_013,156.0607249881469,136.44068694921017,176.5430348883376,0
2024-05-08,SKU_013,182.97459677692342,161.90130450061557,205.43019332600443,0
2024-05-09,SKU_013,214.00801811013045,192.6729788874814,234.9024567084266,0
2024-05-10,SKU_013,223.74992544589415,202.34403082478278,244.43256906482443,0
2024-05-11,SKU_013,211.86859402321952,191.53688940477483,232.82373994566555,0
2024-05-12,SKU_013,177.91200430252206,157.52498487459764,197.95387720979812,0
2024-05-13,SKU_013,154.07212051250076,133.57697271419076,173.2220530841781,0
2024-05-14,SKU_013,149.2518954196382,128.37093427037823,170.84256425884473,0
2024-05-15,SKU_013,175.5778754078138,155.67427126426372,196.60111256488125,0
2024-05-16,SKU_013,206.01368854616,183.72547996147338,225.4096808915725,0
2024-05-17,SKU_013,215.16063884870698,193.1550191486091,237.50655376549102,0
2024-05-18,SKU_013,202.69993471451446,183.24072001562882,223.58109287600553,0
2024-05-19,SKU_013,168.19272879340056,147.96261944503038,188.87846861126877,0
2024-05-20,SKU_013,143.84405386572183,123.30783876174351,166.11346835638577,0
2024-05-21,SKU_013,138.56947828494083,118.01868694703677,159.86216627026934,0
2024-05-22,SKU_013,164.5073648485518,144.94063512515842,185.15227586600975,0
2024-05-23,SKU_013,194.6320256376521,172.53827330125355,214.74810542862386,0
2024-05-24,SKU_013,203.55400567322317,182.43647517874481,224.90951013881843,0
2024-05-25,SKU_013,190.96203253155815,169.41299923945797,211.5160375676456,0
2024-05-26,SKU_013,156.42281755307437,133.47388900044103,177.26406034600706,0
2024-05-27,SKU_013,132.14480060541953,111.4448574870307,151.0866980638883,0
2024-05-28,SKU_013,127.0446680816877,107.76436176759528,148.6341073851491,0
2024-05-29,SKU_013,153.25953270059017,131.3599637202731,173.60463694820223,0
2024-05-30,SKU_013,183.76007076287647,162.69044635088824,205.43050504667073,0
2024-05-31,SKU_013,193.15085114841904,172.0660040213465,214.66935437644202,0
2024-06-01,SKU_013,181.1123928688661,160.42251712415973,202.00145624732406,0
2024-06-02,SKU_013,147.2011347366482,125.95214529135717,167.70564516589292,0
2024-06-03,SKU_013,123.61340531737028,102.07734382318948,146.31405048477885,0
2024-06-04,SKU_013,119.25221742810015,97.1088177416078,138.18634178046122,0
2024-06-05,SKU_013,146.2397688433042,126.42258121642502,168.1313408270027,0
2024-06-06,SKU_013,177.53093665654748,154.58823655811452,197.4762724869277,0
2024-06-07,SKU_013,187.71399028398912,165.2289151532361,208.80110053080915,0
2024-06-08,SKU_013,176.45304980781458,154.99378476742723,197.67578162315021,0
2024-06-09,SKU_013,143.28846254473152,121.89359355406881,163.82894081585712,0
2024-06-10,SKU_013,120.40117507755946,99.74888195253175,140.36183425407933,0
2024-06-11,SKU_013,116.6799141388392,96.12653182021253,137.95807291415582,0
2024-06-12,SKU_013,144.23404748402672,123.49190193446759,164.67782370955035,0
2024-06-13,SKU_013,176.00740234386174,155.56211226704397,198.79080941738255,0
2024-06-14,SKU_013,186.57925750797537,166.78104853258492,208.57572485219038,0
2024-06-15,SKU_013,175.60702800741552,155.15432405233585,197.7693283544673,0
2024-06-16,SKU_013,142.6268089538031,122.97591250828256,164.16843724904848,0
2024-06-17,SKU_013,119.81785105561045,98.59608900675876,142.07492697673442,0
2024-06-18,SKU_013,116.06977821157031,95.40790026910796,137.24022092976242,0
2024-06-19,SKU_013,143.49541716752287,123.82040981612121,163.30149488735256,0
2024-06-20,SKU_013,175.04451753710242,152.98842654375952,195.11861908739047,0
2024-06-21,SKU_013,185.3045808106231,164.9140638421364,206.5645332302195,0
2024-06-22,SKU_013,173.9433216628183,153.8044541067496,195.88966788215933,0
2024-06-23,SKU_013,140.5089341721923,119.36939358456765,161.9956226028065,0
2024-06-24,SKU_013,117.1942429815696,96.61717509517975,136.2429825055679,0
2024-06-25,SKU_013,112.90355864747002,93.5013502096257,135.23884425914454,0
2024-06-26,SKU_013,139.76511704963866,118.5061009575655,159.83232397445875,0
2024-06-27,SKU_013,170.74439182720513,150.89616793714612,191.978465912858,0
2024-06-28,SKU_013,180.44450960900235,158.67160339036423,200.42869610779746,0
2024-06-29,SKU_013,168.54830267349746,147.7445174508729,191.73182512189862,0
2024-06-30,SKU_013,134.61818279101385,113.2032272280616,154.88801005172036,0
2024-07-01,SKU_013,110.8599270000185,91.24978434693537,131.7981325966943,0
2024-07-02,SKU_013,106.18920448776366,85.7289679192992,126.11276652280092,0
2024-07-03,SKU_013,132.74373334050946,112.5421932051408,154.26996653498497,0
2024-07-04,SKU_013,163.4963637238331,142.4147434025596,183.920563169052,0
2024-07-05,SKU_013,173.055323351779,152.76206331190073,194.48688681790946,0
2024-07-06,SKU_013,161.10616428943317,141.26782364170853,183.1604648716292,0
2024-07-07,SKU_013,127.21159745189277,104.6865229225852,148.22719548531697,0
2024-07-08,SKU_013,103.57530629049607,82.76362406453623,123.98659137410382,0
2024-07-09,SKU_013,99.10856767984569,77.45873729774303,120.528022889188,0
2024-07-10,SKU_013,125.94256576594975,104.58855986200824,147.43887076379036,0
2024-07-11,SKU_013,157.0416905572089,136.27569769829438,177.2182658240469,0
2024-07-12,SKU_013,167.00405071543133,147.36952754530463,186.87896152481113,0
2024-07-13,SKU_013,155.50373174237825,134.7381671522498,176.26099095250234,0
2024-07-14,SKU_013,122.09097686129866,100.69950730888519,143.02857741212733,0
2024-07-15,SKU_013,98.95637206260751,79.06068446777847,119.76043119244547,0
2024-07-16,SKU_013,94.99785263768293,73.5245233151949,116.69590911546607,0
2024-07-17,SKU_013,122.3334059062972,100.58643861579985,144.17302039816943,0
2024-07-18,SKU_013,153.91475082222095,132.81186524645446,174.78363284489967,0
2024-07-19,SKU_013,164.3282130815307,142.78419048894514,184.13722192695266,0
2024-07-20,SKU_013,153.23731668472527,132.4476941688415,175.34075910419077,0
2024-07-21,SKU_013,120.18325986895928,97.70426500216108,140.17918114377733,0
2024-07-22,SKU_013,97.34934864206656,76.29447935017866,119.19197303006452,0
2024-07-23,SKU_013,93.62819837042233,73.26022213142886,114.47486161240205,0
2024-07-24,SKU_013,121.13457282139592,101.0914876044325,141.98544037335427,0
2024-07-25,SKU_013,152.8191377487414,134.3680537333805,174.96026475157362,0
2024-07-26,SKU_013,163.26934586119688,142.13482463439647,184.9479188328187,0
2024-07-27,SKU_013,152.15197419620583,130.41950476262966,173.7501979620714,0
2024-07-28,SKU_013,119.01348373453979,98.95438302660207,139.98539913092046,0
2024-07-29,SKU_013,96.04427819293208,75.4257081008079,116.70530108133778,0
2024-07-30,SKU_013,92.14567783091324,70.62610911656355,112.36962416586643,0
2024-07-31,SKU_013,119.44248456402714,100.27627855484158,139.51591812562475,0
2024-08-01,SKU_013,150.8964236824437,129.66212384566398,171.53697786729649,0
2024-08-02,SKU_013,161.10668828849782,140.2824904619258,182.0268740258447,0
2024-08-03,SKU_013,149.75211754848337,128.54164466954683,171.3820569660885,0
2024-08-04,SKU_013,116.39118917117692,95.58734592437317,136.36151020897051,0
2024-08-05,SKU_013,93.2259138215635,71.50839550682385,114.80429357017499,0
2024-08-06,SKU_013,89.16845795980858,67.99637786914775,109.95138439970765,0
2024-08-07,SKU_013,116.35338162652054,96.89225830198038,138.62671177994852,0
2024-08-08,SKU_013,147.75078596913826,127.8110391135687,168.13322806546145,0
2024-08-09,SKU_013,157.96660514906395,137.33531584009307,178.28490733464528,0
2024-08-10,SKU_013,146.68458097236223,124.07964633887819,166.5105822147681,0
2024-08-11,SKU_013,113.4661064864038,92.87030591674468,136.26888638265905,0
2024-08-12,SKU_013,90.51403044931043,69.47907405940975,112.66707984463616,0
2024-08-13,SKU_013,86.73925163492449,66.66838110369932,106.8826127846271,0
2024-08-14,SKU_013,114.27299016491848,93.17818422899448,135.53156497914085,0
2024-08-15,SKU_013,146.08002952539914,125.55789204305336,167.25814388938622,0
2024-08-16,SKU_013,156.75916097472023,134.3414458894006,177.06243301586386,0
2024-08-17,SKU_013,145.98536409341952,125.31942671915536,166.74920238887793,0
2024-08-18,SKU_013,113.3099035573824,91.21030426096917,134.27445656447807,0
2024-08-19,SKU_013,90.92442652363125,71.92919590732487,111.36491031773629,0
2024-08-20,SKU_013,87.7278809311954,66.58666412415258,108.08923519360081,0
2024-08-21,SKU_013,115.83913236204285,96.25230588657982,137.22781784928273,0
2024-08-22,SKU_013,148.2105629678004,128.65635869578813,168.46913302816776,0
2024-08-23,SKU_013,159.4288737099506,139.31038102634673,179.75584535983958,0
2024-08-24,SKU_013,149.1576132042723,128.44827177594755,170.99738683499106,0
2024-08-25,SKU_013,116.93760309452105,96.41751145485262,137.662032260713,0
2024-08-26,SKU_013,94.95133479168767,74.8784827187933,116.98148145113889,0
2024-08-27,SKU_013,92.0901492008711,70.11336178366297,112.37802634892176,0
2024-08-28,SKU_013,120.46706953729824,98.77581837291228,141.53809888951847,0
2024-08-29,SKU_013,153.0305645352872,131.21450903405045,173.65854598504455,0
2024-08-30,SKU_013,164.36545862584322,143.05701488808393,185.58679798836178,0
2024-08-31,SKU_013,154.1355093561387,132.6716778636773,176.72734620829067,0
2024-09-01,SKU_013,121.8838207072163,100.85629499073299,142.85315784667165,0
2024-09-02,SKU_013,99.79716764674947,79.0986603656202,120.29830505091921,0
2024-09-03,SKU_013,96.77304580141033,77.03093165573041,118.23772747935594,0
2024-09-04,SKU_013,124.93232029681059,105.12493644432399,144.18372055286758,0
2024-09-05,SKU_013,157.23275658396742,135.3994057489825,177.4373789676741,0
2024-09-06,SKU_013,168.26965674047673,147.58881204501535,189.96808358105733,0
2024-09-07,SKU_013,157.71812963599288,136.84407225845106,177.8045333185197,0
2024-09-08,SKU_013,125.13317268009408,103.78235544416869,145.79213020669553,0
2024-09-09,SKU_013,102.71365024501301,82.02119592413223,124.0477424265242,0
2024-09-10,SKU_013,99.3689928028048,78.84521099948537,120.21739037572974,0
2024-09-11,SKU_013,127.2315010762847,106.73529231152055,147.8848331016571,0
2024-09-12,SKU_013,159.26954808008733,137.74655103860587,181.85184885072695,0
2024-09-13,SKU_013,170.0879121003345,149.654396844917,191.27902166718476,0
2024-09-14,SKU_013,159.36977778983223,137.79811757689475,180.47226109835483,0
2024-09-15,SKU_013,126.67659085606543,105.84086035574525,147.98292344608,0
2024-09-16,SKU_013,104.21185793894557,80.90574380117825,123.54648136276842,0
2024-09-17,SKU_013,100.88772078083227,80.27856354200539,121.45586599618467,0
2024-09-18,SKU_013,128.83719246442206,108.04533758790613,150.6137722109152,0
2024-09-19,SKU_013,161.02735038618962,139.0961069082838,181.51037965418314,0
2024-09-20,SKU_013,172.05971907282864,150.7565358546704,192.27001850770216,0
2024-09-21,SKU_013,161.6123783454873,141.22008471135103,183.35410916122282,0
2024-09-22,SKU_013,129.23997896153895,107.61980099239159,149.6802313337744,0
2024-09-23,SKU_013,107.13775240901255,87.35031536196738,128.4662843626625,0
2024-09-24,SKU_013,104.20833760994628,83.593015528153,124.39279575222639,0
2024-09-25,SKU_013,132.57430472784688,111.75387531639787,152.3724989703006,0
2024-09-26,SKU_013,165.19166215972714,145.40010058647846,185.67045030788523,0
2024-09-27,SKU_013,176.65057047682592,154.4662651089376,196.49128718292016,0
2024-09-28,SKU_013,166.61778900901598,146.8852925584094,186.85457406665924,0
2024-09-29,SKU_013,134.6370271975897,113.0070252481645,153.82821444437855,0
2024-09-30,SKU_013,112.89327750624813,91.80178655680253,134.75194073817633,0
2024-10-01,SKU_013,110.27994315904355,90.34574866534626,132.56711544254983,0
2024-10-02,SKU_013,138.91163209577394,119.00222024615596,160.6740778675433,0
2024-10-03,SKU_013,171.7378953584172,151.16908296879936,193.36228957237782,0
2024-10-04,SKU_013,183.34412697793738,160.60790991039502,204.61993301342693,0
2024-10-05,SKU_013,173.39414572172197,151.83372406814323,193.92542649997702,0
2024-10-06,SKU_013,141.43062701350135,119.27483755599046,162.18678426599521,0
2024-10-07,SKU_013,119.63945962624956,97.59864851403299,139.5713737071585,0
2024-10-08,SKU_013,116.9168399200336,96.61794728872316,138.11387087280423,0
2024-10-09,SKU_013,145.38197620872455,125.78464234001292,164.9554019013638,0
2024-10-10,SKU_013,177.99068433032252,155.8444103216952,200.7938764032186,0
2024-10-11,SKU_013,189.33609591371425,167.67777691875963,207.5115556278414,0
2024-10-12,SKU_013,179.09100556373846,158.9435926209339,200.09897859848493,0
2024-10-13,SKU_013,146.80803239386796,125.46379688591448,169.22730836645326,0
2024-10-14,SKU_013,124.68367867043891,103.44849669434115,145.33810670618772,0
2024-10-15,SKU_013,121.62510729650961,101.49383915551772,143.29484486074404,0
2024-10-16,SKU_013,149.7625202132946,129.56557365533226,172.6470871657376,0
2024-10-17,SKU_013,182.06242852914392,163.6878663019864,203.98672471577487,0
2024-10-18,SKU_013,193.1280455656296,171.4323366892244,213.57292559696668,0
2024-10-19,SKU_013,182.64133840430654,162.5772267182548,205.7168119645076,0
2024-10-20,SKU_013,150.16292212224616,128.83833969254445,172.18874322600107,0
2024-10-21,SKU_013,127.89588736383361,107.93616687883855,148.57001116114418,0
2024-10-22,SKU_013,124.75238976425595,104.50369120866426,145.30487980198146,0
2024-10-23,SKU_013,152.8658887860265,131.43725806533493,174.03164186685035,0
2024-10-24,SKU_013,185.20433079854027,164.22858668305602,204.8991200600731,0
2024-10-25,SKU_013,196.37051003245907,173.453931362138,218.49811850764632,0
2024-10-26,SKU_013,186.04414378100174,165.18993047669326,207.2064760822214,0
2024-10-27,SKU_013,153.78184515585409,133.25205315153443,175.85350878883963,0
2024-10-28,SKU_013,131.78108152067392,110.05638706269308,151.87715070276315,0
2024-10-29,SKU_013,128.94694302802827,108.2253746637437,149.10241016310167,0
2024-10-30,SKU_013,157.40460329219906,137.68800409104784,177.91732367113482,0
2024-10-31,SKU_013,190.11276022155656,169.0068813007619,211.15165322396678,0
2024-11-01,SKU_013,201.6642827717096,182.06474229394308,223.26116813957188,0
2024-11-02,SKU_013,191.72859128449036,171.80585090994666,211.40535672409456,0
2024-11-03,SKU_013,159.85194544451022,139.1754097645925,180.0395662905062,0
2024-11-04,SKU_013,138.22171840875185,118.8390148083821,159.08904109874078,0
2024-11-05,SKU_013,135.73347195676052,115.50386610189736,156.25613225139708,0
2024-11-06,SKU_013,164.5037054033976,143.521364225654,185.22503339934894,0
2024-11-07,SKU_013,197.4835575613754,177.98489415687936,217.55952441253788,0
2024-11-08,SKU_013,209.2596796027823,188.0387668945344,230.88678008249937,0
2024-11-09,SKU_013,199.4967996304062,178.56914470105454,219.5741756801824,0
2024-11-10,SKU_013,167.73814740106428,146.05933363533367,189.20203266765083,0
2024-11-11,SKU_013,146.16981360012676,125.23837930861211,165.89185332701348,0
2024-11-12,SKU_013,143.68785591592143,122.84283260740871,164.51039613637013,0
2024-11-13,SKU_013,172.41102369501098,153.60941441120312,193.58387539704887,0
2024-11-14,SKU_013,205.29438117267745,184.3745937749859,227.0110665100303,0
2024-11-15,SKU_013,216.93004947925104,195.94159897732365,237.50909500999236,0
2024-11-16,SKU_013,206.98959217179072,186.24231259596715,229.99319566698736,0
2024-11-17,SKU_013,175.0242181258224,154.4164167404091,196.00238517553407,0
2024-11-18,SKU_013,153.22888289053824,132.04605860336576,172.03352498520604,0
2024-11-19,SKU_013,150.50910856238986,129.023376602599,171.6693445963413,0
2024-11-20,SKU_013,178.99340263845423,157.47913711615658,198.59306185971863,0
2024-11-21,SKU_013,211.64656514028263,190.87747680197097,231.1407696233942,0
2024-11-22,SKU_013,223.07011384336104,202.55113782408847,242.71693438882699,0
2024-11-23,SKU_013,212.94436204761035,192.09623378618406,233.9909522514743,0
2024-11-24,SKU_013,180.82833217156434,159.9353923731428,202.16560152644632,0
2024-11-25,SKU_013,158.92359519907288,137.13827707752571,179.62510847127683,0
2024-11-26,SKU_013,156.1408641730939,135.4113558495965,177.48624771451387,0
2024-11-27,SKU_013,184.61222929764708,162.67373494555517,205.52900080491062,0
2024-11-28,SKU_013,217.30432979461744,196.61582445521918,237.89990242726756,0
2024-11-29,SKU_013,228.81869677614037,208.47591890869302,250.12409058720456,0
2024-11-30,SKU_013,218.8338044288251,197.85827533579018,238.2645881739478,0
2024-12-01,SKU_013,186.9050140000743,166.58489837592722,207.68432987003067,0
2024-12-02,SKU_013,165.22850012529057,143.97865716616013,185.61587927965485,0
2024-12-03,SKU_013,162.7079855123796,142.22573581170508,182.7258049239747,0
2024-12-04,SKU_013,191.46716773614753,169.77737315121058,211.37371783956542,0
2024-12-05,SKU_013,224.46312795660288,203.85978753938753,245.8647666479526,0
2024-12-06,SKU_013,236.28694911751717,215.5463970704326,257.5310918998175,0
2024-12-07,SKU_013,226.60607303473273,205.223644006723,247.51398064242176,0
2024-12-08,SKU_013,194.96457202990825,172.65669373513782,216.3918517699647,0
2024-12-09,SKU_013,173.54741511187967,152.75384901241955,195.28069038118406,0
2024-12-10,SKU_013,171.24754477124893,151.49761007475414,191.98150536303103,0
2024-12-11,SKU_013,200.17863805956884,178.89776244724615,221.59324368436927,0
2024-12-12,SKU_013,233.28883185171392,211.94641028629025,253.68647468124468,0
2024-12-13,SKU_013,245.1616303926794,225.4123707448637,266.3476578390816,0
2024-12-14,SKU_013,235.45851581486232,213.88502500451827,256.8160994482755,0
2024-12-15,SKU_013,203.71942955498906,182.88615761335996,224.0927549554706,0
2024-12-16,SKU_013,182.1271981662661,159.94358774228462,203.8568177694302,0
2024-12-17,SKU_013,179.57471450268025,158.28816314127621,202.20266987216272,0
2024-12-18,SKU_013,208.17774442733568,185.97920002832288,228.32183055622602,0
2024-12-19,SKU_013,240.88863710225186,220.26321409412728,263.4143730229821,0
2024-12-20,SKU_013,252.29715685714643,229.60513020628804,274.1517335966044,0
2024-12-21,SKU_013,242.07295896619837,219.52088326030264,262.433683556967,0
2024-12-22,SKU_013,209.76588060996036,188.79219975334198,230.89927699841593,0
2024-12-23,SKU_013,187.57012548213834,166.4361967989712,207.93993496471742,0
2024-12-24,SKU_013,184.3911594568425,162.74879563692394,204.9472976861186,0
2024-12-25,SKU_013,212.3581952031703,192.26549827390124,232.90613286392698,0
2024-12-26,SKU_013,244.43755261974053,223.21912610895663,265.1690312008739,0
2024-12-27,SKU_013,255.23312272677327,235.9931577648746,276.78989841610735,0
2024-12-28,SKU_013,244.42846753785787,223.09689333971838,265.70467234657787,0
2024-12-29,SKU_013,211.58673764996834,190.2307804074229,231.77791959961436,0
2024-12-30,SKU_013,188.9144964312789,167.3208729334669,209.6427829035633,0
2024-12-31,SKU_013,185.3282783151987,163.3590958305062,206.40404079621774,1
2025-01-01,SKU_013,212.96676855712073,191.65689464272913,234.25524808403495,1
2025-01-02,SKU_013,244.80389990727474,222.6462037310082,266.2835051057277,1
2025-01-03,SKU_013,255.44910127801492,233.37750854750487,275.49240599146117,1
2025-01-04,SKU_013,244.58923702826988,223.70358115371053,265.4540116956751,1
2025-01-05,SKU_013,211.78842317257906,190.96530221328925,231.40914588828412,1
2025-01-06,SKU_013,189.25181231871875,167.70683509547607,209.7279105270473,1
2025-01-07,SKU_013,185.89217602805817,164.2760814594144,206.876106459781,1
2025-01-08,SKU_013,213.84217137543243,192.3645166819812,235.209508870386,1
2025-01-09,SKU_013,246.06758482858416,224.94853437767293,266.9766755287798,1
2025-01-10,SKU_013,257.1677845136252,236.69816721030244,277.63578422514695,1
2025-01-11,SKU_013,246.81791390668957,226.3509666775128,268.622290202094,1
2025-01-12,SKU_013,214.56900627153948,193.51330182604124,235.10374291492053,1
2025-01-13,SKU_013,192.61210345167385,169.85778158984942,213.78363118225866,1
2023-01-01,SKU_014,140.82104605985492,124.87016322851954,156.58743031650187,0
2023-01-02,SKU_014,121.38303755877772,105.48660038525847,137.87049099681016,0
2023-01-03,SKU_014,122.39778006591018,107.0950400339359,137.04002723551199,0
2023-01-04,SKU_014,144.516560168868,130.3948883625347,159.3318525453102,0
2023-01-05,SKU_014,170.11239766724043,154.5626911459069,186.03703615630081,0
2023-01-06,SKU_014,179.36175712775662,163.93097584222588,195.11716376032197,0
2023-01-07,SKU_014,167.22082929814434,151.91103516343605,183.19048599382108,0
2023-01-08,SKU_014,145.35029588699302,130.92124579684494,161.11594774839608,0
2023-01-09,SKU_014,125.78641818785091,109.89072180765488,141.99845864606183,0
2023-01-10,SKU_014,126.6401161066583,110.05730209079303,141.4995091237146,0
2023-01-11,SKU_014,148.56856471324653,134.04953456136266,164.33598290890146,0
2023-01-12,SKU_014,173.95136900381743,157.17696857283875,189.1560462284758,0
2023-01-13,SKU_014,182.97203908274486,167.5258926544181,197.3539182079817,0
2023-01-14,SKU_014,170.59402439346601,155.58733540760704,185.9581030021796,0
2023-01-15,SKU_014,148.48522842128912,131.70432124346,163.5762958672641,0
2023-01-16,SKU_014,128.6888522817602,113.82339240305029,144.18000689353164,0
2023-01-17,SKU_014,129.32224146692027,114.58854254728163,145.42639226566178,0
2023-01-18,SKU_014,151.0482701241132,136.3598376390969,167.24498699787645,0
2023-01-19,SKU_014,176.2513301309581,161.04913995547346,192.19469609607424,0
2023-01-20,SKU_014,185.118652871288,169.53659768501575,199.88445763426728,0
2023-01-21,SKU_014,172.6162269970811,156.6413463340451,188.4153277634405,0
2023-01-22,SKU_014,150.41323706171133,134.36307805376882,165.83735687369602,0
2023-01-23,SKU_014,130.55287362079363,115.13723846352742,146.41642553794165,0
2023-01-24,SKU_014,131.15118990542612,115.45994419028729,146.1025559856006,0
2023-01-25,SKU_014,152.86853890454944,137.28982048972026,169.45343079785331,0
2023-01-26,SKU_014,178.0856562669876,161.90894487725802,193.5410744148884,0
2023-01-27,SKU_014,186.98511372007457,171.45252031373082,202.4454234823397,0
2023-01-28,SKU_014,174.52740200253282,159.228845101415,189.7716616632287,0
2023-01-29,SKU_014,152.37556279480123,137.27251006107403,168.45558942174662,0
2023-01-30,SKU_014,132.56621400128304,116.34207950629037,147.86580912838593,0
2023-01-31,SKU_014,133.20863656625122,118.09941828436034,148.92360334640009,0
2023-02-01,SKU_014,154.95644928359314,138.76545112830416,170.4842770385094,0
2023-02-02,SKU_014,180.18392937702401,165.04949690228247,196.39059813979594,0
2023-02-03,SKU_014,189.06769599406542,172.99350017452542,204.2045667783871,0
2023-02-04,SKU_014,176.56300819984358,161.95045034843255,191.59606555182003,0
2023-02-05,SKU_014,154.3285900880177,139.25507268811964,170.36105555413835,0
2023-02-06,SKU_014,134.3978211491029,118.74813034510939,149.55265336871787,0
2023-02-07,SKU_014,134.8779547424226,118.69345792123168,150.46262247968605,0
2023-02-08,SKU_014,156.42188683436848,141.24268736662967,172.00285007902855,0
2023-02-09,SKU_014,181.4045296523146,165.97638356920342,196.59413399970094,0
2023-02-10,SKU_014,190.0045055372159,173.7669742622583,204.7909334408797,0
2023-02-11,SKU_014,177.18041204256429,161.24858127310588,191.8017403106942,0
2023-02-12,SKU_014,154.5955717036041,140.17308211866924,170.84379801563554,0
2023-02-13,SKU_014,134.28910673477134,118.9609681467036,150.24925137976354,0
2023-02-14,SKU_014,134.37500487530758,119.23508130494021,149.2331758060831,0
2023-02-15,SKU_014,155.5137030667798,140.16250094065478,171.23846063367537,0
2023-02-16,SKU_014,180.08824914307385,165.07925075360427,195.79745464239107,0
2023-02-17,SKU_014,188.2857631920619,171.98899972019902,202.2669528115657,0
2023-02-18,SKU_014,175.0734566549284,159.9938196649069,190.61140511051414,0
2023-02-19,SKU_014,152.12313005134595,137.08049951129843,167.67140751247396,0
2023-02-20,SKU_014,131.48199723194597,115.22486588614,145.71307768366026,0
2023-02-21,SKU_014,131.27151002572006,114.22602592907813,145.86733266598407,0
2023-02-22,SKU_014,152.15871732850934,137.15142631786094,167.3195187692478,0
2023-02-23,SKU_014,176.53222569540492,160.25310939089476,191.01119386986994,0
2023-02-24,SKU_014,184.58348928223444,168.30652940106324,199.7344726501835,0
2023-02-25,SKU_014,171.28269249974318,155.56097098465216,186.5300432264857,0
2023-02-26,SKU_014,148.30315050733515,132.7184012377799,163.87678219174444,0
2023-02-27,SKU_014,127.69207853185097,113.50478275850871,143.46713229565654,0
2023-02-28,SKU_014,127.56940565096727,112.36866474543085,143.3445975485303,0
2023-03-01,SKU_014,148.599167557342,132.24610076944808,164.09581593209145,0
2023-03-02,SKU_014,173.16554447520983,157.39452333042226,188.22764998398273,0
2023-03-03,SKU_014,181.4542698652865,166.2810965068621,196.31858270030585,0
2023-03-04,SKU_014,168.428669815468,152.49956356942945,183.82166641138744,0
2023-03-05,SKU_014,145.75425362577192,130.5776936992774,160.68637918471953,0
2023-03-06,SKU_014,125.46970094103663,110.89781018473624,140.63886111330527,0
2023-03-07,SKU_014,125.68591459548828,109.63357351798025,141.1798095252497,0
2023-03-08,SKU_014,147.05766656175606,131.90038622220783,162.9469090663066,0
2023-03-09,SKU_014,171.9598956211611,155.29349601178023,186.1758586508292,0
2023-03-10,SKU_014,180.56937462968256,163.96603181331065,196.54545153690628,0
2023-03-11,SKU_014,167.8409995537661,153.38256877444118,183.99817777441712,0
2023-03-12,SKU_014,145.4326133199436,130.51279904828812,160.7817493081271,0
2023-03-13,SKU_014,125.37620287586718,109.42447817900467,141.79311617047938,0
2023-03-14,SKU_014,125.77713231897727,109.6385866108477,141.24252689431054,0
2023-03-15,SKU_014,147.28593421023527,132.10027060455343,163.8922969959246,0
2023-03-16,SKU_014,172.2747132927721,156.53412019016218,187.9795077927587,0
2023-03-17,SKU_014,180.9188774222981,165.11836854353308,196.0896559128444,0
2023-03-18,SKU_014,168.17344604693562,152.68758576403556,182.82095592274416,0
2023-03-19,SKU_014,145.69784879864324,130.63428489188414,162.19148158263116,0
2023-03-20,SKU_014,125.52705346208032,110.56548632430744,139.94417261464608,0
2023-03-21,SKU_014,125.77068843643454,110.80559035747024,140.7158055727853,0
2023-03-22,SKU_014,147.08468519597582,132.42954126400545,162.42900082835615,0
2023-03-23,SKU_014,171.84749970706542,156.3790664594603,188.55234829824892,0
2023-03-24,SKU_014,180.24163322999829,165.1739228303415,196.4855209102466,0
2023-03-25,SKU_014,167.2297093729413,151.8196389815388,183.43793028580905,0
2023-03-26,SKU_014,144.47902713379756,130.391906313375,161.59539363565344,0
2023-03-27,SKU_014,124.03243680424667,108.90462117371514,138.6282501708862,0
2023-03-28,SKU_014,124.00721166385654,108.21065219834364,138.23983684536995,0
2023-03-29,SKU_014,145.06644874622026,129.63274925167258,161.2672196597879,0
2023-03-30,SKU_014,169.59506513765257,154.82037294778942,184.52184630138322,0
2023-03-31,SKU_014,177.781117235993,162.1209029772076,193.95483412923005,0
2023-04-01,SKU_014,164.591706114069,148.95563504745618,179.8458262485295,0
2023-04-02,SKU_014,141.69739409151495,125.7476049311059,156.19636141128672,0
2023-04-03,SKU_014,121.14298367070597,104.84423455413669,136.0367827545864,0
2023-04-04,SKU_014,121.04633483532646,105.2517543731253,136.69651122006107,0
2023-04-05,SKU_014,142.06975574763095,126.49910335317429,157.60835200788424,0
2023-04-06,SKU_014,166.5960336980278,150.6906634573701,181.79917015017858,0
2023-04-07,SKU_014,174.8098327159281,157.976818149174,189.1630363761216,0
2023-04-08,SKU_014,161.67371863875093,144.84033746504767,176.7306603544131,0
2023-04-09,SKU_014,138.85273307685375,123.12081267950032,153.64275525196862,0
2023-04-10,SKU_014,118.38536258606503,103.3764061177149,134.50232678287682,0
2023-04-11,SKU_014,118.38257316018701,102.80608937610289,134.672783615326,0
2023-04-12,SKU_014,139.49943832284387,123.82000366402217,154.86712441401005,0
2023-04-13,SKU_014,164.11142024794827,147.9573312739174,179.02867713401645,0
2023-04-14,SKU_014,172.396022475763,156.6377674651393,187.65881009282637,0
2023-04-15,SKU_014,159.30906694597755,143.326306689916,174.35988683238324,0
2023-04-16,SKU_014,136.5095087816551,121.85828121833644,151.53190931318323,0
2023-04-17,SKU_014,116.03062741514991,100.3744421652122,132.46052596498086,0
2023-04-18,SKU_014,115.97925697539338,101.61117462755905,131.63270394772303,0
2023-04-19,SKU_014,137.00757778225807,122.62866394430289,151.9387420791067,0
2023-04-20,SKU_014,161.48952289482986,145.067067509592,176.61041636930292,0
2023-04-21,SKU_014,169.60251393044518,154.82906639418135,184.43156396135208,0
2023-04-22,SKU_014,156.30377579354524,140.49620140094655,171.1043905739784,0
2023-04-23,SKU_014,133.25514204367312,117.52829901582245,149.2301940331043,0
2023-04-24,SKU_014,112.49418921950408,96.03600086063554,128.30150628411607,0
2023-04-25,SKU_014,112.1333642230649,97.27648803363324,127.98325155286773,0
2023-04-26,SKU_014,132.83162922240498,117.07822538450884,148.48986305239004,0
2023-04-27,SKU_014,156.9706819954899,141.95001059637872,173.4591890719727,0
2023-04-28,SKU_014,164.7364711573546,149.7058825036853,179.81638262468846,0
2023-04-29,SKU_014,151.0952622365454,135.95656082300613,166.57398315129345,0
2023-04-30,SKU_014,127.71817362202958,112.40342717968674,142.536210925274,0
2023-05-01,SKU_014,106.65202858028267,89.99438398798178,121.1949514713002,0
2023-05-02,SKU_014,106.0181959703382,90.67988700987284,120.52422584190087,0
2023-05-03,SKU_014,126.48395274187286,113.32403384903336,142.7006060957369,0
2023-05-04,SKU_014,150.43843478143842,134.8266148847904,166.231770138327,0
2023-05-05,SKU_014,158.07390389479346,141.4750471051686,173.2806301146041,0
2023-05-06,SKU_014,144.36159469912312,129.13505217471695,159.31592243205245,0
2023-05-07,SKU_014,120.97606742289418,105.93847507931306,134.93722697509,0
2023-05-08,SKU_014,99.965918916543,84.6448680985735,116.59876143399694,0
2023-05-09,SKU_014,99.4525292504377,83.94582517792868,114.27556243134553,0
2023-05-10,SKU_014,120.10138051818629,105.80676578499967,135.5571736326045,0
2023-05-11,SKU_014,144.29801643596448,129.133368467448,159.75271507564557,0
2023-05-12,SKU_014,152.22937102909094,137.40601062810637,168.01994232594353,0
2023-05-13,SKU_014,138.859729123916,124.2783304535162,153.46752723169348,0
2023-05-14,SKU_014,115.8552420451083,99.89020822884775,130.56153485371473,0
2023-05-15,SKU_014,95.25484674671983,80.05888689580594,111.17218644042022,0
2023-05-16,SKU_014,95.1692603036339,79.00801805363346,111.0205277958081,0
2023-05-17,SKU_014,116.25257971311552,100.08161534293377,132.85002450484933,0
2023-05-18,SKU_014,140.87854788782482,124.57200647549767,156.90844897912552,0
2023-05-19,SKU_014,149.22220560034262,133.87840119795482,165.56077612035594,0
2023-05-20,SKU_014,136.23618299361945,120.47865774567983,150.83060092943785,0
2023-05-21,SKU_014,113.57554462932924,97.86674771377459,129.18249548046887,0
2023-05-22,SKU_014,93.26901867078567,77.44302794582524,108.81276255361631,0
2023-05-23,SKU_014,93.41831371391497,79.34905096558106,109.09674726214541,0
2023-05-24,SKU_014,114.66996282763287,98.76712183136713,129.3366986660221,0
2023-05-25,SKU_014,139.39182935703974,123.7900431382262,155.06320369256684,0
2023-05-26,SKU_014,147.75494644196996,133.64055801760267,163.29484111118168,0
2023-05-27,SKU_014,134.70994624994177,119.39965687647724,150.69871948300013,0
2023-05-28,SKU_014,111.91198849781752,96.15884114216891,126.00897013911312,0
2023-05-29,SKU_014,91.39202414067003,75.62564760328075,106.40773763264649,0
2023-05-30,SKU_014,91.2560556444815,76.54828684881775,108.10731935682745,0
2023-05-31,SKU_014,112.15691543567455,97.35145658839905,127.32962961915034,0
2023-06-01,SKU_014,136.47061747124653,120.08777525022698,151.72861561339894,0
2023-06-02,SKU_014,144.37799835094577,130.8205297680867,158.64707546987162,0
2023-06-03,SKU_014,130.84090096215922,115.45984510238966,147.19151429455906,0
2023-06-04,SKU_014,107.52681675885927,91.16680337170595,121.91542971607174,0
2023-06-05,SKU_014,86.47983027155247,69.69611957235692,100.2153863038462,0
2023-06-06,SKU_014,85.81953595897599,70.3798160470995,100.49988477978386,0
2023-06-07,SKU_014,106.21245842043369,91.09203425647436,121.6223577715843,0
2023-06-08,SKU_014,130.0480408035825,114.66660741590466,144.5304788294445,0
2023-06-09,SKU_014,137.5199279050849,120.88971380975299,152.05644858654935,0
2023-06-10,SKU_014,123.60180692577194,108.55025509503604,139.82328351991416,0
2023-06-11,SKU_014,99.97173156949708,85.39787076013073,115.02262164070788,0
2023-06-12,SKU_014,78.68278200117729,62.789615295907694,95.446247526354,0
2023-06-13,SKU_014,77.86173877903477,61.985975613365206,92.70408807309047,0
2023-06-14,SKU_014,98.1803055104262,81.82869527156898,113.7407994376481,0
2023-06-15,SKU_014,122.03096616964437,106.88017280110869,137.64000969538847,0
2023-06-16,SKU_014,129.60817636528952,113.72685247537518,145.09673373373604,0
2023-06-17,SKU_014,115.88418508752002,100.56208061284576,131.1882542231877,0
2023-06-18,SKU_014,92.53339769223959,76.855333626711,107.22190538708536,0
2023-06-19,SKU_014,71.60313470747576,55.93466417620026,87.10121490240776,0
2023-06-20,SKU_014,71.21246183447516,55.394823200125934,86.74736784942954,0
2023-06-21,SKU_014,92.02362465661793,75.8437069982604,107.77222640290456,0
2023-06-22,SKU_014,116.4181525399276,100.7655928885053,130.55643947472805,0
2023-06-23,SKU_014,124.57835504107871,108.98347175666576,139.51215276325584,0
2023-06-24,SKU_014,111.46346784740429,96.137039313523,126.94897111480499,0
2023-06-25,SKU_014,88.73436542124642,72.23239129015028,104.08037129062762,0
2023-06-26,SKU_014,68.42468200504592,53.7319693988708,83.69229564487313,0
2023-06-27,SKU_014,68.64000620367972,52.63489449412365,83.62436748673898,0
2023-06-28,SKU_014,90.0296724544803,74.47259890804766,105.85644075256823,0
2023-06-29,SKU_014,114.96320390142411,99.5956773255207,129.83231360990328,0
2023-06-30,SKU_014,123.61212054960549,108.46183839485313,139.10869994599057,0
2023-07-01,SKU_014,110.92636107966197,94.8617911259104,126.11541192816405,0
2023-07-02,SKU_014,88.55922789254436,73.86373773037627,103.5614751619135,0
2023-07-03,SKU_014,68.5386906991486,53.346329259084335,84.19385664299384,0
2023-07-04,SKU_014,68.9667089699983,54.76231057765806,85.26465253090952,0
2023-07-05,SKU_014,90.49109323363932,73.86781935475001,105.73162452127264,0
2023-07-06,SKU_014,115.48195809214837,99.13918385813635,131.04568379099356,0
2023-07-07,SKU_014,124.11348089609793,108.62381892292422,138.64607919826082,0
2023-07-08,SKU_014,111.3392151932295,95.31177505530054,126.80279599396798,0
2023-07-09,SKU_014,88.81987720709628,73.14213877322776,104.8506437126142,0
2023-07-10,SKU_014,68.59143515372642,52.76421018293859,84.37447702180087,0
2023-07-11,SKU_014,68.76517861301855,53.44747794967049,84.38682074108384,0
2023-07-12,SKU_014,89.9992903123304,74.59340469350542,105.18665711606667,0
2023-07-13,SKU_014,114.67498285237271,98.24383028843512,129.37172386168572,0
2023-07-14,SKU_014,122.9779236753018,107.3269298517497,138.55119571463396,0
2023-07-15,SKU_014,109.87420826002871,95.48824022985788,125.7361739387619,0
2023-07-16,SKU_014,87.03480455710468,71.6059700996779,102.66243560219155,0
2023-07-17,SKU_014,66.50631886270422,51.815791771205035,82.24449282628707,0
2023-07-18,SKU_014,66.4097593421763,50.413207543477895,81.19606388115277,0
2023-07-19,SKU_014,87.41183362345419,71.30858878919861,102.40001168213094,0
2023-07-20,SKU_014,111.9008498260572,96.01397741334009,128.56817144257806,0
2023-07-21,SKU_014,120.06795104329437,104.80428537016651,135.4074553689336,0
2023-07-22,SKU_014,106.88294862625871,92.09468404321457,122.29576603280391,0
2023-07-23,SKU_014,84.01868113307269,69.48714882526342,99.82734045908741,0
2023-07-24,SKU_014,63.521751371496705,48.862174772721104,79.33808981566561,0
2023-07-25,SKU_014,63.51131829018578,48.29653208367236,80.17231947708753,0
2023-07-26,SKU_014,84.65047898529718,68.43632817989022,101.11144607165612,0
2023-07-27,SKU_014,109.32230737441822,93.87493944743225,125.83123046178085,0
2023-07-28,SKU_014,117.7112751663938,103.5599131267043,133.35797384146022,0
2023-07-29,SKU_014,104.77931464360782,89.72324991438238,120.53376794142841,0
2023-07-30,SKU_014,82.19044301974301,65.7011207604174,98.40044236410071,0
2023-07-31,SKU_014,61.98159347894053,46.728035246860166,77.54956053188235,0
2023-08-01,SKU_014,62.26231650367081,46.48942765966328,77.96665998299565,0
2023-08-02,SKU_014,83.68588559222697,66.89734276369872,99.34645749052186,0
2023-08-03,SKU_014,108.6258557804656,92.15799695665834,124.05673264503532,0
2023-08-04,SKU_014,117.2577950169495,101.90240517263793,132.409602041974,0
2023-08-05,SKU_014,104.53563762922904,88.87998789115674,120.27837501018202,0
2023-08-06,SKU_014,82.11657079991623,67.26557545725919,97.34104095068693,0
2023-08-07,SKU_014,62.03229033602903,46.922239120523244,79.21103686110786,0
2023-08-08,SKU_014,62.388286627891226,46.781865913145396,77.37552429956784,0
2023-08-09,SKU_014,83.83568095513212,69.91712160499557,99.9607005032791,0
2023-08-10,SKU_014,108.74766479325243,93.22949901068182,124.5661263108673,0
2023-08-11,SKU_014,117.30125546388042,101.26062724267935,132.47465541680623,0
2023-08-12,SKU_014,104.45361735030143,88.12079864791669,120.47837728379633,0
2023-08-13,SKU_014,81.86686043315419,65.4410898003697,97.23700375659318,0
2023-08-14,SKU_014,61.5791549482348,46.025955435536275,78.15277732390804,0
2023-08-15,SKU_014,61.70382717511441,45.67772317456434,77.61193250320946,0
2023-08-16,SKU_014,82.90096211463933,67.83708079995252,97.99389499183488,0
2023-08-17,SKU_014,107.55357262270785,91.25863375268558,122.83542057310115,0
2023-08-18,SKU_014,115.84905637503351,100.92593683570695,131.01342443203495,0
2023-08-19,SKU_014,102.7551987921704,87.0810750767218,117.431075216133,0
2023-08-20,SKU_014,79.94464320798411,63.86922137332483,95.55772715937248,0
2023-08-21,SKU_014,59.465676941370376,43.46341106130156,74.71707030546602,0
2023-08-22,SKU_014,59.44100818546036,44.611025474682094,74.60974914968422,0
2023-08-23,SKU_014,80.53877499538254,64.06945170308926,94.20202371943508,0
2023-08-24,SKU_014,105.14932570976072,89.90644618058855,121.12615589619551,0
2023-08-25,SKU_014,113.46555918750514,98.20044874905882,128.5814652173281,0
2023-08-26,SKU_014,100.45903154253435,84.9219309623025,115.11384805940114,0
2023-08-27,SKU_014,77.80428598629466,61.446186438214966,92.80336518562646,0
2023-08-28,SKU_014,57.549553090450985,41.59391145099098,73.6477606408308,0
2023-08-29,SKU_014,57.815499312480156,41.74335112537564,73.5494953265855,0
2023-08-30,SKU_014,79.2665604401598,63.24945493083328,93.99326615606283,0
2023-08-31,SKU_014,104.28692815351135,90.2622256958441,119.59471001923423,0
2023-09-01,SKU_014,113.06191718530754,97.866584686428,129.39984833448585,0
2023-09-02,SKU_014,100.55397459554555,84.34611068625705,116.02360540317395,0
2023-09-03,SKU_014,78.42725300196604,63.831222961185034,93.7512206870555,0
2023-09-04,SKU_014,58.718594132130335,43.03324258575299,74.09396760717289,0
2023-09-05,SKU_014,59.536592512972675,44.88083488427689,74.96794439677949,0
2023-09-06,SKU_014,81.53326695824644,66.09758750522272,96.2947243054721,0
2023-09-07,SKU_014,107.08039833578533,91.3598932429529,122.15551875054429,0
2023-09-08,SKU_014,116.35125095035968,100.88783070317292,131.1126979831549,0
2023-09-09,SKU_014,104.29692876877245,89.37785045500887,118.3576714704145,0
2023-09-10,SKU_014,82.57127820455099,67.32594694441478,97.92774649380281,0
2023-09-11,SKU_014,63.20217415714805,47.53923589632803,79.32132799276985,0
2023-09-12,SKU_014,64.29085019189338,48.911976326623154,80.2146626748917,0
2023-09-13,SKU_014,86.4837925926017,71.67519339331666,101.26360898696487,0
2023-09-14,SKU_014,112.14925007763888,96.63435159430252,128.05949730731038,0
2023-09-15,SKU_014,121.4590712554551,106.37621207454306,136.6615439750856,0
2023-09-16,SKU_014,109.36494642900753,94.06853865410288,123.31570903187131,0
2023-09-17,SKU_014,87.52381828046525,71.87682061868084,102.7523521392866,0
2023-09-18,SKU_014,67.96858837935605,53.028843561954034,82.80641432571646,0
2023-09-19,SKU_014,68.80749154053238,53.60829849846549,85.01205743799086,0
2023-09-20,SKU_014,90.69580630409669,75.95125164793747,106.36623794589211,0
2023-09-21,SKU_014,116.01212925025725,100.0384073278743,131.163313478327,0
2023-09-22,SKU_014,124.93993169969077,109.06123224261566,141.1860938651585,0
2023-09-23,SKU_014,112.44365416518063,96.88088376918768,126.77588317034368,0
2023-09-24,SKU_014,90.19325721196044,74.47434955215518,105.74700324900522,0
2023-09-25,SKU_014,70.23507498471542,53.806878132010375,85.19746129766733,0
2023-09-26,SKU_014,70.69064420026828,54.320537137795384,86.21685813286821,0
2023-09-27,SKU_014,92.22804226070988,77.78384998537265,108.58088945039637,0
2023-09-28,SKU_014,117.2378018272051,101.09759878914458,132.19343579662387,0
2023-09-29,SKU_014,125.91413065181027,110.2019076517183,140.2890980697196,0
2023-09-30,SKU_014,113.23070165705087,97.77329098557348,129.10914279981546,0
2023-10-01,SKU_014,90.86494064129661,75.57358644080891,106.70546706422355,0
2023-10-02,SKU_014,70.86866543351624,54.95630223350945,87.3953127247579,0
2023-10-03,SKU_014,71.36675548975433,56.560748206068844,86.57799784115855,0
2023-10-04,SKU_014,93.02839022593444,77.42897041997792,108.19221982185306,0
2023-10-05,SKU_014,118.24292637972559,101.71160559351254,134.0636620011311,0
2023-10-06,SKU_014,127.20114437719106,112.21913227510815,142.8718802507332,0
2023-10-07,SKU_014,114.87112805993172,99.49766777148875,129.82673057630342,0
2023-10-08,SKU_014,92.92270272693038,76.72846311354655,108.51733986394768,0
2023-10-09,SKU_014,73.3982727365235,57.823718175582606,89.5769083266078,0
2023-10-10,SKU_014,74.41177401126508,59.26230731907314,90.45496386007726,0
2023-10-11,SKU_014,96.62018830904913,80.29927894634282,111.38943947354083,0
2023-10-12,SKU_014,122.3997653244495,106.96218159914619,138.22173870995195,0
2023-10-13,SKU_014,131.92763103744593,116.05658936512194,148.11860688296053,0
2023-10-14,SKU_014,120.15804490312813,104.4058797115748,135.3862102269314,0
2023-10-15,SKU_014,98.74722021508904,82.79213489205641,115.15042556442353,0
2023-10-16,SKU_014,79.72454654850688,64.61886049977106,94.34997735010361,0
2023-10-17,SKU_014,81.19187692051119,64.53330229720022,96.0984665888765,0
2023-10-18,SKU_014,103.79540063115505,88.25527568037049,119.8979569403661,0
2023-10-19,SKU_014,129.90215425964092,115.94012192130246,145.89203422867732,0
2023-10-20,SKU_014,139.68188300295228,123.28060152556864,154.81461587655437,0
2023-10-21,SKU_014,128.08349944718452,112.61734521698105,144.01709640834574,0
2023-10-22,SKU_014,106.76004848395694,91.5697759071196,122.52983218206558,0
2023-10-23,SKU_014,87.74001327937663,72.64313843411014,103.80245742734812,0
2023-10-24,SKU_014,89.12662266177361,74.41646142477624,104.6127291769342,0
2023-10-25,SKU_014,111.5696804195548,96.29289499853822,126.8155644555934,0
2023-10-26,SKU_014,137.441970312243,120.77938868464426,152.25439096289125,0
2023-10-27,SKU_014,146.92095207701695,130.7293620576744,162.2633389674358,0
2023-10-28,SKU_014,134.965000286624,120.32265526204303,150.83430213254596,0
2023-10-29,SKU_014,113.23810107526315,98.40418614483414,130.12867874842266,0
2023-10-30,SKU_014,93.78084929079067,78.08871237541135,110.33637781733695,0
2023-10-31,SKU_014,94.70941522597097,79.02482314866286,110.80672334292684,0
2023-11-01,SKU_014,116.68701106192812,101.47886840288885,131.96257249485026,0
2023-11-02,SKU_014,142.09992120053758,125.8285978763468,158.13439412447426,0
2023-11-03,SKU_014,151.13882212566756,135.35833373757956,167.61458723007314,0
2023-11-04,SKU_014,138.77465444792645,123.85456666849105,154.70360271112037,0
2023-11-05,SKU_014,116.682972325141,101.01732657856486,131.32918729673955,0
2023-11-06,SKU_014,96.91462254047295,81.09184695374539,112.92681815701582,0
2023-11-07,SKU_014,97.5944312318728,81.43634470452315,113.7089809979137,0
2023-11-08,SKU_014,119.39243615653845,103.44704297214788,135.07505124883508,0
2023-11-09,SKU_014,144.69973496774844,130.04049517216063,160.5930685391045,0
2023-11-10,SKU_014,153.7096802613377,138.436467640433,169.73087492525772,0
2023-11-11,SKU_014,141.39368709873568,125.30486621248495,157.57687842091966,0
2023-11-12,SKU_014,119.42557984974667,104.93582742815583,134.1244864782145,0
2023-11-13,SKU_014,99.85233039901682,83.57561028158037,114.23367794959832,0
2023-11-14,SKU_014,100.79286374666604,84.31614912253562,115.88931381780728,0
2023-11-15,SKU_014,122.90946524058107,108.91249602457106,138.76183806921458,0
2023-11-16,SKU_014,148.58385470013533,132.41362161545374,163.97815759917663,0
2023-11-17,SKU_014,157.9986515553982,141.32078111299896,172.96136321107278,0
2023-11-18,SKU_014,146.1134888562982,129.5388501620533,161.3079947966581,0
2023-11-19,SKU_014,124.58969415330351,109.03034153980532,138.94296817421122,0
2023-11-20,SKU_014,105.46137971949547,89.4894554496635,120.72675171829997,0
2023-11-21,SKU_014,106.83460811648067,90.86120948243953,122.90694703103405,0
2023-11-22,SKU_014,129.35915714703228,114.19333056074127,145.9160859029878,0
2023-11-23,SKU_014,155.4049393872703,139.93019358554315,171.00454674088908,0
2023-11-24,SKU_014,165.14379076462706,149.33062209022725,179.7952385762541,0
2023-11-25,SKU_014,153.52587707808468,139.5168767701079,168.7476540565319,0
2023-11-26,SKU_014,132.20462841985713,117.6403030232612,147.98251666104437,0
2023-11-27,SKU_014,113.20803711755299,96.39429032638607,128.69254072228227,0
2023-11-28,SKU_014,114.63797968164164,99.29397778238611,130.3879410314328,0
2023-11-29,SKU_014,137.14208279331623,122.3305102993957,152.7369827260246,0
2023-11-30,SKU_014,163.0901861220667,147.1787314963615,178.60590732497687,0
2023-12-01,SKU_014,172.65611570444946,157.90454811686496,188.62098677435935,0
2023-12-02,SKU_014,160.79401771020406,145.56930526522615,175.47947282295038,0
2023-12-03,SKU_014,139.1631651388377,123.3620660355326,154.89666907935495,0
2023-12-04,SKU_014,119.79907717739336,105.27031622853106,135.06296756136342,0
2023-12-05,SKU_014,120.81261725048319,106.69923871806067,135.34207134553554,0
2023-12-06,SKU_014,142.86159658629185,127.27972541417002,158.21268258916183,0
2023-12-07,SKU_014,168.3269439235727,152.75992170342968,184.2517606276588,0
2023-12-08,SKU_014,177.39416373264888,161.88899051913177,192.94156654080362,0
2023-12-09,SKU_014,165.02934197312166,148.7588158403736,179.86499570788163,0
2023-12-10,SKU_014,142.9036214096864,127.47546653616223,158.25674139792073,0
2023-12-11,SKU_014,123.06399570085213,106.69490992636956,138.6737745072762,0
2023-12-12,SKU_014,123.63209750632089,108.5683619151137,138.76014757686903,0
2023-12-13,SKU_014,145.2755161169977,128.7506564470908,159.74374121464294,0
2023-12-14,SKU_014,170.38371313098514,153.3428555653883,185.31522716015903,0
2023-12-15,SKU_014,179.14926544242226,163.92784517757005,194.27342740664042,0
2023-12-16,SKU_014,166.5437002609656,151.08346016165066,181.98254311594116,0
2023-12-17,SKU_014,144.24184853063286,128.83320013299885,159.76200621414793,0
2023-12-18,SKU_014,124.2925688389016,109.04548371950904,140.13554167625017,0
2023-12-19,SKU_014,124.81751839933766,109.04836531924774,139.58771776499114,0
2023-12-20,SKU_014,146.4825063987499,131.54581377497072,161.63357684766984,0
2023-12-21,SKU_014,171.67349645897718,155.622559233101,189.16613238872432,0
2023-12-22,SKU_014,180.57798424838182,164.3555203199004,195.90395120493002,0
2023-12-23,SKU_014,168.16101035418092,152.68358763953498,183.68907203958832,0
2023-12-24,SKU_014,146.08972896451678,130.10885946089869,161.94665139804172,0
2023-12-25,SKU_014,126.40437759540676,111.47539038742664,141.2943504630993,0
2023-12-26,SKU_014,127.21731677440704,111.88310911166045,142.2885550960095,0
2023-12-27,SKU_014,149.18466670249566,135.0687491933762,165.27791681190268,0
2023-12-28,SKU_014,174.68259905501594,159.9294186201361,191.00312987511504,0
2023-12-29,SKU_014,183.88900128075946,168.05179006142893,199.08193538535488,0
2023-12-30,SKU_014,171.75976501965144,156.42645189572738,187.28554732147856,0
2023-12-31,SKU_014,149.95361113085823,135.43232295037743,164.36300000039145,0
2024-01-01,SKU_014,130.5032891817835,115.28830386626284,146.09401546513297,0
2024-01-02,SKU_014,131.5148138057297,116.61904912784405,148.0844701309415,0
2024-01-03,SKU_014,153.6392595229987,138.12524834482858,169.3349093496687,0
2024-01-04,SKU_014,179.2491679799088,164.60636170703057,194.63132479813748,0
2024-01-05,SKU_014,188.5202821006606,172.47871310080188,203.01426714382274,0
2024-01-06,SKU_014,176.407857321787,161.61860289462572,191.6651019663682,0
2024-01-07,SKU_014,154.57146239602537,139.36696446286777,170.159542538908,0
2024-01-08,SKU_014,135.04610904302965,119.25358295876025,149.64464671553554,0
2024-01-09,SKU_014,135.9413756594022,120.81022465760398,149.87282184150902,0
2024-01-10,SKU_014,157.91305076682457,142.25552071286927,172.72524868127823,0
2024-01-11,SKU_014,183.33935538368007,166.07732777491267,198.70091314650176,0
2024-01-12,SKU_014,192.40246501848475,176.42760248564667,208.73551311898925,0
2024-01-13,SKU_014,180.06458844550994,164.28582983057055,196.23960814955382,0
2024-01-14,SKU_014,157.9925232917064,141.40049456038037,172.80976937729343,0
2024-01-15,SKU_014,138.2285355866213,121.77175714683358,153.71001486087457,0
2024-01-16,SKU_014,138.88923644027568,122.84733395863415,154.8309671101098,0
2024-01-17,SKU_014,160.63698932010703,144.77378303344017,175.8323388814421,0
2024-01-18,SKU_014,185.8559145006246,171.03689665409863,200.8953794087561,0
2024-01-19,SKU_014,194.73321815143683,179.47444018456224,209.60735838465723,0
2024-01-20,SKU_014,182.235109157543,166.4221729200677,198.18694654629314,0
2024-01-21,SKU_014,160.0312286293247,144.42794432597324,175.24278989766654,0
2024-01-22,SKU_014,140.16544302672406,126.67239842624146,156.55276541960032,0
2024-01-23,SKU_014,140.75467657373022,123.77118135146131,156.74845711738703,0
2024-01-24,SKU_014,162.460317604367,147.2845459613878,178.75895147128978,0
2024-01-25,SKU_014,187.6642652252479,172.8221946633479,202.21114914283493,0
2024-01-26,SKU_014,196.55034221227794,181.59438952123253,212.30580187406903,0
2024-01-27,SKU_014,184.08033438974866,168.48281676811177,199.8424701715447,0
2024-01-28,SKU_014,161.91857739545657,145.88132137203982,176.44362673565337,0
2024-01-29,SKU_014,142.10293662415492,126.89441915569057,156.2473870233318,0
2024-01-30,SKU_014,142.74384997843254,127.78346696376573,158.4235598298344,0
2024-01-31,SKU_014,164.49596129469995,148.39803502569572,179.9652791654184,0
2024-02-01,SKU_014,189.7344035419562,174.53875462569658,204.89383091982936,0
2024-02-02,SKU_014,198.63645011990246,182.6003271260344,212.8191941412269,0
2024-02-03,SKU_014,186.15778695910763,171.07749345681822,202.1030418567774,0
2024-02-04,SKU_014,163.9573187196349,148.53149847339907,179.19134608801102,0
2024-02-05,SKU_014,144.06834801496228,129.33363800829466,159.25061487181648,0
2024-02-06,SKU_014,144.59779080994375,128.15925731490785,160.05109055223664,0
2024-02-07,SKU_014,166.1979503065645,150.3116850714542,182.50956657599698,0
2024-02-08,SKU_014,191.24290384346085,176.39048345377182,206.8375157514494,0
2024-02-09,SKU_014,199.91021772385554,184.35399859099863,215.65046780271044,0
2024-02-10,SKU_014,187.15724040522014,172.20921766602632,201.1567910906461,0
2024-02-11,SKU_014,164.64588664384678,148.90453550547286,180.84680852149262,0
2024-02-12,SKU_014,144.41375182359184,128.34225365363594,160.47103277250835,0
2024-02-13,SKU_014,144.5732214966124,129.08443937978768,160.46240888570773,0
2024-02-14,SKU_014,165.78310150064883,150.76578151931645,181.69146455417425,0
2024-02-15,SKU_014,190.4248274243996,174.60229639804663,204.71164040632405,0
2024-02-16,SKU_014,198.68397362981065,183.10349161384156,214.0877552447471,0
2024-02-17,SKU_014,185.52631844581657,170.35570854697025,200.1490006366942,0
2024-02-18,SKU_014,162.62238500565002,147.3035109296406,178.30126896825521,0
2024-02-19,SKU_014,142.0183043256103,126.91461200742793,158.45702949184457,0
2024-02-20,SKU_014,141.83467328306224,126.24804926001441,156.38974171389168,0
2024-02-21,SKU_014,162.7379405183189,146.48807403095788,178.9147409197067,0
2024-02-22,SKU_014,187.1163864903741,171.28430340566868,202.4966803867829,0
2024-02-23,SKU_014,195.16142491876917,179.725617259044,210.75732164224218,0
2024-02-24,SKU_014,181.8434886027066,165.98049419941825,195.27687343816487,0
2024-02-25,SKU_014,158.83642462727056,143.3257198763947,174.13583049211582,0
2024-02-26,SKU_014,138.18825007775817,123.43862350635683,152.9388928783272,0
2024-02-27,SKU_014,138.01994427939513,122.54037912561344,153.29252059558365,0
2024-02-28,SKU_014,158.99681273077397,142.77045022273563,175.26342161867672,0
2024-02-29,SKU_014,183.50448972913503,168.25524160297755,198.3506897501502,0
2024-03-01,SKU_014,191.7303063795542,175.70778397883373,207.3486661344021,0
2024-03-02,SKU_014,178.63928509607524,162.45943593762848,195.16993750039362,0
2024-03-03,SKU_014,155.89868244071704,140.32667582105265,172.84303275633542,0
2024-03-04,SKU_014,135.54892707881848,119.87584979119792,150.09648534529126,0
2024-03-05,SKU_014,135.70262348738956,120.35948131359997,150.72319301395018,0
2024-03-06,SKU_014,157.0161502760922,141.0014184852253,172.42256550815455,0
2024-03-07,SKU_014,181.8659131641756,167.50471415338592,197.7803007115861,0
2024-03-08,SKU_014,190.42997182445342,174.4729537722748,204.7319071551191,0
2024-03-09,SKU_014,177.66429397401131,163.16444328500512,192.7403069477566,0
2024-03-10,SKU_014,155.22755080053253,139.49632595762603,172.04286784628394,0
2024-03-11,SKU_014,135.152292953818,119.84122973149479,151.81628149061828,0
2024-03-12,SKU_014,135.54417062790753,119.50942949374115,151.20424761084192,0
2024-03-13,SKU_014,157.0537201363288,141.3963777506422,172.50256721343234,0
2024-03-14,SKU_014,182.05277141749056,166.59756260688164,197.00257157487795,0
2024-03-15,SKU_014,190.71619109677988,175.80671088363144,204.79159902242824,0
2024-03-16,SKU_014,177.99821106266702,161.39175624043568,193.19427496571464,0
2024-03-17,SKU_014,155.55725449015802,139.31891297647746,170.22003562352916,0
2024-03-18,SKU_014,135.42709772101873,121.11708227133809,150.71228093736352,0
2024-03-19,SKU_014,135.71603206242355,119.61422005264998,151.58057915833396,0
2024-03-20,SKU_014,157.07854978968436,142.4670791131218,171.83254436022935,0
2024-03-21,SKU_014,181.89161197571946,166.87456771250976,196.3314641730517,0
2024-03-22,SKU_014,190.33621710983724,174.9641470965603,204.31522634294467,0
2024-03-23,SKU_014,177.37352592242038,161.16758001182538,192.13166758758615,0
2024-03-24,SKU_014,154.6694606557277,139.3050035428679,169.48987980239627,0
2024-03-25,SKU_014,134.26562422532535,119.18959782820924,149.1609741571184,0
2024-03-26,SKU_014,134.27821085423824,119.21448196419054,149.4718658309182,0
2024-03-27,SKU_014,155.36944025219555,140.328145538255,170.61048077132256,0
2024-03-28,SKU_014,179.92358075536433,165.04225316645213,194.80013182142267,0
2024-03-29,SKU_014,188.12828801213047,171.79717323634267,203.35499702441035,0
2024-03-30,SKU_014,174.95052174730813,159.2016135353721,189.21365398869392,0
2024-03-31,SKU_014,152.06096533817617,135.72355650351102,168.38425105451074,0
2024-04-01,SKU_014,131.5047992534855,115.71839117258882,146.9399317264273,0
2024-04-02,SKU_014,131.40050450791736,116.95437152963969,147.48388365886981,0
2024-04-03,SKU_014,152.4112315845252,136.56444424657374,168.13865417628884,0
2024-04-04,SKU_014,176.9208023353297,160.19037255607213,191.72753127578815,0
2024-04-05,SKU_014,185.1150721745403,169.212117629134,201.12443021525118,0
2024-04-06,SKU_014,171.95791444122722,155.89303623253446,187.38339948765872,0
2024-04-07,SKU_014,149.1157496364965,133.06870744754866,164.6331427459491,0
2024-04-08,SKU_014,128.6284672432799,113.90736480161537,143.39922438716104,0
2024-04-09,SKU_014,128.60841172089397,113.18212070506074,146.2363127888143,0
2024-04-10,SKU_014,149.7119624841668,133.5908137483968,165.25846014645379,0
2024-04-11,SKU_014,174.31576882082513,157.55860249490397,190.87121700920818,0
2024-04-12,SKU_014,182.59835978564786,167.13482964738475,198.56839284067448,0
2024-04-13,SKU_014,169.51638319282415,153.11127606636026,184.46934133329327,0
2024-04-14,SKU_014,146.72938835066213,131.6494193887356,162.6600356239707,0
2024-04-15,SKU_014,126.2709922295151,110.32808278630257,141.35852136412387,0
2024-04-16,SKU_014,126.2480928244833,109.89239106919166,141.4177705530441,0
2024-04-17,SKU_014,147.3126521811056,131.18774814263165,163.0842143169108,0
2024-04-18,SKU_014,171.8381033921127,156.6355454443293,187.4871402098679,0
2024-04-19,SKU_014,180.0010958715979,164.29337343531418,195.0732062327718,0
2024-04-20,SKU_014,166.7578283616599,150.91686020504264,181.125056605075,0
2024-04-21,SKU_014,143.76888094018204,127.08640868653681,159.01621001545465,0
2024-04-22,SKU_014,123.07038362932828,107.71753961938744,137.4340742403041,0
2024-04-23,SKU_014,122.77318474851418,108.18882726896194,136.74922972139643,0
2024-04-24,SKU_014,143.5345422978793,127.7777960640976,159.11780201230735,0
2024-04-25,SKU_014,167.73439493908037,152.4017115595492,183.4904056112942,0
2024-04-26,SKU_014,175.55693052471088,159.76032638455672,191.85648983807837,0
2024-04-27,SKU_014,161.96670655730017,146.33587669091332,177.08191538819753,0
2024-04-28,SKU_014,138.63323991771782,123.09631281730715,155.10927944706634,0
2024-04-29,SKU_014,117.60191050621103,102.94115298317502,131.8957176099954,0
2024-04-30,SKU_014,116.99284974477263,101.30148109866603,131.95876055999045,0
2024-05-01,SKU_014,137.47234557443298,122.25702325921067,151.918477967476,0
2024-05-02,SKU_014,161.42882914758025,145.03862338007838,176.03775444496966,0
2024-05-03,SKU_014,169.0541698351641,154.127655789627,185.2783238653022,0
2024-05-04,SKU_014,155.31954137085484,138.88836189066058,169.35814288553576,0
2024-05-05,SKU_014,131.8997844313461,116.41266799425719,147.56502609922188,0
2024-05-06,SKU_014,110.84411752814884,94.79610692954263,126.65342090543996,0
2024-05-07,SKU_014,110.27487346214416,94.68679065234565,125.21456521200366,0
2024-05-08,SKU_014,130.85879809070437,115.84122471822654,147.25103806077442,0
2024-05-09,SKU_014,154.982980476024,139.0151938274047,170.7653636803254,0
2024-05-10,SKU_014,162.83614342453856,147.1648629163467,177.98950255384625,0
2024-05-11,SKU_014,149.3845581366204,133.45190352144627,165.04626666813687,0
2024-05-12,SKU_014,126.29650759613301,110.37335789117569,142.10619562126226,0
2024-05-13,SKU_014,105.61314836435471,89.06791992737477,122.09014364724409,0
2024-05-14,SKU_014,105.44744429919174,90.56368700741227,119.66030756016906,0
2024-05-15,SKU_014,126.45570386252152,111.13170929470738,142.59197241576334,0
2024-05-16,SKU_014,151.0137836727566,136.47731715042835,166.74368037471666,0
2024-05-17,SKU_014,159.29867986082672,143.90823256848077,172.8973293615374,0
2024-05-18,SKU_014,146.26476259722796,130.11839019117812,161.5758184157721,0
2024-05-19,SKU_014,123.56856943602084,108.23554024184472,138.14604949313443,0
2024-05-20,SKU_014,103.23999776665524,88.71040672036325,119.38715038222038,0
2024-05-21,SKU_014,103.38156041460495,87.3331046178068,118.84958107995071,0
2024-05-22,SKU_014,124.64022672818894,108.38062883139692,140.87452113663554,0
2024-05-23,SKU_014,149.38390292510763,132.8892896873585,164.36908715635983,0
2024-05-24,SKU_014,157.78326506335713,142.67045970400656,174.2180383689505,0
2024-05-25,SKU_014,144.78819275182295,128.56232592191867,160.3666848144826,0
2024-05-26,SKU_014,122.05271314875648,106.13654399612913,137.7592198199594,0
2024-05-27,SKU_014,101.60629078047441,85.88859966220632,116.84898857165793,0
2024-05-28,SKU_014,101.55312394963877,85.70225114270552,115.63118427249312,0
2024-05-29,SKU_014,122.54396839186641,107.1974571708558,138.5243810937546,0
2024-05-30,SKU_014,146.95254190592613,130.85002428451688,162.0396410492135,0
2024-05-31,SKU_014,154.95722498121413,138.9915080148885,170.21736947786724,0
2024-06-01,SKU_014,141.51730875695617,125.14641496242983,156.62770810126383,0
2024-06-02,SKU_014,118.2977046669061,102.70790373579044,133.95038098917595,0
2024-06-03,SKU_014,97.33995749852795,82.16933093352921,112.62856302537446,0
2024-06-04,SKU_014,96.7612300754102,81.52862700859372,113.18966224607139,0
2024-06-05,SKU_014,117.22578869098739,102.26688895079128,132.66425736186068,0
2024-06-06,SKU_014,141.12105230074067,125.60699596640556,157.02034523161356,0
2024-06-07,SKU_014,148.63893026744466,133.64453213217584,164.23758306402263,0
2024-06-08,SKU_014,134.75171007988195,118.45882737263713,150.09796849136976,0
2024-06-09,SKU_014,111.13641940948312,95.75858276489805,126.20361667348458,0
2024-06-10,SKU_014,89.8455139442031,73.30240967570629,105.3833562247866,0
2024-06-11,SKU_014,89.00556832282189,73.12145886154148,104.36876814445769,0
2024-06-12,SKU_014,109.28850754913609,94.79385458746103,125.35440476076201,0
2024-06-13,SKU_014,133.0874490564884,117.91759157611216,148.61799528842076,0
2024-06-14,SKU_014,140.59788606905173,125.33328608330312,155.9766718441176,0
2024-06-15,SKU_014,126.79347806765553,112.22191798236341,141.07590946673295,0
2024-06-16,SKU_014,103.35037550154703,88.0204721383999,118.10666128527637,0
2024-06-17,SKU_014,82.31793128652268,67.08216703283549,96.91703234292493,0
2024-06-18,SKU_014,81.81747578789297,66.13256712941482,97.35138043798655,0
2024-06-19,SKU_014,102.51369034612352,87.52269133588634,117.17557588124336,0
2024-06-20,SKU_014,126.79064555036074,112.004382698637,142.18503262037035,0
2024-06-21,SKU_014,134.83322983790745,119.2161998534623,148.73230844250247,0
2024-06-22,SKU_014,121.60322525148825,106.20831468527649,136.94706235538348,0
2024-06-23,SKU_014,98.76395367870347,84.29251256291862,114.82112016340595,0
2024-06-24,SKU_014,78.35133290141869,62.76548876197867,93.09884178815813,0
2024-06-25,SKU_014,78.47301158575638,63.46802182483191,94.78610339774353,0
2024-06-26,SKU_014,99.78010775348311,84.47711686156008,114.56852829920382,0
2024-06-27,SKU_014,124.64360672019,108.74521365161375,140.48883442738105,0
2024-06-28,SKU_014,133.2361336034642,117.11139085898805,148.6167378750034,0
2024-06-29,SKU_014,120.50834974573063,104.79274884110878,136.0153312641908,0
2024-06-30,SKU_014,98.1138832871479,83.04613442109212,112.513461954448,0
2024-07-01,SKU_014,78.08062955326992,62.64516185817637,93.01593688732324,0
2024-07-02,SKU_014,78.51008160178611,63.22824829218727,93.98413315090724,0
2024-07-03,SKU_014,100.04921061609724,84.51739791167255,115.67376104564562,0
2024-07-04,SKU_014,125.06694840230927,109.24321255965661,140.35879396883604,0
2024-07-05,SKU_014,133.73598502128627,118.81190473716936,149.1445393009573,0
2024-07-06,SKU_014,121.00913053727824,105.9329274648943,137.17819661486104,0
2024-07-07,SKU_014,98.54415247431021,83.87321628273855,114.6639496155274,0
2024-07-08,SKU_014,78.37492767872047,63.21008551085886,93.05168283936666,0
2024-07-09,SKU_014,78.61057354614388,63.14095770401314,94.73118365461234,0
2024-07-10,SKU_014,99.90708436868672,85.10023929747072,115.27694022345341,0
2024-07-11,SKU_014,124.6435323900374,109.64543748973058,141.15076718924348,0
2024-07-12,SKU_014,133.0035549898327,116.6710465939011,148.7095815367684,0
2024-07-13,SKU_014,119.95138617155128,105.26868430738726,135.8683802699999,0
2024-07-14,SKU_014,97.15635367930928,82.72681874029217,112.66784986104508,0
2024-07-15,SKU_014,76.66450077332425,60.75140310374993,91.52462502137237,0
2024-07-16,SKU_014,76.59495584088631,62.49419056318351,92.75410800452123,0
2024-07-17,SKU_014,97.61368867661061,82.25728957248258,112.491809255554,0
2024-07-18,SKU_014,122.10861857106788,107.0968463310464,137.986883232626,0
2024-07-19,SKU_014,130.27085549467452,115.05495894929886,145.56142540153007,0
2024-07-20,SKU_014,117.07052923923969,100.6595792655828,131.84107958237095,0
2024-07-21,SKU_014,94.18113355697693,78.59756816347272,109.90157072139732,0
2024-07-22,SKU_014,73.65023822424902,57.596315543514514,88.51867385521355,0
2024-07-23,SKU_014,73.59824657802366,58.948757679921705,90.56151826198895,0
2024-07-24,SKU_014,94.68973486827966,78.90478375516754,110.35000478522306,0
2024-07-25,SKU_014,119.30944129444775,102.72031980376624,133.51700960532364,0
2024-07-26,SKU_014,127.64363187815894,111.46382319773461,142.98477556940736,0
2024-07-27,SKU_014,114.65610437475824,99.58292687452062,130.4576565290851,0
2024-07-28,SKU_014,92.01275177750871,76.99996495834175,107.5600907754293,0
2024-07-29,SKU_014,71.75253153922174,55.81382206053474,86.94038150340242,0
2024-07-30,SKU_014,71.98651014645998,56.24255315168189,87.69725640917837,0
2024-07-31,SKU_014,93.36951059389364,78.33502158666302,108.0966937921784,0
2024-08-01,SKU_014,118.27642122230594,102.88435703171683,133.13624029481244,0
2024-08-02,SKU_014,126.88388332590394,112.01605323247524,142.9460434839814,0
2024-08-03,SKU_014,114.14660894066945,99.31227433138507,129.03654926809264,0
2024-08-04,SKU_014,91.72224082026156,76.25962658950834,105.23907276901124,0
2024-08-05,SKU_014,71.64259170380986,56.804775024421666,86.70649333664201,0
2024-08-06,SKU_014,72.01292428666616,56.555888111733076,87.32164193437427,0
2024-08-07,SKU_014,93.48411425667925,77.53098833163246,108.77494455979101,0
2024-08-08,SKU_014,118.42813893237367,103.08591066033078,134.01319198121035,0
2024-08-09,SKU_014,127.02082440483602,112.1882816154365,141.6322437926617,0
2024-08-10,SKU_014,114.21787966650385,97.63675002836004,129.60583246210587,0
2024-08-11,SKU_014,91.67973845541783,76.42712016416003,108.01765905116275,0
2024-08-12,SKU_014,71.44272433393101,56.98574166237041,87.25264383012912,0
2024-08-13,SKU_014,71.61820251503514,56.99520552473229,87.75919895792502,0
2024-08-14,SKU_014,92.86424252534246,76.44947939246593,108.40478992951329,0
2024-08-15,SKU_014,117.56184947650252,102.5126364577152,132.74720415047526,0
2024-08-16,SKU_014,125.89648345972888,109.4040838068905,140.84013393583166,0
2024-08-17,SKU_014,112.83412331087946,97.09498821906442,127.53852467685091,0
2024-08-18,SKU_014,90.04579419235166,74.80968167075339,105.63415889161993,0
2024-08-19,SKU_014,69.57840590709532,52.98632766401946,85.64572806859628,0
2024-08-20,SKU_014,69.55357526183583,53.62553338045128,85.41399295674593,0
2024-08-21,SKU_014,90.6389664892167,75.53794972069997,107.3914145892825,0
2024-08-22,SKU_014,115.22421724422009,99.72450787996925,130.94991459856533,0
2024-08-23,SKU_014,123.50217896677405,108.20810772607338,138.35565269943746,0
2024-08-24,SKU_014,110.44473639298091,94.25728166778067,126.23531096946564,0
2024-08-25,SKU_014,87.72713319831475,72.80353562656262,104.60605591464619,0
2024-08-26,SKU_014,67.39865700436849,51.18667095524463,81.68887200296052,0
2024-08-27,SKU_014,67.58136196420584,52.38194668919001,83.40743807068425,0
2024-08-28,SKU_014,88.94136627655087,73.76851918783598,104.94447001784218,0
2024-08-29,SKU_014,113.86479381345804,98.1310425060085,128.1275160198483,0
2024-08-30,SKU_014,122.53908860341558,106.47304610018139,137.45038473237653,0
2024-08-31,SKU_014,109.92896517328592,94.0309686925693,125.6177472755839,0
2024-09-01,SKU_014,87.70091827747756,72.68112129924887,102.96531370480228,0
2024-09-02,SKU_014,67.89414020065387,53.86492848046061,84.24701095910602,0
2024-09-03,SKU_014,68.61951736554961,53.04039596117871,82.65500021142363,0
2024-09-04,SKU_014,90.53123585258857,75.18867312841446,106.42638413244275,0
2024-09-05,SKU_014,116.00305623845695,100.17258424116308,132.13952701847538,0
2024-09-06,SKU_014,125.20997693249562,108.35618614890095,141.2364212963548,0
2024-09-07,SKU_014,113.10453895161535,98.32446292222953,128.66159127931277,0
2024-09-08,SKU_014,91.34168537837877,75.50456251951796,106.64143566181437,0
2024-09-09,SKU_014,71.95001349598783,56.892248648519086,88.10040505344459,0
2024-09-10,SKU_014,73.03108152150847,57.717178242426364,86.74079413162411,0
2024-09-11,SKU_014,95.23129040121594,79.58680003057907,110.53825832421077,0
2024-09-12,SKU_014,120.91839287509713,106.03760227758688,136.9896399357226,0
2024-09-13,SKU_014,130.26334196783625,114.41077856913553,146.32822482825097,0
2024-09-14,SKU_014,118.21672621414824,103.84485260579422,134.43906772672642,0
2024-09-15,SKU_014,96.43370078776027,80.7860374831152,111.58261709451847,0
2024-09-16,SKU_014,76.94525013253825,62.79840814362056,93.66829229334037,0
2024-09-17,SKU_014,77.85744337710462,61.67361305034432,93.12399033705576,0
2024-09-18,SKU_014,99.82320413638719,84.25112177131865,116.14475021202001,0
2024-09-19,SKU_014,125.21864979891677,110.58480302765425,140.9597293853154,0
2024-09-20,SKU_014,134.22471702285006,119.24815013345378,149.30698144099262,0
2024-09-21,SKU_014,121.80332686155285,106.07145794103135,137.20815459556874,0
2024-09-22,SKU_014,99.62200617657169,83.76088033521589,114.35666870375937,0
2024-09-23,SKU_014,79.72480958784695,64.75831569614786,95.2377632987476,0
2024-09-24,SKU_014,80.23121281200855,65.08201350931698,94.09884779881092,0
2024-09-25,SKU_014,101.80750920523323,86.69299798792153,118.08224912690979,0
2024-09-26,SKU_014,126.84277517603081,110.68644779318106,142.10536564824807,0
2024-09-27,SKU_014,135.53013180366872,119.1837072229646,149.66960246342396,0
2024-09-28,SKU_014,122.84256644657081,107.86594176811843,138.19406143964045,0
2024-09-29,SKU_014,100.45724080129378,85.66104367085742,115.65394875516873,0
2024-09-30,SKU_014,80.42613863510988,64.39418877895349,95.51821536255909,0
2024-10-01,SKU_014,80.87473191877366,64.73375402769388,95.51925410984691,0
2024-10-02,SKU_014,102.4732037310666,86.44245775244988,118.0950114298369,0
2024-10-03,SKU_014,127.61229864220797,112.3828317839016,142.68238837307504,0
2024-10-04,SKU_014,136.48453129805765,121.69196299573798,151.61028029090951,0
2024-10-05,SKU_014,124.06001861456362,108.07430501406485,139.76670055113547,0
2024-10-06,SKU_014,102.01086186488538,85.77254322010005,118.12036511578867,0
2024-10-07,SKU_014,82.38192989893096,66.76962040180942,97.0839083105454,0
2024-10-08,SKU_014,83.28971849327641,67.00070628300791,98.52732505908249,0
2024-10-09,SKU_014,105.3938188258641,90.24073216457606,121.15409501081172,0
2024-10-10,SKU_014,131.07305892134488,116.60008170707385,146.96474014424209,0
2024-10-11,SKU_014,140.50704062619147,124.67659609886061,155.45552693695458,0
2024-10-12,SKU_014,128.65232829951356,114.02193826963583,143.90632969985336,0
2024-10-13,SKU_014,107.16720547603703,92.54076879058681,122.47554266600397,0
2024-10-14,SKU_014,88.08284020198425,72.62387736877123,103.55940441739348,0
2024-10-15,SKU_014,89.50252328357695,72.92269373429028,105.6496466381462,0
2024-10-16,SKU_014,112.07350178121598,96.42058250711567,127.6334445798109,0
2024-10-17,SKU_014,138.16346132483616,123.75355584872148,154.0930728696686,0
2024-10-18,SKU_014,147.94237022935152,132.37337051081036,164.15790362745577,0
2024-10-19,SKU_014,136.35893297324256,122.15026560780531,151.9364881089529,0
2024-10-20,SKU_014,115.06556188290966,99.92388719195795,131.45291041317086,0
2024-10-21,SKU_014,96.08970171922205,81.56562347741533,111.37628099271957,0
2024-10-22,SKU_014,97.53316698996338,82.07006814928397,113.898663417111,0
2024-10-23,SKU_014,120.04401161184845,104.33286466014624,135.9163268538114,0
2024-10-24,SKU_014,145.99298357026532,130.79226305168615,161.1950586222808,0
2024-10-25,SKU_014,155.55527843826786,140.23522876070945,170.73483878107663,0
2024-10-26,SKU_014,143.6868419756622,127.45272365823433,158.7012960457773,0
2024-10-27,SKU_014,122.04913501216086,106.30888526734333,137.6354176286962,0
2024-10-28,SKU_014,102.6802012441671,87.52478835234514,118.61412262159746,0
2024-10-29,SKU_014,103.693705103382,89.17821721782076,119.8323243421804,0
2024-10-30,SKU_014,125.75046784656074,110.04479276678673,140.87895576594636,0
2024-10-31,SKU_014,151.23456398217826,136.5087799859759,167.1804892107274,0
2024-11-01,SKU_014,160.33470203944282,144.20620350111798,177.21411171191482,0
2024-11-02,SKU_014,148.0201504247317,132.2154196696934,162.16303925611442,0
2024-11-03,SKU_014,125.96513217661862,111.28427994565804,141.3562138635071,0
2024-11-04,SKU_014,106.2195396387089,90.68626858268775,122.02144857106494,0
2024-11-05,SKU_014,106.90764607902415,92.116006610717,121.4908456668664,0
2024-11-06,SKU_014,128.6993514877419,112.70743734566419,144.30409014484755,0
2024-11-07,SKU_014,153.98603269754338,138.99235523767354,170.51291422611376,0
2024-11-08,SKU_014,162.96172858814361,147.36324979983937,177.93517273266357,0
2024-11-09,SKU_014,150.5989264133737,134.50764666821104,166.462314102568,0
2024-11-10,SKU_014,128.57287674833097,112.67900742371664,143.5112530820127,0
2024-11-11,SKU_014,108.93229005513263,94.45675681355954,124.10093463816521,0
2024-11-12,SKU_014,109.79809212074991,94.46661196972555,125.497591838432,0
2024-11-13,SKU_014,131.8347740677089,118.86861233393658,147.32400671267172,0
2024-11-14,SKU_014,157.4264038488044,141.95408199863726,172.9825319849865,0
2024-11-15,SKU_014,166.7580251472551,151.38419971552497,182.24243515026123,0
2024-11-16,SKU_014,154.79170342838572,139.1699741946019,169.78072142952703,0
2024-11-17,SKU_014,133.19113906849412,117.97161612110169,148.73922393641314,0
2024-11-18,SKU_014,113.99269194419857,98.74454780252798,129.973528973634,0
2024-11-19,SKU_014,115.30448531876738,99.42985308905993,129.94656845838824,0
2024-11-20,SKU_014,137.77811478490497,120.97299969981461,153.0233353825664,0
2024-11-21,SKU_014,163.78501899490814,148.18803380047146,178.34066942035568,0
2024-11-22,SKU_014,173.4982279729442,158.57414933361383,189.95963794816086,0
2024-11-23,SKU_014,161.8687389714142,146.57757468646054,177.30556290767822,0
2024-11-24,SKU_014,140.55043063352971,124.12076096574616,156.18967883568567,0
2024-11-25,SKU_014,121.57135156002235,105.98913919557697,136.19306478283298,0
2024-11-26,SKU_014,123.0330439439837,107.15943917765247,138.757603418501,0
2024-11-27,SKU_014,145.58242216575493,130.52936072658775,161.11620495573354,0
2024-11-28,SKU_014,171.5882586841282,155.70192186618982,187.69564793628123,0
2024-11-29,SKU_014,181.22299020663704,165.92424297094536,196.9695494675212,0
2024-11-30,SKU_014,169.43909294396556,153.5377490832825,184.43093968530013,0
2024-12-01,SKU_014,147.89393823104948,132.04872390268537,163.3769156374991,0
2024-12-02,SKU_014,128.6209667821127,113.20464947329462,144.8986526227496,0
2024-12-03,SKU_014,129.72884598915954,113.40516069462447,144.59648181681362,0
2024-12-04,SKU_014,151.87313535663856,137.30253499066583,167.76637519192448,0
2024-12-05,SKU_014,177.43251890475807,162.239541650481,193.7297686861408,0
2024-12-06,SKU_014,186.59032511870498,170.73253326788614,201.09922753407142,0
2024-12-07,SKU_014,174.31059171116692,158.44571677191385,189.3606034741793,0
2024-12-08,SKU_014,152.2625955662205,136.67709313666612,167.6506875691614,0
2024-12-09,SKU_014,132.4916955626599,117.4640406083992,146.94659630736572,0
2024-12-10,SKU_014,133.11816219649933,118.04505223426582,148.569504276239,0
2024-12-11,SKU_014,154.80852840259402,139.03590631242656,171.15843175627396,0
2024-12-12,SKU_014,179.95152924477637,164.41825240786872,195.0221686015759,0
2024-12-13,SKU_014,188.7393591693334,173.47230875022572,203.88454663447618,0
2024-12-14,SKU_014,176.1435112513605,161.67804030467252,192.71685993952013,0
2024-12-15,SKU_014,153.83912481502978,139.88608568869728,168.24190594189787,0
2024-12-16,SKU_014,133.8756938206474,117.86752757016883,149.3349531984363,0
2024-12-17,SKU_014,134.37581319107122,119.6531463166522,150.08972639704638,0
2024-12-18,SKU_014,156.00649920654604,140.1065133899552,170.64863632861346,0
2024-12-19,SKU_014,181.15515180585464,167.14336172910302,197.25596816306833,0
2024-12-20,SKU_014,190.0108861062448,174.94816864181033,205.92127116341538,0
2024-12-21,SKU_014,177.54049469377017,161.52022941899386,192.28567836846395,0
2024-12-22,SKU_014,155.41296278967323,140.91633474305195,170.57773490939573,0
2024-12-23,SKU_014,135.67038315410127,120.06872401943569,151.73499584814863,0
2024-12-24,SKU_014,136.4269412839085,121.7030621349604,152.48971081924108,0
2024-12-25,SKU_014,158.34049954131694,142.54709706946693,173.42000393415702,0
2024-12-26,SKU_014,183.78883991503085,167.3107896431404,199.86461908043105,0
2024-12-27,SKU_014,192.95128418829637,177.6817014860529,209.0639908732596,0
2024-12-28,SKU_014,180.7849443861614,164.63133016152926,196.48690907406663,0
2024-12-29,SKU_014,158.94951704989683,144.63780275149517,174.34511038484032,0
2024-12-30,SKU_014,139.4784600090262,125.06974447207719,155.26915881232588,0
2024-12-31,SKU_014,140.4782146342396,124.71755645977429,155.2781049643655,1
2025-01-01,SKU_014,162.5999954661258,146.5770224810031,177.54388595664182,1
2025-01-02,SKU_014,188.2162012089757,173.32724988256808,203.7354300126823,1
2025-01-03,SKU_014,197.50216133856605,182.55710501751935,213.8141662611202,1
2025-01-04,SKU_014,185.4124679917058,168.58822090948362,200.75077673363603,1
2025-01-05,SKU_014,163.605804872977,148.20999104902265,180.64556609631018,1
2025-01-06,SKU_014,144.11611148441114,128.78700460064886,159.21437102874182,1
2025-01-07,SKU_014,145.0517467329744,129.09203114225272,160.8541523476403,1
2025-01-08,SKU_014,167.06717627953827,151.77604435389637,183.2828986635059,1
2025-01-09,SKU_014,192.53924139252302,176.74621073837724,207.49991701628636,1
2025-01-10,SKU_014,201.64872851475502,185.14942263178392,216.73112692756925,1
2025-01-11,SKU_014,189.35649518996786,173.0193777920065,205.81939044716623,1
2025-01-12,SKU_014,167.3280708957338,152.90920054142794,183.33664353885567,1
2025-01-13,SKU_014,147.6045785164739,132.09355751518578,162.9823171221273,1
2023-01-01,SKU_015,85.98505217991382,73.0896791805779,98.69164629090942,0
2023-01-02,SKU_015,73.47032374374217,60.15607733615327,86.74112335972445,0
2023-01-03,SKU_015,72.86390288465904,59.59759969308945,86.03145882830627,0
2023-01-04,SKU_015,85.64663915543349,72.98038248120464,99.14457457144543,0
2023-01-05,SKU_015,100.3033269599878,87.41848382244491,114.21544172572108,0
2023-01-06,SKU_015,109.98218330333458,97.65148855874624,122.32370536688188,0
2023-01-07,SKU_015,101.3790672311288,88.07022752413927,113.88826390603988,0
2023-01-08,SKU_015,86.64133607368564,74.24607847360014,100.86840799352865,0
2023-01-09,SKU_015,74.20894391656113,61.37134799182149,86.34048157093473,0
2023-01-10,SKU_015,73.70837476604711,60.701116124600375,87.64649805597145,0
2023-01-11,SKU_015,86.61735475529093,73.94661119428403,99.12815740910648,0
2023-01-12,SKU_015,101.41708374504601,89.35567113063887,114.34231445494154,0
2023-01-13,SKU_015,111.25180929438389,98.39274208989868,123.74254811946459,0
2023-01-14,SKU_015,102.81315104391521,90.17234499860663,114.87387658522978,0
2023-01-15,SKU_015,88.2440676884221,75.2279385689643,100.9371199424027,0
2023-01-16,SKU_015,75.9800688862459,63.26143998084885,88.69063829445003,0
2023-01-17,SKU_015,75.64326145039195,62.857554066147785,87.82529445744076,0
2023-01-18,SKU_015,88.70717108408266,76.95953862553598,100.80463683760321,0
2023-01-19,SKU_015,103.64907706114562,90.5334978672106,117.7937247007007,0
2023-01-20,SKU_015,113.60968008268603,100.20701219278561,125.99763504650016,0
2023-01-21,SKU_015,105.27750890149294,92.65522176456254,117.55236222181423,0
2023-01-22,SKU_015,90.79295579253494,78.62405341455279,102.87505027550696,0
2023-01-23,SKU_015,78.58954153630835,64.90296297186242,91.890818770201,0
2023-01-24,SKU_015,78.28799803710109,65.60767839028124,91.40217167709186,0
2023-01-25,SKU_015,91.3611091093153,78.79537999361409,104.15716481006021,0
2023-01-26,SKU_015,106.28604659647137,92.78297654955506,119.21523994154961,0
2023-01-27,SKU_015,116.20402236068529,103.18996833392764,129.2375972755639,0
2023-01-28,SKU_015,107.80466249200447,94.47648220885584,120.66920780478036,0
2023-01-29,SKU_015,93.22999507443157,79.84346645525623,105.68979141653475,0
2023-01-30,SKU_015,80.91565384794218,69.25766736068496,94.01750689119237,0
2023-01-31,SKU_015,80.48488793452984,68.11875464962597,94.0986709811356,0
2023-02-01,SKU_015,93.41332051387738,80.25503282168474,105.49944593674259,0
2023-02-02,SKU_015,108.18119621440239,95.26057982493451,120.8542041095758,0
2023-02-03,SKU_015,117.93294048051943,104.59985921604604,130.92475228282402,0
2023-02-04,SKU_015,109.3614401034859,96.26568134449244,122.57928023013216,0
2023-02-05,SKU_015,94.61193904487597,81.29460390140817,107.21545560142421,0
2023-02-06,SKU_015,82.12315459918116,70.34801354363461,94.29731867128869,0
2023-02-07,SKU_015,81.52120658997835,69.49369378299684,94.15671251663588,0
2023-02-08,SKU_015,94.28430475842659,81.99819343409267,107.14147934159939,0
2023-02-09,SKU_015,108.89493606347935,96.03336551242359,122.46935600354148,0
2023-02-10,SKU_015,118.49937673228203,106.29984063248187,130.63198863364514,0
2023-02-11,SKU_015,109.79193940416883,97.3262992935924,122.39240770220074,0
2023-02-12,SKU_015,94.91885020449625,82.3586320273076,107.53689843340136,0
2023-02-13,SKU_015,82.31936102902208,69.22938102495688,94.54755125858986,0
2023-02-14,SKU_015,81.61968949914286,69.08764878979117,94.1151202797157,0
2023-02-15,SKU_015,94.29773105098687,82.00848774069057,106.54288144438644,0
2023-02-16,SKU_015,108.83528374795836,96.470393439263,121.29265839474076,0
2023-02-17,SKU_015,118.37760913238877,105.19299308204758,130.87824737100547,0
2023-02-18,SKU_015,109.61773758942655,97.73930267624998,122.90331378034303,0
2023-02-19,SKU_015,94.70041092087178,81.00769649724865,108.42838602782074,0
2023-02-20,SKU_015,82.06326503077047,69.03708466160721,93.65880903890813,0
2023-02-21,SKU_015,81.33084270744102,68.63008892842112,94.2556833069011,0
2023-02-22,SKU_015,93.97937840800459,82.73245427473233,106.64179954692234,0
2023-02-23,SKU_015,108.4890931158473,95.090880801684,121.6614046306415,0
2023-02-24,SKU_015,118.00382017694454,104.75496850859456,131.37135591909149,0
2023-02-25,SKU_015,109.2153683654033,95.9951099748726,121.96880461174752,0
2023-02-26,SKU_015,94.26751289986458,81.50152967742511,107.49979343569917,0
2023-02-27,SKU_015,81.59721568761299,68.38464674155937,93.8822315309965,0
2023-02-28,SKU_015,80.8286634889171,68.05476085900986,93.06801766408218,0
2023-03-01,SKU_015,93.43806506307641,81.07518850563281,105.95238683157744,0
2023-03-02,SKU_015,107.90594495042868,95.31526624257032,120.87804122579459,0
2023-03-03,SKU_015,117.37675484040555,104.59388346107673,129.3377839771899,0
2023-03-04,SKU_015,108.54320927606464,97.50417992807338,122.26988858406123,0
2023-03-05,SKU_015,93.55023735781523,79.86984229609116,106.25158787606145,0
2023-03-06,SKU_015,80.83615307613749,67.8271937384893,92.92628228560062,0
2023-03-07,SKU_015,80.0266346881802,67.49239864383485,92.64725393187256,0
2023-03-08,SKU_015,92.59945623656313,80.44812373981041,105.22179643021745,0
2023-03-09,SKU_015,107.03671115259328,95.02240205328296,119.07589722732145,0
2023-03-10,SKU_015,116.4843513567507,102.71710690058492,129.37692944364437,0
2023-03-11,SKU_015,107.63645117131296,95.2264588004235,120.72514438125772,0
2023-03-12,SKU_015,92.63909028291408,80.11200295872017,106.07133415610451,0
2023-03-13,SKU_015,79.93146089472296,66.83316972453083,92.2314772761779,0
2023-03-14,SKU_015,79.13979183890325,66.1563730476975,92.30474657045384,0
2023-03-15,SKU_015,91.74203487814822,78.22604169617767,104.73106036212369,0
2023-03-16,SKU_015,106.22005496208885,94.03840533520783,119.26917790866486,0
2023-03-17,SKU_015,115.7191493165372,102.39554342298183,127.51774327398054,0
2023-03-18,SKU_015,106.93230572637856,93.67221850595554,119.70651560151349,0
2023-03-19,SKU_015,92.0040948419076,79.9450092182914,104.13565501341988,0
2023-03-20,SKU_015,79.3718017586828,66.88337473743722,91.7813541985734,0
2023-03-21,SKU_015,78.6593892633825,66.72606009927993,91.6160396595307,0
2023-03-22,SKU_015,91.34223710326073,78.9169140898828,103.94235598083888,0
2023-03-23,SKU_015,105.89939771520511,92.82935607038955,118.16566251550307,0
2023-03-24,SKU_015,115.47319152388351,102.8033549724733,127.94080404840571,0
2023-03-25,SKU_015,106.75355002118133,93.37486205976367,119.06840683570486,0
2023-03-26,SKU_015,91.88199898464227,79.39980425130486,105.35791548460662,0
2023-03-27,SKU_015,79.29288436310145,66.8447611074317,92.19527375780066,0
2023-03-28,SKU_015,78.60743033020522,65.8748383390583,91.95657382547155,0
2023-03-29,SKU_015,91.29857088914676,78.41104177444053,103.83191866245392,0
2023-03-30,SKU_015,105.84329249853809,92.48092854221618,119.27981719572982,0
2023-03-31,SKU_015,115.38230796318072,103.24288518966702,127.40223317991916,0
2023-04-01,SKU_015,106.60446712473006,93.97442749693168,119.65996339885416,0
2023-04-02,SKU_015,91.65079431172663,79.2216134242158,103.56719605286845,0
2023-04-03,SKU_015,78.95575302880411,66.47372978692809,91.9192344471973,0
2023-04-04,SKU_015,78.14132576387641,65.29476486789221,91.93460273487172,0
2023-04-05,SKU_015,90.68184914936442,78.50321529779325,103.04151054931609,0
2023-04-06,SKU_015,105.05634134463008,92.65599521453515,117.22974816774047,0
2023-04-07,SKU_015,114.40814178112188,101.31605185400126,127.10541923231722,0
2023-04-08,SKU_015,105.42926933495863,92.44002054900166,118.80090025351504,0
2023-04-09,SKU_015,90.26438992463221,78.0215817861919,104.12190911058059,0
2023-04-10,SKU_015,77.35199560969694,64.84388802300818,90.85602967783203,0
2023-04-11,SKU_015,76.31838516405793,65.59287121658681,89.9610998696742,0
2023-04-12,SKU_015,88.64238890239825,75.9474096320976,101.50645156827828,0
2023-04-13,SKU_015,102.80757753263872,90.44539998898391,114.56307509115415,0
2023-04-14,SKU_015,111.96177843201464,98.91463693333385,124.24987836137961,0
2023-04-15,SKU_015,102.80130881097301,89.38232901351962,114.90678778494336,0
2023-04-16,SKU_015,87.47482032832083,75.19916847276228,100.66045309192697,0
2023-04-17,SKU_015,74.42436079330398,61.977635660168936,87.34854585859013,0
2023-04-18,SKU_015,73.27924639814462,60.77477795751689,86.82048019102221,0
2023-04-19,SKU_015,85.52069054089117,71.86298522659843,98.2794695999202,0
2023-04-20,SKU_015,99.63393199940049,87.57545840392127,112.15811473946573,0
2023-04-21,SKU_015,108.76768846201003,96.70048403833485,122.03447389626065,0
2023-04-22,SKU_015,99.61834702285444,87.03883857471283,112.57273319895162,0
2023-04-23,SKU_015,84.33378782040582,71.79733772688482,97.49487496177021,0
2023-04-24,SKU_015,71.35444748017602,58.45274129907444,83.8174728193286,0
2023-04-25,SKU_015,70.30721620933372,58.74656373290176,83.39548551966847,0
2023-04-26,SKU_015,82.67011436033565,70.46626143258044,96.20062059220676,0
2023-04-27,SKU_015,96.9244903349493,83.78243959956762,110.19190162796664,0
2023-04-28,SKU_015,106.21456431121999,92.57025129160716,118.65530341149237,0
2023-04-29,SKU_015,97.23172727161428,84.64725345198914,110.36776561209047,0
2023-04-30,SKU_015,82.11848890394728,69.66369565168996,94.28715858618413,0
2023-05-01,SKU_015,69.30967777183965,56.88024648585713,82.34095982774215,0
2023-05-02,SKU_015,68.42648418294164,55.88406212033692,81.02644594705806,0
2023-05-03,SKU_015,80.94128766970555,68.94070101346206,93.59697456979065,0
2023-05-04,SKU_015,95.33000692482506,82.36927869697537,107.82103261053736,0
2023-05-05,SKU_015,104.73179254708681,93.4300625870449,117.90429691966322,0
2023-05-06,SKU_015,95.83346798643672,83.45671898161059,108.90613970824454,0
2023-05-07,SKU_015,80.77360823972593,67.2994118344065,93.0620643662848,0
2023-05-08,SKU_015,67.98385610909236,56.28017829357012,80.80514712785057,0
2023-05-09,SKU_015,67.08306298280915,54.34557940724275,79.82586386089149,0
2023-05-10,SKU_015,79.54219322308514,66.26115864307393,91.90686648409343,0
2023-05-11,SKU_015,93.83672764063235,80.74566076905947,106.80188902223455,0
2023-05-12,SKU_015,103.1063846730249,90.12600093821871,115.78086679471309,0
2023-05-13,SKU_015,94.03956358262236,80.98919658940233,107.29730500794896,0
2023-05-14,SKU_015,78.77739885337101,66.21743370485275,91.27322411462126,0
2023-05-15,SKU_015,65.75502594626658,54.53319671650413,78.7528727028951,0
2023-05-16,SKU_015,64.59564643291299,51.08411387611181,76.75531779346716,0
2023-05-17,SKU_015,76.77533334704351,64.12085310730367,89.15583727214545,0
2023-05-18,SKU_015,90.77531463639895,77.76588691279618,103.34794348553078,0
2023-05-19,SKU_015,99.74155632271842,87.0247344213346,113.38602365155727,0
2023-05-20,SKU_015,90.36905319085639,77.76904595816559,103.77105699172294,0
2023-05-21,SKU_015,74.80572010614011,62.18810268161243,87.86597667465796,0
2023-05-22,SKU_015,61.493488357628124,48.942513950885456,74.94719957752554,0
2023-05-23,SKU_015,60.06219948380374,47.044034658421886,72.93242778895738,0
2023-05-24,SKU_015,71.99424193915846,59.16241090854725,84.14528314922775,0
2023-05-25,SKU_015,85.77667296008525,73.37441173044785,98.56632707937413,0
2023-05-26,SKU_015,94.56065155127271,81.73751281294261,106.88821077481032,0
2023-05-27,SKU_015,85.0455944425727,72.05582823129794,98.21038524134234,0
2023-05-28,SKU_015,69.38295175244122,56.992032419806094,82.131903138799,0
2023-05-29,SKU_015,56.0172098970252,43.43736451993753,67.4988951818369,0
2023-05-30,SKU_015,54.57971676284947,42.04725559374802,67.69903142668159,0
2023-05-31,SKU_015,66.5532764058021,54.8684733688808,78.79831136038392,0
2023-06-01,SKU_015,80.42425683547445,67.80088320201119,92.63665507654893,0
2023-06-02,SKU_015,89.34203726048793,76.90473683915008,102.2371313439578,0
2023-06-03,SKU_015,80.00320634391578,66.25586026521766,92.63619875212706,0
2023-06-04,SKU_015,64.555407152247,51.637228231759124,76.76001833393455,0
2023-06-05,SKU_015,51.43843456062046,38.81453038343035,63.503084393812536,0
2023-06-06,SKU_015,50.27817767843098,38.45260425094265,62.83475584223314,0
2023-06-07,SKU_015,62.55135149249364,49.49729695469581,75.48702765151815,0
2023-06-08,SKU_015,76.73775769193871,62.423783344287855,89.81255170015608,0
2023-06-09,SKU_015,85.97989702361613,74.72434003166535,98.41177699484443,0
2023-06-10,SKU_015,76.96734037538819,64.35138970049026,89.77177532487825,0
2023-06-11,SKU_015,61.8407497168329,48.37085001525542,73.40279054389451,0
2023-06-12,SKU_015,49.03315002033515,36.8885164049475,61.18609051145495,0
2023-06-13,SKU_015,48.164040134393076,35.38758259449797,61.59655982587199,0
2023-06-14,SKU_015,60.704282381421,47.472123893675715,73.48287599377042,0
2023-06-15,SKU_015,75.12850670624199,62.146436349918176,88.00127735930357,0
2023-06-16,SKU_015,84.57484799278444,71.47035111472626,96.60438985465184,0
2023-06-17,SKU_015,75.72942050856561,63.47144163342782,88.69027462153169,0
2023-06-18,SKU_015,60.73041796362922,47.38116203404076,73.41722246681235,0
2023-06-19,SKU_015,48.00943832061019,35.45589350435317,60.3841434566166,0
2023-06-20,SKU_015,47.18562005361508,35.83265030154158,60.13153226830982,0
2023-06-21,SKU_015,59.73052909910284,47.08526707474631,71.39443735504514,0
2023-06-22,SKU_015,74.12053255278583,61.827117682743186,87.6314423753778,0
2023-06-23,SKU_015,83.49647870360803,70.571760532172,96.12318369500422,0
2023-06-24,SKU_015,74.54808906161183,62.82897068206103,87.90901493085404,0
2023-06-25,SKU_015,59.41795322929118,46.88218717587558,73.29912162592007,0
2023-06-26,SKU_015,46.54272872243813,33.695978429578716,60.1103754690551,0
2023-06-27,SKU_015,45.547135923244554,32.742135321138356,58.96415015230408,0
2023-06-28,SKU_015,57.90869131972792,45.279400982028235,70.59090863531964,0
2023-06-29,SKU_015,72.10991930595357,60.16351822579216,83.93291320584818,0
2023-06-30,SKU_015,81.29786655183158,68.8036774173101,94.56492191205577,0
2023-07-01,SKU_015,72.168329090381,58.81551729633037,85.33849916361105,0
2023-07-02,SKU_015,56.86968741307435,43.92987022051433,69.38275244710354,0
2023-07-03,SKU_015,43.84395594888423,32.321233871988504,56.97185397796826,0
2023-07-04,SKU_015,42.72064109156634,30.2123781435379,54.73597366759599,0
2023-07-05,SKU_015,54.98135451518188,42.66070476858065,67.57482258931648,0
2023-07-06,SKU_015,69.11192514697929,56.14969830175292,81.89725356778989,0
2023-07-07,SKU_015,78.26183632525093,65.63439045200032,90.15461998323183,0
2023-07-08,SKU_015,69.12840015222741,56.44849708835945,81.76139661577649,0
2023-07-09,SKU_015,53.860565624723336,40.45853168262841,66.31081903992798,0
2023-07-10,SKU_015,40.89996719391225,28.17344984299444,52.238523467315126,0
2023-07-11,SKU_015,39.87480787425093,27.264134628693707,51.55580324802866,0
2023-07-12,SKU_015,52.2645225822854,39.42517656037758,64.28340240076119,0
2023-07-13,SKU_015,66.55196345496765,52.48934720055268,79.98994879869342,0
2023-07-14,SKU_015,75.88293140844445,63.91373470847552,88.4690779475477,0
2023-07-15,SKU_015,66.95046313571316,54.39538081150353,79.23614639043302,0
2023-07-16,SKU_015,51.89876671798828,38.91383760526508,64.85761331661298,0
2023-07-17,SKU_015,39.16440900956638,27.077875175578498,51.762666503532266,0
2023-07-18,SKU_015,38.37034474704799,25.45376772383913,51.18297168131142,0
2023-07-19,SKU_015,50.990729029116636,38.34799407662178,63.4785063832216,0
2023-07-20,SKU_015,65.50325071771988,52.61121714507269,78.49671510788602,0
2023-07-21,SKU_015,75.04880690878848,61.85044301033254,88.23187067592997,0
2023-07-22,SKU_015,66.31592374412807,54.722339459335906,79.41700103142536,0
2023-07-23,SKU_015,51.444813103793635,38.56000389043718,64.51680242735505,0
2023-07-24,SKU_015,38.86866509513844,25.68213409893597,52.24687298398899,0
2023-07-25,SKU_015,38.20776352450749,26.32097561069995,51.02505043065571,0
2023-07-26,SKU_015,50.93436378530912,38.87028033811491,63.9255039055771,0
2023-07-27,SKU_015,65.5250691104282,52.594337694854595,79.73801060111234,0
2023-07-28,SKU_015,75.12052438317421,63.24805064220219,88.07885944005024,0
2023-07-29,SKU_015,66.40983249457022,54.0356729161306,79.1394090368449,0
2023-07-30,SKU_015,51.534583174366745,39.49134143372888,65.01157896217478,0
2023-07-31,SKU_015,38.93009522077344,26.23250601938832,51.9848152981171,0
2023-08-01,SKU_015,38.219461146443585,25.481186746498008,51.26733742951548,0
2023-08-02,SKU_015,50.87833556409954,38.22035608687217,63.38654496131412,0
2023-08-03,SKU_015,65.38720632489941,52.17007349306368,77.20144883804375,0
2023-08-04,SKU_015,74.89097057838983,61.84302635748799,87.40343808601112,0
2023-08-05,SKU_015,66.08322424141971,52.51890550804173,78.9618336581463,0
2023-08-06,SKU_015,51.110158492961304,38.65397493138249,63.86639339086087,0
2023-08-07,SKU_015,38.41166805770795,26.267033193937433,51.43524209948002,0
2023-08-08,SKU_015,37.6152639391192,24.731233414426608,50.531350449158396,0
2023-08-09,SKU_015,50.20073597194704,37.90474009912356,63.345733528098755,0
2023-08-10,SKU_015,64.65230737514797,51.213900964462546,76.9996782838702,0
2023-08-11,SKU_015,74.11810684220265,60.87338253846482,86.44205635336317,0
2023-08-12,SKU_015,65.29436943531817,51.09590103716623,78.18978993339782,0
2023-08-13,SKU_015,50.32926224154434,36.082704138480345,63.44837097197982,0
2023-08-14,SKU_015,37.66394137145076,25.4702798709306,50.04736809691165,0
2023-08-15,SKU_015,36.92643419943686,24.558783978569867,50.11222109700263,0
2023-08-16,SKU_015,49.59629285469683,36.8667279509625,61.07001889887135,0
2023-08-17,SKU_015,64.1567611644555,50.9854818143406,77.3625148951988,0
2023-08-18,SKU_015,73.7542799994951,60.50478339315603,86.2705051384283,0
2023-08-19,SKU_015,65.08274111410654,53.02317310171133,77.16130769129752,0
2023-08-20,SKU_015,50.287383721339744,37.01321924325864,63.605625783339036,0
2023-08-21,SKU_015,37.80593817265277,24.660776911957065,51.52568019759531,0
2023-08-22,SKU_015,37.26260801093677,24.676570455648758,49.83816131401243,0
2023-08-23,SKU_015,50.132831177296296,36.89823448101577,63.33099625879158,0
2023-08-24,SKU_015,64.8955706233816,52.39496638469375,77.29178343655072,0
2023-08-25,SKU_015,74.69293334495269,61.25553253809528,87.07427673023419,0
2023-08-26,SKU_015,66.21454703875881,53.771127549300424,77.95913933738939,0
2023-08-27,SKU_015,51.6015739474,39.19840130031807,64.8041641780698,0
2023-08-28,SKU_015,39.28796525374401,26.445345467227266,51.752130990857324,0
2023-08-29,SKU_015,38.894544260858304,26.208920856543337,52.015071935596204,0
2023-08-30,SKU_015,51.89385867478748,38.642744460436155,64.22273326340199,0
2023-08-31,SKU_015,66.76253863443804,53.953226614997625,79.42616075220784,0
2023-09-01,SKU_015,76.64098017605927,64.81815483856391,89.57708458884163,0
2023-09-02,SKU_015,68.21775939997572,55.2409129445205,81.33052997393679,0
2023-09-03,SKU_015,53.633667328406254,40.47776359405315,66.71465510042833,0
2023-09-04,SKU_015,41.32296625929252,27.984868286524325,53.324083062398266,0
2023-09-05,SKU_015,40.90745609671065,27.808336015539822,53.78731146798629,0
2023-09-06,SKU_015,53.861291758559204,40.84602270592654,66.33614517289244,0
2023-09-07,SKU_015,68.66328958901678,55.634696933888904,80.73615922871822,0
2023-09-08,SKU_015,78.45654420903233,65.87901356661537,91.35452931953986,0
2023-09-09,SKU_015,69.93276321729122,57.68213195654845,83.58683839391423,0
2023-09-10,SKU_015,55.23621220982612,43.239229296232665,68.27856745788968,0
2023-09-11,SKU_015,42.804873657213236,29.054064804646732,56.152117599161244,0
2023-09-12,SKU_015,42.264411025580316,29.915352632804964,54.95281700712344,0
2023-09-13,SKU_015,55.09288223101588,42.55376892695782,68.15851337279672,0
2023-09-14,SKU_015,69.77294333916967,56.934853767756316,82.51005891174322,0
2023-09-15,SKU_015,79.45136683213343,66.01221761317206,92.07743760478769,0
2023-09-16,SKU_015,70.82188420289,58.78336173980083,84.59128088219953,0
2023-09-17,SKU_015,56.03324964191387,42.979942489654576,69.40774901669755,0
2023-09-18,SKU_015,43.526126814114605,30.45110007774968,56.62948198590634,0
2023-09-19,SKU_015,42.92839554666144,30.54743634521476,55.58956424049825,0
2023-09-20,SKU_015,55.719822007817065,43.44602353734326,69.8731380212525,0
2023-09-21,SKU_015,70.38423452774008,57.457223562993974,84.01559167040519,0
2023-09-22,SKU_015,80.06902977850693,67.52503201286586,91.88004385080346,0
2023-09-23,SKU_015,71.46941935683832,58.71327145319666,84.14842069692652,0
2023-09-24,SKU_015,56.732311141945225,44.46475304046614,69.2783547940738,0
2023-09-25,SKU_015,44.297430109021484,31.505650659967255,58.04273522161114,0
2023-09-26,SKU_015,43.79127034111758,30.470248468894322,56.651802577952004,0
2023-09-27,SKU_015,56.69182190188339,43.07130188429147,69.35025963714484,0
2023-09-28,SKU_015,71.48081230583576,58.516960829909124,84.69159976769225,0
2023-09-29,SKU_015,81.30328502779209,68.31703466786918,93.94224393402956,0
2023-09-30,SKU_015,72.8519226705559,60.86073962345142,86.2907993072645,0
2023-10-01,SKU_015,58.27100666504933,45.989944333299285,71.09280498634814,0
2023-10-02,SKU_015,45.99761569208175,32.936293518054875,58.21950704188362,0
2023-10-03,SKU_015,45.65565216124521,31.714732222391703,58.28547829731298,0
2023-10-04,SKU_015,58.72063816093174,45.49669554656496,71.20671210973111,0
2023-10-05,SKU_015,73.67201859457951,60.7083453399113,86.84033403297879,0
2023-10-06,SKU_015,83.65279221086342,71.63964206747167,96.57898564742406,0
2023-10-07,SKU_015,75.35387674921392,61.773896436815136,88.21832973724268,0
2023-10-08,SKU_015,60.9180990573302,48.253994437844405,73.35271571766947,0
2023-10-09,SKU_015,48.78102849952716,36.66659025320959,61.26532776646342,0
2023-10-10,SKU_015,48.566159056539746,36.29325844912034,61.53565758172758,0
2023-10-11,SKU_015,61.74854922522894,48.33670757805145,74.75244136829373,0
2023-10-12,SKU_015,76.80749058015535,64.07333134274181,89.30056200881815,0
2023-10-13,SKU_015,86.88611044616755,74.18964970544619,99.69324385391762,0
2023-10-14,SKU_015,78.67569949643178,65.87774262919015,90.98747716760869,0
2023-10-15,SKU_015,64.31965676748914,51.36902374231925,77.32750943972246,0
2023-10-16,SKU_015,52.25465553075473,39.70425468377185,65.26297141907938,0
2023-10-17,SKU_015,52.10462119646033,40.76655014662957,65.0985384870249,0
2023-10-18,SKU_015,65.34546502101162,53.9265972536378,79.2148153682655,0
2023-10-19,SKU_015,80.45731411933122,67.97464928271907,93.96550289822382,0
2023-10-20,SKU_015,90.5840616125328,78.35621035377636,103.00111734277392,0
2023-10-21,SKU_015,82.41764647441549,70.61851374023402,95.37040989269032,0
2023-10-22,SKU_015,68.10195738509293,54.61178230935462,80.76409517374756,0
2023-10-23,SKU_015,56.07396560445137,43.34705856977389,68.07269503286099,0
2023-10-24,SKU_015,55.957679313740314,43.571741126231636,68.67284019023384,0
2023-10-25,SKU_015,69.22886413171338,55.783951267562685,81.79735132136672,0
2023-10-26,SKU_015,84.36727086723576,71.79084263299006,96.30499091028976,0
2023-10-27,SKU_015,94.51619450889939,81.94895610517905,107.48421086332496,0
2023-10-28,SKU_015,86.3667737855265,72.96195058025893,99.18221060444014,0
2023-10-29,SKU_015,72.06192498741525,59.26124071535934,84.52858559841093,0
2023-10-30,SKU_015,60.03751406616899,46.45504026313329,72.82024891042545,0
2023-10-31,SKU_015,59.91635812884561,48.01213090481083,72.82529973032298,0
2023-11-01,SKU_015,73.17264360052013,60.03474476064181,85.6571184828416,0
2023-11-02,SKU_015,88.28527923918631,75.74761561564539,100.84383438811703,0
2023-11-03,SKU_015,98.39644794253127,86.36054441906974,111.84784867108168,0
2023-11-04,SKU_015,90.19632250141439,77.67130502132201,103.37551467548283,0
2023-11-05,SKU_015,75.82705776437314,62.8868548661973,89.48727453997077,0
2023-11-06,SKU_015,63.72401683513198,50.971466581953756,76.54002580165141,0
2023-11-07,SKU_015,63.50982032426925,50.38453783046264,76.43149515563988,0
2023-11-08,SKU_015,76.65915980403283,64.05554002466866,89.4443077736352,0
2023-11-09,SKU_015,91.65111296626175,77.52409994235464,103.98215832119824,0
2023-11-10,SKU_015,101.62878103069872,89.16689499378062,113.6332799841242,0
2023-11-11,SKU_015,93.28365451626203,80.2576331438081,106.15410458720471,0
2023-11-12,SKU_015,78.75959817949747,65.7653211433811,91.59480642238138,0
2023-11-13,SKU_015,66.4940566956336,53.79018663763313,79.19682625869879,0
2023-11-14,SKU_015,66.11207028352366,53.5988444187116,79.32355593103593,0
2023-11-15,SKU_015,79.09104203197106,66.57413255869459,91.97578729027357,0
2023-11-16,SKU_015,93.91299545190316,81.28246161643645,105.8568107438351,0
2023-11-17,SKU_015,103.72414421675768,91.02271925976649,116.27933558526702,0
2023-11-18,SKU_015,95.21918197188252,82.54356853546686,107.37026335115713,0
2023-11-19,SKU_015,80.54518508839227,66.88104987790878,94.02498181867229,0
2023-11-20,SKU_015,68.14273225263346,56.11807525816935,81.56820473085553,0
2023-11-21,SKU_015,67.63983258460891,54.55015866396742,80.89716138847598,0
2023-11-22,SKU_015,80.51660663724499,68.0963920035215,93.64886474857217,0
2023-11-23,SKU_015,95.25746142091108,82.37672439241312,108.0791988884177,0
2023-11-24,SKU_015,105.00921077869874,91.86263020058688,118.54167357595034,0
2023-11-25,SKU_015,96.4694174239294,84.03062592195121,108.84607698459772,0
2023-11-26,SKU_015,81.7861197371552,68.76754582588958,93.73494914621885,0
2023-11-27,SKU_015,69.40028115177215,56.31428634060219,81.32035233815805,0
2023-11-28,SKU_015,68.93968942020689,56.6877553916912,81.59029413986048,0
2023-11-29,SKU_015,81.88362451352387,69.20872130247712,94.66258815930894,0
2023-11-30,SKU_015,96.71503706129361,84.75563583386972,109.35415607323422,0
2023-12-01,SKU_015,106.58006215364107,93.93855244912719,119.81262483275907,0
2023-12-02,SKU_015,98.17227863049062,85.33609378506455,110.08362841763457,0
2023-12-03,SKU_015,83.63660828044162,69.84245633712294,96.34395018367496,0
2023-12-04,SKU_015,71.41045963933023,59.19583536751414,84.60280069832989,0
2023-12-05,SKU_015,71.11770809048745,57.61981632796447,84.51479255826344,0
2023-12-06,SKU_015,84.23345582814193,71.26243987493547,97.47637339633434,0
2023-12-07,SKU_015,99.23631124887345,87.98279316399321,112.5784870850364,0
2023-12-08,SKU_015,109.26800996154931,96.15405794169209,121.84898976341204,0
2023-12-09,SKU_015,101.01778469549322,88.57720747009124,114.18841924054682,0
2023-12-10,SKU_015,86.62637554795612,73.59266600905468,98.98647947889252,0
2023-12-11,SKU_015,74.52728222856119,61.1913863084452,86.89784846237845,0
2023-12-12,SKU_015,74.34084700542111,61.66321480299052,86.84528711171873,0
2023-12-13,SKU_015,87.53910903839353,75.449273808123,100.0422294976879,0
2023-12-14,SKU_015,102.59816699324857,89.32025085001085,114.93362843802306,0
2023-12-15,SKU_015,112.6578697387641,98.74470817329303,124.71706135459897,0
2023-12-16,SKU_015,104.40624037005819,92.97727527925194,116.7905096104214,0
2023-12-17,SKU_015,89.98352337950674,77.64273735187793,102.91918005826801,0
2023-12-18,SKU_015,77.82330151033153,64.63188492248122,89.7276158876812,0
2023-12-19,SKU_015,77.54704014877123,65.84987847087172,90.65380533332919,0
2023-12-20,SKU_015,90.62846018268974,77.67662740122017,102.8448306883989,0
2023-12-21,SKU_015,105.54601622855093,92.80893370121694,118.70478672184694,0
2023-12-22,SKU_015,115.44253113062032,102.79223253573927,127.85625279359853,0
2023-12-23,SKU_015,107.00954734389701,94.91366581125016,119.28878293977498,0
2023-12-24,SKU_015,92.39128689045833,79.34160565148824,105.9901800718032,0
2023-12-25,SKU_015,80.02582266307661,66.7080358167919,93.25011340612355,0
2023-12-26,SKU_015,79.53905174662798,66.55640030600398,91.80416282375306,0
2023-12-27,SKU_015,92.40941420323797,79.54826865297422,104.59840624692373,0
2023-12-28,SKU_015,107.12009769569653,94.85887439105326,120.63898147552514,0
2023-12-29,SKU_015,116.81855186339332,104.54742900051643,128.82423486171604,0
2023-12-30,SKU_015,108.20072231776763,95.12157887656772,121.78464667824267,0
2023-12-31,SKU_015,93.41489909208826,81.64974745900753,106.12024562511262,0
2024-01-01,SKU_015,80.90278530549364,67.908124560825,93.5275817297317,0
2024-01-02,SKU_015,80.29337945005503,67.69915494508537,92.42468434948027,0
2024-01-03,SKU_015,93.0676171677433,79.86078695205461,106.29345669806541,0
2024-01-04,SKU_015,107.71051492046196,94.88389860830115,120.15790560187911,0
2024-01-05,SKU_015,117.37064105187238,103.67303540801062,129.42798417444456,0
2024-01-06,SKU_015,108.74432520263366,95.63111379279333,120.25319634116161,0
2024-01-07,SKU_015,93.97950148898171,81.84553141978782,107.29489600990318,0
2024-01-08,SKU_015,81.51679124559855,68.95856180833894,93.90944479910479,0
2024-01-09,SKU_015,80.98341824848677,69.01862383007898,94.05006903660141,0
2024-01-10,SKU_015,93.85778887269709,81.21173858436855,105.7837682316024,0
2024-01-11,SKU_015,108.62204009173809,95.196485285039,121.01212826148642,0
2024-01-12,SKU_015,118.4212548685669,104.78063212378315,131.10409594757468,0
2024-01-13,SKU_015,109.94787757713732,97.97095432123916,122.68560523339833,0
2024-01-14,SKU_015,95.34566021179013,83.74810737142136,108.34609094806405,0
2024-01-15,SKU_015,83.05085469697629,69.49223189091353,96.15616808533545,0
2024-01-16,SKU_015,82.68624116370013,69.91553583827425,95.27371174263503,0
2024-01-17,SKU_015,95.72593392905134,83.48565969524209,108.39724894061862,0
2024-01-18,SKU_015,110.64770298090764,98.28479905095696,122.73717401364442,0
2024-01-19,SKU_015,120.59263152906655,108.73172790080255,133.68647027822269,0
2024-01-20,SKU_015,112.24951545361583,99.32759476015313,125.49998790415594,0
2024-01-21,SKU_015,97.75889487797686,84.45913359908828,111.24266648950169,0
2024-01-22,SKU_015,85.55431858681804,72.84603728514732,98.65616517230724,0
2024-01-23,SKU_015,85.25642936631678,71.41730912805401,96.9463177731001,0
2024-01-24,SKU_015,98.33781066008797,85.48695331253846,111.93297745959696,0
2024-01-25,SKU_015,113.27533148844859,101.03030459843686,125.85167264874141,0
2024-01-26,SKU_015,123.20980983858216,111.61983817879904,136.46445492760424,0
2024-01-27,SKU_015,114.83040051480208,102.08999914311038,127.2711631550922,0
2024-01-28,SKU_015,100.2785983341263,87.47607108779255,112.28030821858715,0
2024-01-29,SKU_015,87.98945852166993,73.79468086444376,99.61769296861337,0
2024-01-30,SKU_015,87.58562395530728,74.32686923749783,99.54455213339003,0
2024-01-31,SKU_015,100.54210161206984,87.64987872295448,113.35442531705661,0
2024-02-01,SKU_015,115.33852744821914,102.61115480833453,128.77334942171956,0
2024-02-02,SKU_015,125.11645920223785,112.28554514868034,137.29443851272174,0
2024-02-03,SKU_015,116.57052210681255,103.99838181276273,129.00031938982005,0
2024-02-04,SKU_015,101.84546863529276,89.32812060891597,114.54402032992411,0
2024-02-05,SKU_015,89.379589517706,77.66722666210065,101.46629099683577,0
2024-02-06,SKU_015,88.79865213015115,75.75749623875294,101.51397170853662,0
2024-02-07,SKU_015,101.58059444481904,88.47415818495445,114.0771568572468,0
2024-02-08,SKU_015,116.207716115307,103.93566448286967,128.14911831759525,0
2024-02-09,SKU_015,125.82619148337632,114.07769464471058,139.8024783625942,0
2024-02-10,SKU_015,117.13031488419287,104.42886540800183,129.9615823433188,0
2024-02-11,SKU_015,102.26637321016801,89.11658377891892,115.70035447942494,0
2024-02-12,SKU_015,89.67375122026507,76.8871242315178,103.32858525290953,0
2024-02-13,SKU_015,88.97886233713724,75.92263689621906,101.98645185367826,0
2024-02-14,SKU_015,101.6598497445234,88.01198369262418,113.6590541151856,0
2024-02-15,SKU_015,116.19879877713231,103.58329414446288,129.04035637749553,0
2024-02-16,SKU_015,125.74128436524367,113.31494938005699,138.85548270743212,0
2024-02-17,SKU_015,116.98066248150272,104.18083206105086,129.49781491381916,0
2024-02-18,SKU_015,102.06199876279591,88.97833748807741,115.54564762451494,0
2024-02-19,SKU_015,89.42323771029271,76.04078905798295,102.9306781385251,0
2024-02-20,SKU_015,88.68920289529619,76.54643511191028,101.21989798957462,0
2024-02-21,SKU_015,101.3363705149676,87.99024491033126,114.33409775146583,0
2024-02-22,SKU_015,115.84515474883524,102.91442410986765,128.69969347738567,0
2024-02-23,SKU_015,125.35952614288884,111.85833649877284,138.04205658582976,0
2024-02-24,SKU_015,116.57136952262474,102.39636083277965,128.31047900378047,0
2024-02-25,SKU_015,101.62447233194081,88.55562202339866,114.10247313998282,0
2024-02-26,SKU_015,88.95332459963096,75.21323004872966,100.41798601235917,0
2024-02-27,SKU_015,88.184420043321,75.3000191385899,100.56424813960697,0
2024-02-28,SKU_015,100.79379766175275,87.45741131220083,114.67491947184871,0
2024-02-29,SKU_015,115.26176292743047,103.08153612812926,128.28791710439384,0
2024-03-01,SKU_015,124.73250846773942,112.45006056076461,137.82974341655478,0
2024-03-02,SKU_015,115.89846082930883,103.2230452338216,128.76160689705574,0
2024-03-03,SKU_015,100.90424460741347,87.77194282786027,114.18969424318539,0
2024-03-04,SKU_015,88.18786613873034,75.7805311999649,100.43904655903138,0
2024-03-05,SKU_015,87.3747067085024,74.42206992186536,99.4858155497739,0
2024-03-06,SKU_015,99.94226788179621,86.51853793673111,111.4908635452006,0
2024-03-07,SKU_015,114.37240841036098,101.18796367857784,127.97629736527205,0
2024-03-08,SKU_015,123.81089564730308,111.18046161585241,137.09068189531692,0
2024-03-09,SKU_015,114.95168032869637,101.82796667557005,127.93095016200478,0
2024-03-10,SKU_015,99.94078854934875,86.89651976180771,112.91354884078645,0
2024-03-11,SKU_015,87.21743571250973,74.18552361844351,99.63387494711141,0
2024-03-12,SKU_015,86.4079549379283,74.30326729484536,99.09834826725631,0
2024-03-13,SKU_015,98.99048494063501,87.0598360039557,111.44970758426462,0
2024-03-14,SKU_015,113.44715902414504,99.93006810268975,126.20394511667399,0
2024-03-15,SKU_015,122.92362002854459,109.2387846006608,135.75564622112748,0
2024-03-16,SKU_015,114.11327165187087,100.88383406356195,126.36251100253706,0
2024-03-17,SKU_015,99.16116112661803,86.08919993969175,111.54747789281446,0
2024-03-18,SKU_015,86.50509874092519,73.46879604427251,99.68620376846998,0
2024-03-19,SKU_015,85.76960691958443,71.9871473927163,98.31899141974517,0
2024-03-20,SKU_015,98.42873283559426,85.54550138173633,111.58671910720658,0
2024-03-21,SKU_015,112.96401937914104,100.7736942658203,126.02262224411015,0
2024-03-22,SKU_015,122.51835024254785,109.5095443741461,135.22697671469868,0
2024-03-23,SKU_015,113.78218574065954,101.57390368168176,126.45859581551159,0
2024-03-24,SKU_015,98.89752835695332,86.21498953141193,111.52545045234467,0
2024-03-25,SKU_015,86.2991318947333,74.0809615044005,99.51851555195312,0
2024-03-26,SKU_015,85.6085442813978,72.75050814626904,98.12291346928212,0
2024-03-27,SKU_015,98.29892592556823,85.90337774516112,111.19705300168387,0
2024-03-28,SKU_015,112.84738156086956,100.60863927807277,125.62675419222937,0
2024-03-29,SKU_015,122.39462622005081,110.2436971629,135.50600198127134,0
2024-03-30,SKU_015,113.62939119741371,101.25533274589651,126.72056377237338,0
2024-03-31,SKU_015,98.69246018915429,85.64085633432666,111.55364849027013,0
2024-04-01,SKU_015,86.01793622735647,73.69658405967448,99.29735294220065,0
2024-04-02,SKU_015,85.22732731535879,71.68834321248578,98.90475672585491,0
2024-04-03,SKU_015,97.7943909272141,84.59719362778728,110.61899136158223,0
2024-04-04,SKU_015,112.19747403925084,99.88329557259394,123.97448707406932,0
2024-04-05,SKU_015,121.57916858213086,107.55794848760263,134.00208583087098,0
2024-04-06,SKU_015,112.63068796392794,100.59298095234058,125.60430450225725,0
2024-04-07,SKU_015,97.49585520820462,85.6981029696926,110.97105163993069,0
2024-04-08,SKU_015,84.61230423949324,72.73177685914168,98.22730137898664,0
2024-04-09,SKU_015,83.605483685376,70.87775823705036,96.55150232880892,0
2024-04-10,SKU_015,95.95340533073954,83.31560969358038,109.2799252031899,0
2024-04-11,SKU_015,110.13887632709455,97.6244387127758,123.07182208609456,0
2024-04-12,SKU_015,119.30861913095497,105.91032432874783,132.21252478181876,0
2024-04-13,SKU_015,110.15878171527743,97.4872537039911,122.7842172778904,0
2024-04-14,SKU_015,94.83754451058822,81.7626462915035,107.52981742495365,0
2024-04-15,SKU_015,81.78661661486696,68.89188761843566,95.26737810079716,0
2024-04-16,SKU_015,80.63512047150118,67.51003852433006,92.57860229955617,0
2024-04-17,SKU_015,92.86422940250196,80.26288727726677,105.01393027514149,0
2024-04-18,SKU_015,106.95930043647833,94.16352613318122,120.27990157398457,0
2024-04-19,SKU_015,116.06932822461519,104.03410726121875,129.32134818148697,0
2024-04-20,SKU_015,106.89113155893136,93.48441309599464,120.26731074544416,0
2024-04-21,SKU_015,91.57316869671635,78.97864685944626,104.77654550389134,0
2024-04-22,SKU_015,78.55658830264959,65.95822651756275,90.81507604744598,0
2024-04-23,SKU_015,77.46911012534012,64.88719373228841,89.9769265767634,0
2024-04-24,SKU_015,89.78968160990927,77.43861637033383,100.89968743086453,0
2024-04-25,SKU_015,104.00065280506304,90.52491347605435,115.12849399312175,0
2024-04-26,SKU_015,113.24729463016223,101.2985483526519,126.50672268263203,0
2024-04-27,SKU_015,104.22207064973935,91.17827484285336,116.58967317047266,0
2024-04-28,SKU_015,89.06855658473214,75.34757412632219,101.94300190009291,0
2024-04-29,SKU_015,76.2226118383446,63.636523256383946,89.84364562695718,0
2024-04-30,SKU_015,75.30639411960307,63.301458111414746,88.99911435818049,0
2024-05-01,SKU_015,87.79315991858726,75.74339573895368,101.29791756109086,0
2024-05-02,SKU_015,102.15958941439044,89.97800607952416,115.27282566743526,0
2024-05-03,SKU_015,111.54545688066489,97.4714242942072,123.45450828489015,0
2024-05-04,SKU_015,102.63805261963535,89.37249775911395,116.11219667992177,0
2024-05-05,SKU_015,87.57624653527702,74.6855853477646,100.68563640119513,0
2024-05-06,SKU_015,74.79154623535382,61.633309321763605,87.63288409796287,0
2024-05-07,SKU_015,73.90297387896028,61.32357775797513,87.30902431949657,0
2024-05-08,SKU_015,86.3812272505761,74.29133502095078,98.85233089674662,0
2024-05-09,SKU_015,100.70133445522251,87.23494112224658,112.23711857889211,0
2024-05-10,SKU_015,110.00238389242867,96.32244266489543,122.31392443890091,0
2024-05-11,SKU_015,100.97198102739796,88.07156319155641,114.4036565187785,0
2024-05-12,SKU_015,85.75032082428858,73.34264955467334,98.67715003375156,0
2024-05-13,SKU_015,72.77147556584235,59.54024131109089,85.466450961438,0
2024-05-14,SKU_015,71.65748552873391,57.981172763069985,84.6682872171344,0
2024-05-15,SKU_015,83.88319270699849,71.3266417499835,96.33017854474642,0
2024-05-16,SKU_015,97.92855473432606,85.42005630787986,110.74012930505235,0
2024-05-17,SKU_015,106.93825982343309,94.53088698438641,120.50808290593429,0
2024-05-18,SKU_015,97.6060497076721,84.76283385399375,111.0122527931904,0
2024-05-19,SKU_015,82.07864283539472,70.09382847751155,94.6581620261743,0
2024-05-20,SKU_015,68.79686136550434,56.05497096126773,81.99681635594949,0
2024-05-21,SKU_015,67.38955360434649,54.43275394236103,79.6797274339665,0
2024-05-22,SKU_015,79.33825647201436,66.75763561513595,91.68537460373582,0
2024-05-23,SKU_015,93.12933966081582,79.60794075353326,106.10360516571002,0
2024-05-24,SKU_015,101.91345680120182,89.06339180766419,114.04557082430661,0
2024-05-25,SKU_015,92.38971498579622,79.12003191880464,105.68419845979165,0
2024-05-26,SKU_015,76.70945901305343,63.61291270396995,89.84044112016767,0
2024-05-27,SKU_015,63.317277643825264,50.37493922270217,76.26311068532046,0
2024-05-28,SKU_015,61.84482678526129,49.76816323726683,74.94028189802157,0
2024-05-29,SKU_015,73.77541389970585,60.782994398492434,86.07829214455523,0
2024-05-30,SKU_015,87.59610239393629,74.23733661317173,101.19432319238199,0
2024-05-31,SKU_015,96.45713264963639,82.94350821118555,109.11708118893404,0
2024-06-01,SKU_015,87.05610172322669,74.66831520189233,99.81473119181835,0
2024-06-02,SKU_015,71.54178294780196,59.17556312655143,84.50956379089996,0
2024-06-03,SKU_015,58.355194867385535,45.92045293289228,71.88379879131475,0
2024-06-04,SKU_015,57.12351281886496,43.931653549032326,69.95465929215644,0
2024-06-05,SKU_015,69.324768172936,56.41133732153024,82.73376778673712,0
2024-06-06,SKU_015,83.44007605216703,71.31719472033514,95.07463245875934,0
2024-06-07,SKU_015,92.61321475085131,80.64374638265419,105.60766095915388,0
2024-06-08,SKU_015,83.53496492099427,70.56302240464663,95.81035424739642,0
2024-06-09,SKU_015,68.34710049428891,55.71337010548214,80.68988443786917,0
2024-06-10,SKU_015,55.48363325027391,42.96158493309652,68.77912785148182,0
2024-06-11,SKU_015,54.564899718350595,41.272530267309186,67.71441701944129,0
2024-06-12,SKU_015,67.06243080632885,53.93330155967448,80.50746682136814,0
2024-06-13,SKU_015,81.45134049768592,68.23380203789887,92.8296887579836,0
2024-06-14,SKU_015,90.87005262057649,77.9730291550247,103.3490469494114,0
2024-06-15,SKU_015,82.0047699100862,69.46285319405466,95.1729236972329,0
2024-06-16,SKU_015,66.99357396318587,54.28447310853031,79.99640694406573,0
2024-06-17,SKU_015,54.267755199522895,40.71174525682471,67.26610282558713,0
2024-06-18,SKU_015,53.44595935711834,41.610354578387906,66.70481299662121,0
2024-06-19,SKU_015,65.99908946177287,53.0309467545063,78.67294725704755,0
2024-06-20,SKU_015,80.4026988937852,68.39410716955733,92.86426570296071,0
2024-06-21,SKU_015,89.79669271747589,76.8480305522021,101.40639607199252,0
2024-06-22,SKU_015,80.86975166565773,67.53930561539552,92.70264315595952,0
2024-06-23,SKU_015,65.7633501366573,52.195878192853286,77.89697883532652,0
2024-06-24,SKU_015,52.91298828036697,40.80085492202409,65.53626618529654,0
2024-06-25,SKU_015,51.9422181466665,39.25423570984269,64.82315645041093,0
2024-06-26,SKU_015,64.32740807670648,51.85289007954637,77.83444848011682,0
2024-06-27,SKU_015,78.54998477398628,66.0934504398707,91.29101014552325,0
2024-06-28,SKU_015,87.75597625119454,75.12942607089907,100.20410831972931,0
2024-06-29,SKU_015,78.64026504338257,65.65735252465332,90.387626445924,0
2024-06-30,SKU_015,63.350446291804246,50.63479106676063,76.36927357610618,0
2024-07-01,SKU_015,50.32789647757724,37.765500715028374,62.97644617084016,0
2024-07-02,SKU_015,49.2016464831618,36.990865733186176,62.09403569437353,0
2024-07-03,SKU_015,61.453005350740426,48.946078962193766,73.3727226468017,0
2024-07-04,SKU_015,75.56767786784758,62.879617112942114,88.98812916055938,0
2024-07-05,SKU_015,84.69520240270657,71.75428887721219,97.7425657606292,0
2024-07-06,SKU_015,75.53312104982739,63.51586072549928,88.960695559376,0
2024-07-07,SKU_015,60.230778735335164,47.51262654511818,74.08544538585322,0
2024-07-08,SKU_015,47.23035843062936,35.031796899613965,59.89959012066077,0
2024-07-09,SKU_015,46.160746807970646,33.01564989759304,58.1282586957741,0
2024-07-10,SKU_015,58.50217664324289,45.68862079030953,71.91943877676584,0
2024-07-11,SKU_015,72.7383883116332,59.70806783615039,84.60547709572002,0
2024-07-12,SKU_015,82.01613532743426,69.16398546834209,94.93113522411036,0
2024-07-13,SKU_015,73.02944387099394,59.915505378569016,85.9572920770522,0
2024-07-14,SKU_015,57.92352025603915,46.44203403358856,71.81422356753593,0
2024-07-15,SKU_015,45.13591028792299,32.86129355952658,58.02005116356581,0
2024-07-16,SKU_015,44.290501242044115,30.517339110076602,57.90616155686646,0
2024-07-17,SKU_015,56.86230885491639,43.56179690422533,68.58262536573783,0
2024-07-18,SKU_015,71.32978757375284,59.71942141824452,84.00364505304941,0
2024-07-19,SKU_015,80.83448483304609,68.43012973379166,93.47601057252992,0
2024-07-20,SKU_015,72.06544516410055,59.37914848507082,85.51058542178622,0
2024-07-21,SKU_015,57.16325410469034,44.946987049493366,69.55645515449618,0
2024-07-22,SKU_015,44.561322142910555,31.860268242594106,57.030931614075655,0
2024-07-23,SKU_015,43.879996072535015,31.523220100087077,57.79476324019132,0
2024-07-24,SKU_015,56.591437262848956,43.963660206094836,70.1800259426787,0
2024-07-25,SKU_015,71.17200272970754,58.68717423261062,84.04061712164443,0
2024-07-26,SKU_015,80.76194801791202,67.79765149280027,92.92567445306524,0
2024-07-27,SKU_015,72.04985658167253,60.30757682775599,85.37770823406674,0
2024-07-28,SKU_015,57.17668517814229,45.67566046420771,70.41159457619878,0
2024-07-29,SKU_015,44.577025728628506,31.1338907121043,57.09948752361455,0
2024-07-30,SKU_015,43.87317190779615,31.673225031004012,56.53923774416411,0
2024-07-31,SKU_015,56.53993147312199,42.75164102667374,70.06648423177671,0
2024-08-01,SKU_015,71.0569223163215,57.92901227509191,84.2232450750595,0
2024-08-02,SKU_015,80.56817385471655,68.18823721229082,93.19389583645739,0
2024-08-03,SKU_015,71.76644149734648,60.20905333471466,84.51637821634293,0
2024-08-04,SKU_015,56.79712709550404,43.225982710415224,69.69423731273267,0
2024-08-05,SKU_015,44.099409475685015,31.56438398007785,56.12678258518461,0
2024-08-06,SKU_015,43.3001771010251,30.96509538987683,55.913540146234865,0
2024-08-07,SKU_015,55.87870769143585,42.44735948899121,69.08498979576277,0
2024-08-08,SKU_015,70.31883653881782,57.44033714538728,83.54517229581396,0
2024-08-09,SKU_015,79.76843868186664,66.12858870978513,91.20430049412353,0
2024-08-10,SKU_015,70.92363597859102,58.08879441215255,83.32676370523647,0
2024-08-11,SKU_015,55.93262489452589,43.61906255736052,68.71676778677865,0
2024-08-12,SKU_015,43.236731571213745,30.42558937440146,55.72768055487931,0
2024-08-13,SKU_015,42.4642881744904,29.172308935035144,55.4969922650612,0
2024-08-14,SKU_015,55.09527674277997,42.98253907883451,67.12439088134033,0
2024-08-15,SKU_015,69.61348305054065,56.33909474564181,82.89266888857136,0
2024-08-16,SKU_015,79.16598584806417,66.4151304212829,92.01051649321246,0
2024-08-17,SKU_015,70.44739205841584,57.45072910954413,82.25361563337658,0
2024-08-18,SKU_015,55.60371272982225,42.25026409377318,68.27840419789501,0
2024-08-19,SKU_015,43.07348471871343,29.13653328290125,56.048806923384575,0
2024-08-20,SKU_015,42.48173001009376,30.146778981324598,55.16262132591222,0
2024-08-21,SKU_015,55.30469636250004,42.72433827128872,68.06910003326703,0
2024-08-22,SKU_015,70.022118896945,57.745441538118136,83.37602908368319,0
2024-08-23,SKU_015,79.77682481988451,67.33352495802086,93.23353247349944,0
2024-08-24,SKU_015,71.25908850829073,59.18533836221555,83.47296524828087,0
2024-08-25,SKU_015,56.610628318534026,44.77268992336529,69.1552599408374,0
2024-08-26,SKU_015,44.265846675512634,30.848412350303803,57.759480584676055,0
2024-08-27,SKU_015,43.84590204076319,31.716613857173876,57.188609224949055,0
2024-08-28,SKU_015,56.82355335013719,43.77610089830691,68.88107254621136,0
2024-08-29,SKU_015,71.67551373470545,58.90403027180531,84.99622414150289,0
2024-08-30,SKU_015,81.54213328138455,69.27397933585043,93.77412082307286,0
2024-08-31,SKU_015,73.11181606205096,60.147244837175705,85.96864403400146,0
2024-09-01,SKU_015,58.525061283989736,46.26291202088071,71.33569027754073,0
2024-09-02,SKU_015,46.21572912986615,34.00808104376914,59.06608930144992,0
2024-09-03,SKU_015,45.80511944656715,33.51440712603183,58.410159467091155,0
2024-09-04,SKU_015,58.76680398307285,45.61773668673865,71.91755619251586,0
2024-09-05,SKU_015,73.57894964133243,60.711246347576456,86.39323090525997,0
2024-09-06,SKU_015,83.38395365811314,71.35276683755507,96.4183308178007,0
2024-09-07,SKU_015,74.87279758315923,62.3334442696873,88.27286919070174,0
2024-09-08,SKU_015,60.18901195596568,46.99137961419151,73.1445824849366,0
2024-09-09,SKU_015,47.76985465269033,35.344466335416676,60.90158037616817,0
2024-09-10,SKU_015,47.240293741254796,34.21120086564834,59.247184987853906,0
2024-09-11,SKU_015,60.07773841419181,46.821675171565,72.20718211248169,0
2024-09-12,SKU_015,74.76425844084089,62.03664587023417,87.75022064402552,0
2024-09-13,SKU_015,84.4461160500108,72.31708050176947,96.39600735295343,0
2024-09-14,SKU_015,75.81802002990858,61.899198898343634,88.31831266233945,0
2024-09-15,SKU_015,61.02699671295328,47.938115983755026,73.46362069464763,0
2024-09-16,SKU_015,48.51348334667522,35.3361473614029,61.61892053166803,0
2024-09-17,SKU_015,47.90523691182253,35.525415975548086,60.94947055288782,0
2024-09-18,SKU_015,60.68200381327742,48.035850275483575,73.28387538707457,0
2024-09-19,SKU_015,75.3276923253099,62.930387084794,87.56003831407455,0
2024-09-20,SKU_015,84.9898726903881,72.50166334463691,97.95600794354229,0
2024-09-21,SKU_015,76.36401517359464,63.98602389264779,88.9603484879737,0
2024-09-22,SKU_015,61.59736077484867,48.69852460541819,74.39752793594748,0
2024-09-23,SKU_015,49.130029662622505,36.34745081245045,61.524707020222706,0
2024-09-24,SKU_015,48.588959502008116,35.65051422143895,61.05326111688544,0
2024-09-25,SKU_015,61.452617798921395,49.26589176422637,74.00231856742663,0
2024-09-26,SKU_015,76.20322847112814,63.7225741534911,89.44163037188879,0
2024-09-27,SKU_015,85.98633556255085,72.62419889662462,97.76721915083313,0
2024-09-28,SKU_015,77.49511218047176,64.97768855341846,89.66514047270856,0
2024-09-29,SKU_015,62.87430696121196,49.96509824273499,76.53142484165276,0
2024-09-30,SKU_015,50.5614306420356,38.31827810568415,63.14933071869325,0
2024-10-01,SKU_015,50.18077241124815,36.92904796956313,62.41072950212295,0
2024-10-02,SKU_015,63.20818772309965,51.17033201352271,74.70439234519242,0
2024-10-03,SKU_015,78.1233954927346,65.04960399338984,91.01914309620132,0
2024-10-04,SKU_015,88.06960550436736,74.38066447648998,101.55797780066689,0
2024-10-05,SKU_015,79.73788230008451,67.79661032563264,93.34114847489325,0
2024-10-06,SKU_015,65.27113637039471,51.79607788110254,77.79212989589332,0
2024-10-07,SKU_015,53.10534410684888,40.83891650557414,66.8707493633006,0
2024-10-08,SKU_015,52.863585471518526,39.96551775409084,66.0052372330869,0
2024-10-09,SKU_015,66.02084076439974,52.308578624384275,77.94808034127684,0
2024-10-10,SKU_015,81.05628452159579,68.53667297245825,94.17814718362074,0
2024-10-11,SKU_015,91.11289790047802,78.66344189490094,104.41388689039155,0
2024-10-12,SKU_015,82.88180673009792,70.36660428456868,95.2282294990002,0
2024-10-13,SKU_015,68.50623730871011,56.00832211429732,80.9557658481014,0
2024-10-14,SKU_015,56.42269297621732,44.216114157355385,69.5683777724347,0
2024-10-15,SKU_015,56.25494222987516,44.27084616915055,68.95188677613609,0
2024-10-16,SKU_015,69.47876176810169,56.56278703316306,81.67221236302603,0
2024-10-17,SKU_015,84.57417461351025,71.56045088513741,96.56188630764163,0
2024-10-18,SKU_015,94.68500683663619,82.05614202980117,106.68366738282022,0
2024-10-19,SKU_015,86.50317219453053,73.71227832721364,98.6149882219726,0
2024-10-20,SKU_015,72.17257880526438,60.69469874684135,85.32547265208221,0
2024-10-21,SKU_015,60.13026275336631,46.97381657012552,72.57469049151854,0
2024-10-22,SKU_015,60.00034103447547,46.612904727794415,72.7254019712788,0
2024-10-23,SKU_015,73.25872857681564,59.5280706615963,85.71565780454794,0
2024-10-24,SKU_015,88.38536051226357,75.7486294454067,101.02422249696372,0
2024-10-25,SKU_015,98.52374387637495,85.59704128852539,111.33778051576512,0
2024-10-26,SKU_015,90.36524831902828,76.895521458569,102.3928599151058,0
2024-10-27,SKU_015,76.05302981840124,63.04142379649869,89.36387062448883,0
2024-10-28,SKU_015,64.02319176934007,51.62611759328533,76.86402937462182,0
2024-10-29,SKU_015,63.89877495199478,50.42059747914898,76.53738566113975,0
2024-10-30,SKU_015,77.15451986682474,63.931502727497964,89.45442775331539,0
2024-10-31,SKU_015,92.26914104560005,78.99166564179818,105.36039842935759,0
2024-11-01,SKU_015,102.38493569731489,88.45474710446129,114.81481974251014,0
2024-11-02,SKU_015,94.19213424829807,81.4891997005372,106.91552169656238,0
2024-11-03,SKU_015,79.8328846126057,67.02933135051157,92.74044022656372,0
2024-11-04,SKU_015,67.74247234500767,55.034287485739505,80.20358623879378,0
2024-11-05,SKU_015,67.54336596998417,55.12945005025126,80.92390503597841,0
2024-11-06,SKU_015,80.71002884750314,66.45003439447143,92.13449588495816,0
2024-11-07,SKU_015,95.72123521121091,82.94298116210936,108.58525230480919,0
2024-11-08,SKU_015,105.71971098710208,92.76394673421764,118.67390353863419,0
2024-11-09,SKU_015,97.39650548296981,84.79248130858159,109.83049730954862,0
2024-11-10,SKU_015,82.89498464988176,70.3525227562457,96.41138020173504,0
2024-11-11,SKU_015,70.65204730964112,58.41227206279752,84.45864650749839,0
2024-11-12,SKU_015,70.29215328988289,57.40607435608976,83.25344247822395,0
2024-11-13,SKU_015,83.29210490015038,69.55130210092591,96.0223617008614,0
2024-11-14,SKU_015,98.13331988728191,85.35043671738336,110.54343999084847,0
2024-11-15,SKU_015,107.9614173990017,95.65680716671649,121.46465171127223,0
2024-11-16,SKU_015,99.47052436892614,86.92810090912103,112.33283832646973,0
2024-11-17,SKU_015,84.80719470603,71.89314801931208,98.41633126104101,0
2024-11-18,SKU_015,72.41154468458917,59.717884106383266,86.49522191663642,0
2024-11-19,SKU_015,71.91119573650833,59.27356432285839,84.58331139576582,0
2024-11-20,SKU_015,84.78596853404655,72.29346705498536,98.39487122240553,0
2024-11-21,SKU_015,99.52006907738671,86.40178896477484,111.34759574765542,0
2024-11-22,SKU_015,109.2615909366098,97.10037702915942,122.47278233955893,0
2024-11-23,SKU_015,100.70674364666054,87.69802272288571,113.77228635201227,0
2024-11-24,SKU_015,86.00370210944509,73.1502457899468,98.99992752059205,0
2024-11-25,SKU_015,73.59368267845396,60.656727681819895,85.20465195680407,0
2024-11-26,SKU_015,73.1048391453678,59.914620574556324,86.06628156393467,0
2024-11-27,SKU_015,86.01692420354347,73.50279173764673,98.6101228721806,0
2024-11-28,SKU_015,100.81345840844914,88.1024066586717,113.03893164388508,0
2024-11-29,SKU_015,110.64123166009712,97.67134268215003,122.74260442939693,0
2024-11-30,SKU_015,102.19454762062232,89.31354054323226,115.39323790386595,0
2024-12-01,SKU_015,87.6191058552767,75.33347001692694,100.81640192531626,0
2024-12-02,SKU_015,75.35312682120674,61.88145802442243,86.24966822670511,0
2024-12-03,SKU_015,75.02131189616242,62.446032215379816,87.0870337685859,0
2024-12-04,SKU_015,88.09958254230581,74.6220515679223,100.94472465489552,0
2024-12-05,SKU_015,103.06733873013876,89.68692774512485,116.16160280259811,0
2024-12-06,SKU_015,113.0670593873232,100.15522965954857,126.22941310042212,0
2024-12-07,SKU_015,104.78865271915959,91.83853139832088,117.16521257915325,0
2024-12-08,SKU_015,90.37344839195138,77.71502684591142,102.4617848429033,0
2024-12-09,SKU_015,78.25543374638744,65.94090364507423,91.1526865749959,0
2024-12-10,SKU_015,78.05532320676448,65.5611278492426,90.62135217099004,0
2024-12-11,SKU_015,91.24540196656632,78.85681404396111,103.5795894488285,0
2024-12-12,SKU_015,106.3018811608221,93.98554365188606,119.56991723898258,0
2024-12-13,SKU_015,116.36458456094188,103.51114102503053,129.57485281318273,0
2024-12-14,SKU_015,108.12137217166187,95.35304751955132,120.40769504521268,0
2024-12-15,SKU_015,93.71219059207245,80.89137974228927,106.26985672601852,0
2024-12-16,SKU_015,81.57035057751145,69.36905707644628,93.98419420202504,0
2024-12-17,SKU_015,81.31661968982286,68.95678844558752,93.82970423600514,0
2024-12-18,SKU_015,94.42407032962939,82.45663403399097,107.34813297361488,0
2024-12-19,SKU_015,109.37042009096953,95.71653607045752,121.5256867385631,0
2024-12-20,SKU_015,119.29768473200137,106.41595645443037,131.52699183038686,0
2024-12-21,SKU_015,110.89654992310926,98.0485049136673,123.9841332008895,0
2024-12-22,SKU_015,96.31035292007707,83.45945560893031,108.74965197677875,0
2024-12-23,SKU_015,83.97627635676926,71.50547671620028,95.64200339123434,0
2024-12-24,SKU_015,83.51934422424355,71.47543179576847,96.96804870452421,0
2024-12-25,SKU_015,96.4171628736281,83.19713808372842,110.21094199591745,0
2024-12-26,SKU_015,111.1521468214278,99.14615324620986,123.20462176855615,0
2024-12-27,SKU_015,120.87105270219234,108.07229323969696,133.378514433103,0
2024-12-28,SKU_015,112.2692307106659,99.15597357734492,125.01621962440503,0
2024-12-29,SKU_015,97.49448790475834,85.31563030167776,110.78146316207842,0
2024-12-30,SKU_015,84.98816873377365,72.89193822072411,98.16265318502643,0
2024-12-31,SKU_015,84.37904589310989,70.2487363565787,97.16106342382888,1
2025-01-01,SKU_015,97.14796715113228,83.58323463537866,109.90354530418719,1
2025-01-02,SKU_015,111.78000043343701,99.32078159508328,124.9160484109131,1
2025-01-03,SKU_015,121.42390264101545,108.81854991195463,134.2609504161888,1
2025-01-04,SKU_015,112.77632324675014,99.11294711127479,126.36048172360483,1
2025-01-05,SKU_015,97.98563825980688,84.7909457294676,111.39598252763565,1
2025-01-06,SKU_015,85.493020630657,71.93710844940668,97.8837531818327,1
2025-01-07,SKU_015,84.92634037249985,72.94408584256587,97.56736071278696,1
2025-01-08,SKU_015,97.76483968495047,85.28554804514552,110.6982984071236,1
2025-01-09,SKU_015,112.49132448009158,100.04437322654869,125.19317802429296,1
2025-01-10,SKU_015,122.25169640757596,109.37464955467051,135.3898599754922,1
2025-01-11,SKU_015,113.73923458574359,100.9608431163437,126.16811729994453,1
2025-01-12,SKU_015,99.09852038976852,86.5230220857314,111.56931153913071,1
2025-01-13,SKU_015,86.76660879422914,74.31297463003838,100.4310492760395,1
