date,sku_id,category,demand
2023-01-01,SKU_001,Electronics,334
2023-01-02,SKU_001,Electronics,291
2023-01-03,SKU_001,Electronics,244
2023-01-04,SKU_001,Electronics,212
2023-01-05,SKU_001,Electronics,264
2023-01-06,SKU_001,Electronics,325
2023-01-07,SKU_001,Electronics,335
2023-01-08,SKU_001,Electronics,319
2023-01-09,SKU_001,Electronics,286
2023-01-10,SKU_001,Electronics,242
2023-01-11,SKU_001,Electronics,243
2023-01-12,SKU_001,Electronics,266
2023-01-13,SKU_001,Electronics,293
2023-01-14,SKU_001,Electronics,325
2023-01-15,SKU_001,Electronics,311
2023-01-16,SKU_001,Electronics,244
2023-01-17,SKU_001,Electronics,214
2023-01-18,SKU_001,Electronics,224
2023-01-19,SKU_001,Electronics,274
2023-01-20,SKU_001,Electronics,329
2023-01-21,SKU_001,Electronics,324
2023-01-22,SKU_001,Electronics,318
2023-01-23,SKU_001,Electronics,246
2023-01-24,SKU_001,Electronics,238
2023-01-25,SKU_001,Electronics,233
2023-01-26,SKU_001,Electronics,258
2023-01-27,SKU_001,Electronics,283
2023-01-28,SKU_001,Electronics,334
2023-01-29,SKU_001,Electronics,307
2023-01-30,SKU_001,Electronics,263
2023-01-31,SKU_001,Electronics,222
2023-02-01,SKU_001,Electronics,206
2023-02-02,SKU_001,Electronics,274
2023-02-03,SKU_001,Electronics,264
2023-02-04,SKU_001,Electronics,307
2023-02-05,SKU_001,Electronics,300
2023-02-06,SKU_001,Electronics,260
2023-02-07,SKU_001,Electronics,230
2023-02-08,SKU_001,Electronics,225
2023-02-09,SKU_001,Electronics,232
2023-02-10,SKU_001,Electronics,273
2023-02-11,SKU_001,Electronics,309
2023-02-12,SKU_001,Electronics,281
2023-02-13,SKU_001,Electronics,240
2023-02-14,SKU_001,Electronics,377
2023-02-15,SKU_001,Electronics,222
2023-02-16,SKU_001,Electronics,241
2023-02-17,SKU_001,Electronics,259
2023-02-18,SKU_001,Electronics,301
2023-02-19,SKU_001,Electronics,274
2023-02-20,SKU_001,Electronics,223
2023-02-21,SKU_001,Electronics,216
2023-02-22,SKU_001,Electronics,201
2023-02-23,SKU_001,Electronics,241
2023-02-24,SKU_001,Electronics,250
2023-02-25,SKU_001,Electronics,252
2023-02-26,SKU_001,Electronics,267
2023-02-27,SKU_001,Electronics,210
2023-02-28,SKU_001,Electronics,184
2023-03-01,SKU_001,Electronics,202
2023-03-02,SKU_001,Electronics,234
2023-03-03,SKU_001,Electronics,311
2023-03-04,SKU_001,Electronics,301
2023-03-05,SKU_001,Electronics,267
2023-03-06,SKU_001,Electronics,256
2023-03-07,SKU_001,Electronics,192
2023-03-08,SKU_001,Electronics,185
2023-03-09,SKU_001,Electronics,220
2023-03-10,SKU_001,Electronics,241
2023-03-11,SKU_001,Electronics,253
2023-03-12,SKU_001,Electronics,248
2023-03-13,SKU_001,Electronics,229
2023-03-14,SKU_001,Electronics,167
2023-03-15,SKU_001,Electronics,174
2023-03-16,SKU_001,Electronics,218
2023-03-17,SKU_001,Electronics,270
2023-03-18,SKU_001,Electronics,259
2023-03-19,SKU_001,Electronics,240
2023-03-20,SKU_001,Electronics,201
2023-03-21,SKU_001,Electronics,165
2023-03-22,SKU_001,Electronics,199
2023-03-23,SKU_001,Electronics,229
2023-03-24,SKU_001,Electronics,245
2023-03-25,SKU_001,Electronics,273
2023-03-26,SKU_001,Electronics,236
2023-03-27,SKU_001,Electronics,215
2023-03-28,SKU_001,Electronics,200
2023-03-29,SKU_001,Electronics,156
2023-03-30,SKU_001,Electronics,184
2023-03-31,SKU_001,Electronics,240
2023-04-01,SKU_001,Electronics,234
2023-04-02,SKU_001,Electronics,233
2023-04-03,SKU_001,Electronics,179
2023-04-04,SKU_001,Electronics,150
2023-04-05,SKU_001,Electronics,175
2023-04-06,SKU_001,Electronics,181
2023-04-07,SKU_001,Electronics,237
2023-04-08,SKU_001,Electronics,221
2023-04-09,SKU_001,Electronics,252
2023-04-10,SKU_001,Electronics,182
2023-04-11,SKU_001,Electronics,154
2023-04-12,SKU_001,Electronics,166
2023-04-13,SKU_001,Electronics,170
2023-04-14,SKU_001,Electronics,247
2023-04-15,SKU_001,Electronics,231
2023-04-16,SKU_001,Electronics,233
2023-04-17,SKU_001,Electronics,172
2023-04-18,SKU_001,Electronics,160
2023-04-19,SKU_001,Electronics,159
2023-04-20,SKU_001,Electronics,176
2023-04-21,SKU_001,Electronics,218
2023-04-22,SKU_001,Electronics,223
2023-04-23,SKU_001,Electronics,198
2023-04-24,SKU_001,Electronics,191
2023-04-25,SKU_001,Electronics,128
2023-04-26,SKU_001,Electronics,136
2023-04-27,SKU_001,Electronics,167
2023-04-28,SKU_001,Electronics,230
2023-04-29,SKU_001,Electronics,208
2023-04-30,SKU_001,Electronics,183
2023-05-01,SKU_001,Electronics,144
2023-05-02,SKU_001,Electronics,120
2023-05-03,SKU_001,Electronics,152
2023-05-04,SKU_001,Electronics,162
2023-05-05,SKU_001,Electronics,217
2023-05-06,SKU_001,Electronics,175
2023-05-07,SKU_001,Electronics,185
2023-05-08,SKU_001,Electronics,169
2023-05-09,SKU_001,Electronics,115
2023-05-10,SKU_001,Electronics,143
2023-05-11,SKU_001,Electronics,179
2023-05-12,SKU_001,Electronics,218
2023-05-13,SKU_001,Electronics,218
2023-05-14,SKU_001,Electronics,204
2023-05-15,SKU_001,Electronics,164
2023-05-16,SKU_001,Electronics,153
2023-05-17,SKU_001,Electronics,134
2023-05-18,SKU_001,Electronics,152
2023-05-19,SKU_001,Electronics,188
2023-05-20,SKU_001,Electronics,189
2023-05-21,SKU_001,Electronics,182
2023-05-22,SKU_001,Electronics,154
2023-05-23,SKU_001,Electronics,129
2023-05-24,SKU_001,Electronics,155
2023-05-25,SKU_001,Electronics,151
2023-05-26,SKU_001,Electronics,201
2023-05-27,SKU_001,Electronics,211
2023-05-28,SKU_001,Electronics,190
2023-05-29,SKU_001,Electronics,165
2023-05-30,SKU_001,Electronics,141
2023-05-31,SKU_001,Electronics,119
2023-06-01,SKU_001,Electronics,136
2023-06-02,SKU_001,Electronics,196
2023-06-03,SKU_001,Electronics,207
2023-06-04,SKU_001,Electronics,211
2023-06-05,SKU_001,Electronics,158
2023-06-06,SKU_001,Electronics,136
2023-06-07,SKU_001,Electronics,135
2023-06-08,SKU_001,Electronics,153
2023-06-09,SKU_001,Electronics,192
2023-06-10,SKU_001,Electronics,193
2023-06-11,SKU_001,Electronics,206
2023-06-12,SKU_001,Electronics,137
2023-06-13,SKU_001,Electronics,137
2023-06-14,SKU_001,Electronics,142
2023-06-15,SKU_001,Electronics,148
2023-06-16,SKU_001,Electronics,192
2023-06-17,SKU_001,Electronics,188
2023-06-18,SKU_001,Electronics,166
2023-06-19,SKU_001,Electronics,178
2023-06-20,SKU_001,Electronics,128
2023-06-21,SKU_001,Electronics,134
2023-06-22,SKU_001,Electronics,165
2023-06-23,SKU_001,Electronics,163
2023-06-24,SKU_001,Electronics,200
2023-06-25,SKU_001,Electronics,186
2023-06-26,SKU_001,Electronics,168
2023-06-27,SKU_001,Electronics,132
2023-06-28,SKU_001,Electronics,127
2023-06-29,SKU_001,Electronics,167
2023-06-30,SKU_001,Electronics,175
2023-07-01,SKU_001,Electronics,203
2023-07-02,SKU_001,Electronics,163
2023-07-03,SKU_001,Electronics,142
2023-07-04,SKU_001,Electronics,124
2023-07-05,SKU_001,Electronics,141
2023-07-06,SKU_001,Electronics,162
2023-07-07,SKU_001,Electronics,176
2023-07-08,SKU_001,Electronics,226
2023-07-09,SKU_001,Electronics,196
2023-07-10,SKU_001,Electronics,128
2023-07-11,SKU_001,Electronics,122
2023-07-12,SKU_001,Electronics,147
2023-07-13,SKU_001,Electronics,177
2023-07-14,SKU_001,Electronics,201
2023-07-15,SKU_001,Electronics,195
2023-07-16,SKU_001,Electronics,163
2023-07-17,SKU_001,Electronics,172
2023-07-18,SKU_001,Electronics,122
2023-07-19,SKU_001,Electronics,152
2023-07-20,SKU_001,Electronics,169
2023-07-21,SKU_001,Electronics,226
2023-07-22,SKU_001,Electronics,213
2023-07-23,SKU_001,Electronics,204
2023-07-24,SKU_001,Electronics,153
2023-07-25,SKU_001,Electronics,142
2023-07-26,SKU_001,Electronics,129
2023-07-27,SKU_001,Electronics,162
2023-07-28,SKU_001,Electronics,199
2023-07-29,SKU_001,Electronics,223
2023-07-30,SKU_001,Electronics,200
2023-07-31,SKU_001,Electronics,178
2023-08-01,SKU_001,Electronics,149
2023-08-02,SKU_001,Electronics,154
2023-08-03,SKU_001,Electronics,185
2023-08-04,SKU_001,Electronics,216
2023-08-05,SKU_001,Electronics,238
2023-08-06,SKU_001,Electronics,209
2023-08-07,SKU_001,Electronics,175
2023-08-08,SKU_001,Electronics,177
2023-08-09,SKU_001,Electronics,157
2023-08-10,SKU_001,Electronics,176
2023-08-11,SKU_001,Electronics,217
2023-08-12,SKU_001,Electronics,205
2023-08-13,SKU_001,Electronics,188
2023-08-14,SKU_001,Electronics,181
2023-08-15,SKU_001,Electronics,155
2023-08-16,SKU_001,Electronics,178
2023-08-17,SKU_001,Electronics,174
2023-08-18,SKU_001,Electronics,205
2023-08-19,SKU_001,Electronics,255
2023-08-20,SKU_001,Electronics,236
2023-08-21,SKU_001,Electronics,190
2023-08-22,SKU_001,Electronics,169
2023-08-23,SKU_001,Electronics,155
2023-08-24,SKU_001,Electronics,181
2023-08-25,SKU_001,Electronics,230
2023-08-26,SKU_001,Electronics,264
2023-08-27,SKU_001,Electronics,236
2023-08-28,SKU_001,Electronics,188
2023-08-29,SKU_001,Electronics,143
2023-08-30,SKU_001,Electronics,168
2023-08-31,SKU_001,Electronics,210
2023-09-01,SKU_001,Electronics,218
2023-09-02,SKU_001,Electronics,281
2023-09-03,SKU_001,Electronics,254
2023-09-04,SKU_001,Electronics,223
2023-09-05,SKU_001,Electronics,177
2023-09-06,SKU_001,Electronics,176
2023-09-07,SKU_001,Electronics,214
2023-09-08,SKU_001,Electronics,273
2023-09-09,SKU_001,Electronics,299
2023-09-10,SKU_001,Electronics,276
2023-09-11,SKU_001,Electronics,219
2023-09-12,SKU_001,Electronics,169
2023-09-13,SKU_001,Electronics,214
2023-09-14,SKU_001,Electronics,207
2023-09-15,SKU_001,Electronics,248
2023-09-16,SKU_001,Electronics,314
2023-09-17,SKU_001,Electronics,257
2023-09-18,SKU_001,Electronics,237
2023-09-19,SKU_001,Electronics,196
2023-09-20,SKU_001,Electronics,219
2023-09-21,SKU_001,Electronics,251
2023-09-22,SKU_001,Electronics,286
2023-09-23,SKU_001,Electronics,296
2023-09-24,SKU_001,Electronics,266
2023-09-25,SKU_001,Electronics,248
2023-09-26,SKU_001,Electronics,185
2023-09-27,SKU_001,Electronics,217
2023-09-28,SKU_001,Electronics,254
2023-09-29,SKU_001,Electronics,286
2023-09-30,SKU_001,Electronics,335
2023-10-01,SKU_001,Electronics,241
2023-10-02,SKU_001,Electronics,209
2023-10-03,SKU_001,Electronics,218
2023-10-04,SKU_001,Electronics,224
2023-10-05,SKU_001,Electronics,260
2023-10-06,SKU_001,Electronics,254
2023-10-07,SKU_001,Electronics,321
2023-10-08,SKU_001,Electronics,305
2023-10-09,SKU_001,Electronics,248
2023-10-10,SKU_001,Electronics,225
2023-10-11,SKU_001,Electronics,237
2023-10-12,SKU_001,Electronics,275
2023-10-13,SKU_001,Electronics,307
2023-10-14,SKU_001,Electronics,312
2023-10-15,SKU_001,Electronics,288
2023-10-16,SKU_001,Electronics,253
2023-10-17,SKU_001,Electronics,215
2023-10-18,SKU_001,Electronics,206
2023-10-19,SKU_001,Electronics,268
2023-10-20,SKU_001,Electronics,341
2023-10-21,SKU_001,Electronics,311
2023-10-22,SKU_001,Electronics,280
2023-10-23,SKU_001,Electronics,274
2023-10-24,SKU_001,Electronics,227
2023-10-25,SKU_001,Electronics,243
2023-10-26,SKU_001,Electronics,260
2023-10-27,SKU_001,Electronics,305
2023-10-28,SKU_001,Electronics,372
2023-10-29,SKU_001,Electronics,335
2023-10-30,SKU_001,Electronics,282
2023-10-31,SKU_001,Electronics,224
2023-11-01,SKU_001,Electronics,219
2023-11-02,SKU_001,Electronics,266
2023-11-03,SKU_001,Electronics,344
2023-11-04,SKU_001,Electronics,347
2023-11-05,SKU_001,Electronics,346
2023-11-06,SKU_001,Electronics,284
2023-11-07,SKU_001,Electronics,242
2023-11-08,SKU_001,Electronics,219
2023-11-09,SKU_001,Electronics,270
2023-11-10,SKU_001,Electronics,332
2023-11-11,SKU_001,Electronics,347
2023-11-12,SKU_001,Electronics,310
2023-11-13,SKU_001,Electronics,252
2023-11-14,SKU_001,Electronics,231
2023-11-15,SKU_001,Electronics,242
2023-11-16,SKU_001,Electronics,309
2023-11-17,SKU_001,Electronics,340
2023-11-18,SKU_001,Electronics,354
2023-11-19,SKU_001,Electronics,358
2023-11-20,SKU_001,Electronics,278
2023-11-21,SKU_001,Electronics,237
2023-11-22,SKU_001,Electronics,259
2023-11-23,SKU_001,Electronics,284
2023-11-24,SKU_001,Electronics,695
2023-11-25,SKU_001,Electronics,381
2023-11-26,SKU_001,Electronics,302
2023-11-27,SKU_001,Electronics,324
2023-11-28,SKU_001,Electronics,237
2023-11-29,SKU_001,Electronics,230
2023-11-30,SKU_001,Electronics,282
2023-12-01,SKU_001,Electronics,353
2023-12-02,SKU_001,Electronics,379
2023-12-03,SKU_001,Electronics,365
2023-12-04,SKU_001,Electronics,284
2023-12-05,SKU_001,Electronics,253
2023-12-06,SKU_001,Electronics,271
2023-12-07,SKU_001,Electronics,314
2023-12-08,SKU_001,Electronics,334
2023-12-09,SKU_001,Electronics,364
2023-12-10,SKU_001,Electronics,364
2023-12-11,SKU_001,Electronics,311
2023-12-12,SKU_001,Electronics,279
2023-12-13,SKU_001,Electronics,235
2023-12-14,SKU_001,Electronics,309
2023-12-15,SKU_001,Electronics,327
2023-12-16,SKU_001,Electronics,402
2023-12-17,SKU_001,Electronics,359
2023-12-18,SKU_001,Electronics,261
2023-12-19,SKU_001,Electronics,247
2023-12-20,SKU_001,Electronics,275
2023-12-21,SKU_001,Electronics,304
2023-12-22,SKU_001,Electronics,377
2023-12-23,SKU_001,Electronics,382
2023-12-24,SKU_001,Electronics,347
2023-12-25,SKU_001,Electronics,311
2023-12-26,SKU_001,Electronics,253
2023-12-27,SKU_001,Electronics,257
2023-12-28,SKU_001,Electronics,272
2023-12-29,SKU_001,Electronics,346
2023-12-30,SKU_001,Electronics,354
2023-12-31,SKU_001,Electronics,334
2024-01-01,SKU_001,Electronics,310
2024-01-02,SKU_001,Electronics,250
2024-01-03,SKU_001,Electronics,267
2024-01-04,SKU_001,Electronics,312
2024-01-05,SKU_001,Electronics,322
2024-01-06,SKU_001,Electronics,397
2024-01-07,SKU_001,Electronics,320
2024-01-08,SKU_001,Electronics,308
2024-01-09,SKU_001,Electronics,264
2024-01-10,SKU_001,Electronics,248
2024-01-11,SKU_001,Electronics,300
2024-01-12,SKU_001,Electronics,341
2024-01-13,SKU_001,Electronics,406
2024-01-14,SKU_001,Electronics,327
2024-01-15,SKU_001,Electronics,287
2024-01-16,SKU_001,Electronics,233
2024-01-17,SKU_001,Electronics,242
2024-01-18,SKU_001,Electronics,277
2024-01-19,SKU_001,Electronics,356
2024-01-20,SKU_001,Electronics,351
2024-01-21,SKU_001,Electronics,321
2024-01-22,SKU_001,Electronics,287
2024-01-23,SKU_001,Electronics,209
2024-01-24,SKU_001,Electronics,246
2024-01-25,SKU_001,Electronics,273
2024-01-26,SKU_001,Electronics,351
2024-01-27,SKU_001,Electronics,323
2024-01-28,SKU_001,Electronics,324
2024-01-29,SKU_001,Electronics,257
2024-01-30,SKU_001,Electronics,248
2024-01-31,SKU_001,Electronics,224
2024-02-01,SKU_001,Electronics,262
2024-02-02,SKU_001,Electronics,334
2024-02-03,SKU_001,Electronics,339
2024-02-04,SKU_001,Electronics,323
2024-02-05,SKU_001,Electronics,292
2024-02-06,SKU_001,Electronics,269
2024-02-07,SKU_001,Electronics,260
2024-02-08,SKU_001,Electronics,263
2024-02-09,SKU_001,Electronics,304
2024-02-10,SKU_001,Electronics,341
2024-02-11,SKU_001,Electronics,332
2024-02-12,SKU_001,Electronics,293
2024-02-13,SKU_001,Electronics,233
2024-02-14,SKU_001,Electronics,219
2024-02-15,SKU_001,Electronics,283
2024-02-16,SKU_001,Electronics,314
2024-02-17,SKU_001,Electronics,337
2024-02-18,SKU_001,Electronics,290
2024-02-19,SKU_001,Electronics,302
2024-02-20,SKU_001,Electronics,261
2024-02-21,SKU_001,Electronics,227
2024-02-22,SKU_001,Electronics,249
2024-02-23,SKU_001,Electronics,297
2024-02-24,SKU_001,Electronics,324
2024-02-25,SKU_001,Electronics,305
2024-02-26,SKU_001,Electronics,269
2024-02-27,SKU_001,Electronics,213
2024-02-28,SKU_001,Electronics,212
2024-02-29,SKU_001,Electronics,259
2024-03-01,SKU_001,Electronics,313
2024-03-02,SKU_001,Electronics,347
2024-03-03,SKU_001,Electronics,302
2024-03-04,SKU_001,Electronics,218
2024-03-05,SKU_001,Electronics,194
2024-03-06,SKU_001,Electronics,218
2024-03-07,SKU_001,Electronics,273
2024-03-08,SKU_001,Electronics,300
2024-03-09,SKU_001,Electronics,314
2024-03-10,SKU_001,Electronics,284
2024-03-11,SKU_001,Electronics,234
2024-03-12,SKU_001,Electronics,214
2024-03-13,SKU_001,Electronics,226
2024-03-14,SKU_001,Electronics,245
2024-03-15,SKU_001,Electronics,315
2024-03-16,SKU_001,Electronics,308
2024-03-17,SKU_001,Electronics,279
2024-03-18,SKU_001,Electronics,234
2024-03-19,SKU_001,Electronics,196
2024-03-20,SKU_001,Electronics,192
2024-03-21,SKU_001,Electronics,227
2024-03-22,SKU_001,Electronics,243
2024-03-23,SKU_001,Electronics,293
2024-03-24,SKU_001,Electronics,251
2024-03-25,SKU_001,Electronics,244
2024-03-26,SKU_001,Electronics,199
2024-03-27,SKU_001,Electronics,182
2024-03-28,SKU_001,Electronics,212
2024-03-29,SKU_001,Electronics,286
2024-03-30,SKU_001,Electronics,278
2024-03-31,SKU_001,Electronics,295
2024-04-01,SKU_001,Electronics,206
2024-04-02,SKU_001,Electronics,181
2024-04-03,SKU_001,Electronics,203
2024-04-04,SKU_001,Electronics,212
2024-04-05,SKU_001,Electronics,270
2024-04-06,SKU_001,Electronics,268
2024-04-07,SKU_001,Electronics,254
2024-04-08,SKU_001,Electronics,198
2024-04-09,SKU_001,Electronics,203
2024-04-10,SKU_001,Electronics,189
2024-04-11,SKU_001,Electronics,206
2024-04-12,SKU_001,Electronics,229
2024-04-13,SKU_001,Electronics,246
2024-04-14,SKU_001,Electronics,243
2024-04-15,SKU_001,Electronics,190
2024-04-16,SKU_001,Electronics,189
2024-04-17,SKU_001,Electronics,184
2024-04-18,SKU_001,Electronics,181
2024-04-19,SKU_001,Electronics,212
2024-04-20,SKU_001,Electronics,229
2024-04-21,SKU_001,Electronics,236
2024-04-22,SKU_001,Electronics,178
2024-04-23,SKU_001,Electronics,158
2024-04-24,SKU_001,Electronics,172
2024-04-25,SKU_001,Electronics,208
2024-04-26,SKU_001,Electronics,222
2024-04-27,SKU_001,Electronics,240
2024-04-28,SKU_001,Electronics,200
2024-04-29,SKU_001,Electronics,188
2024-04-30,SKU_001,Electronics,156
2024-05-01,SKU_001,Electronics,175
2024-05-02,SKU_001,Electronics,183
2024-05-03,SKU_001,Electronics,230
2024-05-04,SKU_001,Electronics,232
2024-05-05,SKU_001,Electronics,199
2024-05-06,SKU_001,Electronics,162
2024-05-07,SKU_001,Electronics,158
2024-05-08,SKU_001,Electronics,129
2024-05-09,SKU_001,Electronics,179
2024-05-10,SKU_001,Electronics,228
2024-05-11,SKU_001,Electronics,208
2024-05-12,SKU_001,Electronics,226
2024-05-13,SKU_001,Electronics,193
2024-05-14,SKU_001,Electronics,149
2024-05-15,SKU_001,Electronics,143
2024-05-16,SKU_001,Electronics,177
2024-05-17,SKU_001,Electronics,206
2024-05-18,SKU_001,Electronics,208
2024-05-19,SKU_001,Electronics,217
2024-05-20,SKU_001,Electronics,153
2024-05-21,SKU_001,Electronics,136
2024-05-22,SKU_001,Electronics,134
2024-05-23,SKU_001,Electronics,171
2024-05-24,SKU_001,Electronics,222
2024-05-25,SKU_001,Electronics,204
2024-05-26,SKU_001,Electronics,193
2024-05-27,SKU_001,Electronics,174
2024-05-28,SKU_001,Electronics,160
2024-05-29,SKU_001,Electronics,106
2024-05-30,SKU_001,Electronics,175
2024-05-31,SKU_001,Electronics,190
2024-06-01,SKU_001,Electronics,225
2024-06-02,SKU_001,Electronics,202
2024-06-03,SKU_001,Electronics,161
2024-06-04,SKU_001,Electronics,139
2024-06-05,SKU_001,Electronics,152
2024-06-06,SKU_001,Electronics,188
2024-06-07,SKU_001,Electronics,184
2024-06-08,SKU_001,Electronics,211
2024-06-09,SKU_001,Electronics,226
2024-06-10,SKU_001,Electronics,157
2024-06-11,SKU_001,Electronics,133
2024-06-12,SKU_001,Electronics,134
2024-06-13,SKU_001,Electronics,156
2024-06-14,SKU_001,Electronics,183
2024-06-15,SKU_001,Electronics,230
2024-06-16,SKU_001,Electronics,193
2024-06-17,SKU_001,Electronics,163
2024-06-18,SKU_001,Electronics,149
2024-06-19,SKU_001,Electronics,126
2024-06-20,SKU_001,Electronics,151
2024-06-21,SKU_001,Electronics,180
2024-06-22,SKU_001,Electronics,224
2024-06-23,SKU_001,Electronics,165
2024-06-24,SKU_001,Electronics,163
2024-06-25,SKU_001,Electronics,148
2024-06-26,SKU_001,Electronics,146
2024-06-27,SKU_001,Electronics,167
2024-06-28,SKU_001,Electronics,182
2024-06-29,SKU_001,Electronics,200
2024-06-30,SKU_001,Electronics,220
2024-07-01,SKU_001,Electronics,166
2024-07-02,SKU_001,Electronics,145
2024-07-03,SKU_001,Electronics,170
2024-07-04,SKU_001,Electronics,169
2024-07-05,SKU_001,Electronics,202
2024-07-06,SKU_001,Electronics,217
2024-07-07,SKU_001,Electronics,207
2024-07-08,SKU_001,Electronics,169
2024-07-09,SKU_001,Electronics,131
2024-07-10,SKU_001,Electronics,159
2024-07-11,SKU_001,Electronics,164
2024-07-12,SKU_001,Electronics,220
2024-07-13,SKU_001,Electronics,227
2024-07-14,SKU_001,Electronics,205
2024-07-15,SKU_001,Electronics,182
2024-07-16,SKU_001,Electronics,156
2024-07-17,SKU_001,Electronics,164
2024-07-18,SKU_001,Electronics,181
2024-07-19,SKU_001,Electronics,207
2024-07-20,SKU_001,Electronics,223
2024-07-21,SKU_001,Electronics,205
2024-07-22,SKU_001,Electronics,196
2024-07-23,SKU_001,Electronics,160
2024-07-24,SKU_001,Electronics,146
2024-07-25,SKU_001,Electronics,205
2024-07-26,SKU_001,Electronics,198
2024-07-27,SKU_001,Electronics,235
2024-07-28,SKU_001,Electronics,219
2024-07-29,SKU_001,Electronics,187
2024-07-30,SKU_001,Electronics,176
2024-07-31,SKU_001,Electronics,156
2024-08-01,SKU_001,Electronics,211
2024-08-02,SKU_001,Electronics,229
2024-08-03,SKU_001,Electronics,253
2024-08-04,SKU_001,Electronics,238
2024-08-05,SKU_001,Electronics,201
2024-08-06,SKU_001,Electronics,168
2024-08-07,SKU_001,Electronics,159
2024-08-08,SKU_001,Electronics,185
2024-08-09,SKU_001,Electronics,232
2024-08-10,SKU_001,Electronics,309
2024-08-11,SKU_001,Electronics,246
2024-08-12,SKU_001,Electronics,210
2024-08-13,SKU_001,Electronics,173
2024-08-14,SKU_001,Electronics,210
2024-08-15,SKU_001,Electronics,216
2024-08-16,SKU_001,Electronics,270
2024-08-17,SKU_001,Electronics,295
2024-08-18,SKU_001,Electronics,226
2024-08-19,SKU_001,Electronics,228
2024-08-20,SKU_001,Electronics,184
2024-08-21,SKU_001,Electronics,186
2024-08-22,SKU_001,Electronics,213
2024-08-23,SKU_001,Electronics,239
2024-08-24,SKU_001,Electronics,320
2024-08-25,SKU_001,Electronics,279
2024-08-26,SKU_001,Electronics,201
2024-08-27,SKU_001,Electronics,192
2024-08-28,SKU_001,Electronics,200
2024-08-29,SKU_001,Electronics,222
2024-08-30,SKU_001,Electronics,259
2024-08-31,SKU_001,Electronics,257
2024-09-01,SKU_001,Electronics,283
2024-09-02,SKU_001,Electronics,258
2024-09-03,SKU_001,Electronics,158
2024-09-04,SKU_001,Electronics,186
2024-09-05,SKU_001,Electronics,221
2024-09-06,SKU_001,Electronics,257
2024-09-07,SKU_001,Electronics,279
2024-09-08,SKU_001,Electronics,306
2024-09-09,SKU_001,Electronics,244
2024-09-10,SKU_001,Electronics,219
2024-09-11,SKU_001,Electronics,200
2024-09-12,SKU_001,Electronics,229
2024-09-13,SKU_001,Electronics,323
2024-09-14,SKU_001,Electronics,323
2024-09-15,SKU_001,Electronics,272
2024-09-16,SKU_001,Electronics,255
2024-09-17,SKU_001,Electronics,211
2024-09-18,SKU_001,Electronics,225
2024-09-19,SKU_001,Electronics,283
2024-09-20,SKU_001,Electronics,273
2024-09-21,SKU_001,Electronics,320
2024-09-22,SKU_001,Electronics,298
2024-09-23,SKU_001,Electronics,256
2024-09-24,SKU_001,Electronics,218
2024-09-25,SKU_001,Electronics,227
2024-09-26,SKU_001,Electronics,267
2024-09-27,SKU_001,Electronics,335
2024-09-28,SKU_001,Electronics,294
2024-09-29,SKU_001,Electronics,319
2024-09-30,SKU_001,Electronics,263
2024-10-01,SKU_001,Electronics,248
2024-10-02,SKU_001,Electronics,224
2024-10-03,SKU_001,Electronics,264
2024-10-04,SKU_001,Electronics,337
2024-10-05,SKU_001,Electronics,356
2024-10-06,SKU_001,Electronics,306
2024-10-07,SKU_001,Electronics,254
2024-10-08,SKU_001,Electronics,243
2024-10-09,SKU_001,Electronics,261
2024-10-10,SKU_001,Electronics,255
2024-10-11,SKU_001,Electronics,308
2024-10-12,SKU_001,Electronics,341
2024-10-13,SKU_001,Electronics,358
2024-10-14,SKU_001,Electronics,294
2024-10-15,SKU_001,Electronics,238
2024-10-16,SKU_001,Electronics,226
2024-10-17,SKU_001,Electronics,277
2024-10-18,SKU_001,Electronics,342
2024-10-19,SKU_001,Electronics,328
2024-10-20,SKU_001,Electronics,358
2024-10-21,SKU_001,Electronics,309
2024-10-22,SKU_001,Electronics,268
2024-10-23,SKU_001,Electronics,246
2024-10-24,SKU_001,Electronics,293
2024-10-25,SKU_001,Electronics,333
2024-10-26,SKU_001,Electronics,362
2024-10-27,SKU_001,Electronics,326
2024-10-28,SKU_001,Electronics,289
2024-10-29,SKU_001,Electronics,244
2024-10-30,SKU_001,Electronics,288
2024-10-31,SKU_001,Electronics,309
2024-11-01,SKU_001,Electronics,384
2024-11-02,SKU_001,Electronics,400
2024-11-03,SKU_001,Electronics,326
2024-11-04,SKU_001,Electronics,305
2024-11-05,SKU_001,Electronics,259
2024-11-06,SKU_001,Electronics,266
2024-11-07,SKU_001,Electronics,283
2024-11-08,SKU_001,Electronics,382
2024-11-09,SKU_001,Electronics,418
2024-11-10,SKU_001,Electronics,360
2024-11-11,SKU_001,Electronics,317
2024-11-12,SKU_001,Electronics,261
2024-11-13,SKU_001,Electronics,259
2024-11-14,SKU_001,Electronics,297
2024-11-15,SKU_001,Electronics,413
2024-11-16,SKU_001,Electronics,418
2024-11-17,SKU_001,Electronics,353
2024-11-18,SKU_001,Electronics,335
2024-11-19,SKU_001,Electronics,299
2024-11-20,SKU_001,Electronics,281
2024-11-21,SKU_001,Electronics,304
2024-11-22,SKU_001,Electronics,430
2024-11-23,SKU_001,Electronics,397
2024-11-24,SKU_001,Electronics,362
2024-11-25,SKU_001,Electronics,336
2024-11-26,SKU_001,Electronics,294
2024-11-27,SKU_001,Electronics,261
2024-11-28,SKU_001,Electronics,340
2024-11-29,SKU_001,Electronics,808
2024-11-30,SKU_001,Electronics,398
2024-12-01,SKU_001,Electronics,362
2024-12-02,SKU_001,Electronics,323
2024-12-03,SKU_001,Electronics,285
2024-12-04,SKU_001,Electronics,274
2024-12-05,SKU_001,Electronics,311
2024-12-06,SKU_001,Electronics,398
2024-12-07,SKU_001,Electronics,407
2024-12-08,SKU_001,Electronics,363
2024-12-09,SKU_001,Electronics,314
2024-12-10,SKU_001,Electronics,306
2024-12-11,SKU_001,Electronics,268
2024-12-12,SKU_001,Electronics,313
2024-12-13,SKU_001,Electronics,426
2024-12-14,SKU_001,Electronics,393
2024-12-15,SKU_001,Electronics,379
2024-12-16,SKU_001,Electronics,306
2024-12-17,SKU_001,Electronics,295
2024-12-18,SKU_001,Electronics,309
2024-12-19,SKU_001,Electronics,348
2024-12-20,SKU_001,Electronics,373
2024-12-21,SKU_001,Electronics,427
2024-12-22,SKU_001,Electronics,398
2024-12-23,SKU_001,Electronics,351
2024-12-24,SKU_001,Electronics,293
2024-12-25,SKU_001,Electronics,293
2024-12-26,SKU_001,Electronics,301
2024-12-27,SKU_001,Electronics,384
2024-12-28,SKU_001,Electronics,414
2024-12-29,SKU_001,Electronics,368
2024-12-30,SKU_001,Electronics,335
2023-01-01,SKU_002,Electronics,245
2023-01-02,SKU_002,Electronics,215
2023-01-03,SKU_002,Electronics,168
2023-01-04,SKU_002,Electronics,208
2023-01-05,SKU_002,Electronics,234
2023-01-06,SKU_002,Electronics,250
2023-01-07,SKU_002,Electronics,269
2023-01-08,SKU_002,Electronics,266
2023-01-09,SKU_002,Electronics,229
2023-01-10,SKU_002,Electronics,188
2023-01-11,SKU_002,Electronics,182
2023-01-12,SKU_002,Electronics,250
2023-01-13,SKU_002,Electronics,269
2023-01-14,SKU_002,Electronics,295
2023-01-15,SKU_002,Electronics,279
2023-01-16,SKU_002,Electronics,218
2023-01-17,SKU_002,Electronics,175
2023-01-18,SKU_002,Electronics,194
2023-01-19,SKU_002,Electronics,227
2023-01-20,SKU_002,Electronics,253
2023-01-21,SKU_002,Electronics,277
2023-01-22,SKU_002,Electronics,275
2023-01-23,SKU_002,Electronics,208
2023-01-24,SKU_002,Electronics,204
2023-01-25,SKU_002,Electronics,176
2023-01-26,SKU_002,Electronics,199
2023-01-27,SKU_002,Electronics,228
2023-01-28,SKU_002,Electronics,245
2023-01-29,SKU_002,Electronics,252
2023-01-30,SKU_002,Electronics,216
2023-01-31,SKU_002,Electronics,185
2023-02-01,SKU_002,Electronics,188
2023-02-02,SKU_002,Electronics,202
2023-02-03,SKU_002,Electronics,228
2023-02-04,SKU_002,Electronics,249
2023-02-05,SKU_002,Electronics,231
2023-02-06,SKU_002,Electronics,199
2023-02-07,SKU_002,Electronics,193
2023-02-08,SKU_002,Electronics,187
2023-02-09,SKU_002,Electronics,191
2023-02-10,SKU_002,Electronics,264
2023-02-11,SKU_002,Electronics,258
2023-02-12,SKU_002,Electronics,240
2023-02-13,SKU_002,Electronics,206
2023-02-14,SKU_002,Electronics,155
2023-02-15,SKU_002,Electronics,178
2023-02-16,SKU_002,Electronics,174
2023-02-17,SKU_002,Electronics,230
2023-02-18,SKU_002,Electronics,235
2023-02-19,SKU_002,Electronics,243
2023-02-20,SKU_002,Electronics,211
2023-02-21,SKU_002,Electronics,178
2023-02-22,SKU_002,Electronics,167
2023-02-23,SKU_002,Electronics,219
2023-02-24,SKU_002,Electronics,228
2023-02-25,SKU_002,Electronics,253
2023-02-26,SKU_002,Electronics,226
2023-02-27,SKU_002,Electronics,215
2023-02-28,SKU_002,Electronics,162
2023-03-01,SKU_002,Electronics,160
2023-03-02,SKU_002,Electronics,176
2023-03-03,SKU_002,Electronics,233
2023-03-04,SKU_002,Electronics,217
2023-03-05,SKU_002,Electronics,211
2023-03-06,SKU_002,Electronics,181
2023-03-07,SKU_002,Electronics,158
2023-03-08,SKU_002,Electronics,146
2023-03-09,SKU_002,Electronics,172
2023-03-10,SKU_002,Electronics,220
2023-03-11,SKU_002,Electronics,256
2023-03-12,SKU_002,Electronics,213
2023-03-13,SKU_002,Electronics,171
2023-03-14,SKU_002,Electronics,172
2023-03-15,SKU_002,Electronics,143
2023-03-16,SKU_002,Electronics,178
2023-03-17,SKU_002,Electronics,207
2023-03-18,SKU_002,Electronics,215
2023-03-19,SKU_002,Electronics,198
2023-03-20,SKU_002,Electronics,156
2023-03-21,SKU_002,Electronics,162
2023-03-22,SKU_002,Electronics,137
2023-03-23,SKU_002,Electronics,172
2023-03-24,SKU_002,Electronics,192
2023-03-25,SKU_002,Electronics,219
2023-03-26,SKU_002,Electronics,170
2023-03-27,SKU_002,Electronics,170
2023-03-28,SKU_002,Electronics,157
2023-03-29,SKU_002,Electronics,145
2023-03-30,SKU_002,Electronics,162
2023-03-31,SKU_002,Electronics,214
2023-04-01,SKU_002,Electronics,187
2023-04-02,SKU_002,Electronics,197
2023-04-03,SKU_002,Electronics,165
2023-04-04,SKU_002,Electronics,137
2023-04-05,SKU_002,Electronics,136
2023-04-06,SKU_002,Electronics,148
2023-04-07,SKU_002,Electronics,180
2023-04-08,SKU_002,Electronics,203
2023-04-09,SKU_002,Electronics,196
2023-04-10,SKU_002,Electronics,163
2023-04-11,SKU_002,Electronics,132
2023-04-12,SKU_002,Electronics,123
2023-04-13,SKU_002,Electronics,142
2023-04-14,SKU_002,Electronics,176
2023-04-15,SKU_002,Electronics,222
2023-04-16,SKU_002,Electronics,198
2023-04-17,SKU_002,Electronics,152
2023-04-18,SKU_002,Electronics,142
2023-04-19,SKU_002,Electronics,131
2023-04-20,SKU_002,Electronics,150
2023-04-21,SKU_002,Electronics,183
2023-04-22,SKU_002,Electronics,193
2023-04-23,SKU_002,Electronics,170
2023-04-24,SKU_002,Electronics,154
2023-04-25,SKU_002,Electronics,112
2023-04-26,SKU_002,Electronics,122
2023-04-27,SKU_002,Electronics,151
2023-04-28,SKU_002,Electronics,184
2023-04-29,SKU_002,Electronics,194
2023-04-30,SKU_002,Electronics,170
2023-05-01,SKU_002,Electronics,132
2023-05-02,SKU_002,Electronics,102
2023-05-03,SKU_002,Electronics,114
2023-05-04,SKU_002,Electronics,138
2023-05-05,SKU_002,Electronics,154
2023-05-06,SKU_002,Electronics,188
2023-05-07,SKU_002,Electronics,176
2023-05-08,SKU_002,Electronics,164
2023-05-09,SKU_002,Electronics,116
2023-05-10,SKU_002,Electronics,103
2023-05-11,SKU_002,Electronics,108
2023-05-12,SKU_002,Electronics,142
2023-05-13,SKU_002,Electronics,165
2023-05-14,SKU_002,Electronics,149
2023-05-15,SKU_002,Electronics,137
2023-05-16,SKU_002,Electronics,118
2023-05-17,SKU_002,Electronics,112
2023-05-18,SKU_002,Electronics,143
2023-05-19,SKU_002,Electronics,155
2023-05-20,SKU_002,Electronics,158
2023-05-21,SKU_002,Electronics,135
2023-05-22,SKU_002,Electronics,154
2023-05-23,SKU_002,Electronics,114
2023-05-24,SKU_002,Electronics,104
2023-05-25,SKU_002,Electronics,133
2023-05-26,SKU_002,Electronics,150
2023-05-27,SKU_002,Electronics,146
2023-05-28,SKU_002,Electronics,149
2023-05-29,SKU_002,Electronics,122
2023-05-30,SKU_002,Electronics,96
2023-05-31,SKU_002,Electronics,132
2023-06-01,SKU_002,Electronics,127
2023-06-02,SKU_002,Electronics,147
2023-06-03,SKU_002,Electronics,159
2023-06-04,SKU_002,Electronics,140
2023-06-05,SKU_002,Electronics,140
2023-06-06,SKU_002,Electronics,101
2023-06-07,SKU_002,Electronics,105
2023-06-08,SKU_002,Electronics,119
2023-06-09,SKU_002,Electronics,144
2023-06-10,SKU_002,Electronics,165
2023-06-11,SKU_002,Electronics,154
2023-06-12,SKU_002,Electronics,121
2023-06-13,SKU_002,Electronics,115
2023-06-14,SKU_002,Electronics,104
2023-06-15,SKU_002,Electronics,128
2023-06-16,SKU_002,Electronics,167
2023-06-17,SKU_002,Electronics,141
2023-06-18,SKU_002,Electronics,157
2023-06-19,SKU_002,Electronics,129
2023-06-20,SKU_002,Electronics,103
2023-06-21,SKU_002,Electronics,109
2023-06-22,SKU_002,Electronics,114
2023-06-23,SKU_002,Electronics,140
2023-06-24,SKU_002,Electronics,141
2023-06-25,SKU_002,Electronics,141
2023-06-26,SKU_002,Electronics,119
2023-06-27,SKU_002,Electronics,105
2023-06-28,SKU_002,Electronics,104
2023-06-29,SKU_002,Electronics,109
2023-06-30,SKU_002,Electronics,139
2023-07-01,SKU_002,Electronics,161
2023-07-02,SKU_002,Electronics,144
2023-07-03,SKU_002,Electronics,138
2023-07-04,SKU_002,Electronics,126
2023-07-05,SKU_002,Electronics,120
2023-07-06,SKU_002,Electronics,123
2023-07-07,SKU_002,Electronics,163
2023-07-08,SKU_002,Electronics,169
2023-07-09,SKU_002,Electronics,164
2023-07-10,SKU_002,Electronics,134
2023-07-11,SKU_002,Electronics,96
2023-07-12,SKU_002,Electronics,110
2023-07-13,SKU_002,Electronics,131
2023-07-14,SKU_002,Electronics,152
2023-07-15,SKU_002,Electronics,185
2023-07-16,SKU_002,Electronics,176
2023-07-17,SKU_002,Electronics,128
2023-07-18,SKU_002,Electronics,113
2023-07-19,SKU_002,Electronics,197
2023-07-20,SKU_002,Electronics,224
2023-07-21,SKU_002,Electronics,157
2023-07-22,SKU_002,Electronics,187
2023-07-23,SKU_002,Electronics,163
2023-07-24,SKU_002,Electronics,150
2023-07-25,SKU_002,Electronics,111
2023-07-26,SKU_002,Electronics,104
2023-07-27,SKU_002,Electronics,148
2023-07-28,SKU_002,Electronics,169
2023-07-29,SKU_002,Electronics,152
2023-07-30,SKU_002,Electronics,157
2023-07-31,SKU_002,Electronics,160
2023-08-01,SKU_002,Electronics,117
2023-08-02,SKU_002,Electronics,131
2023-08-03,SKU_002,Electronics,131
2023-08-04,SKU_002,Electronics,188
2023-08-05,SKU_002,Electronics,207
2023-08-06,SKU_002,Electronics,202
2023-08-07,SKU_002,Electronics,142
2023-08-08,SKU_002,Electronics,125
2023-08-09,SKU_002,Electronics,145
2023-08-10,SKU_002,Electronics,158
2023-08-11,SKU_002,Electronics,171
2023-08-12,SKU_002,Electronics,169
2023-08-13,SKU_002,Electronics,190
2023-08-14,SKU_002,Electronics,138
2023-08-15,SKU_002,Electronics,128
2023-08-16,SKU_002,Electronics,126
2023-08-17,SKU_002,Electronics,151
2023-08-18,SKU_002,Electronics,180
2023-08-19,SKU_002,Electronics,188
2023-08-20,SKU_002,Electronics,182
2023-08-21,SKU_002,Electronics,161
2023-08-22,SKU_002,Electronics,133
2023-08-23,SKU_002,Electronics,157
2023-08-24,SKU_002,Electronics,136
2023-08-25,SKU_002,Electronics,190
2023-08-26,SKU_002,Electronics,208
2023-08-27,SKU_002,Electronics,205
2023-08-28,SKU_002,Electronics,175
2023-08-29,SKU_002,Electronics,148
2023-08-30,SKU_002,Electronics,153
2023-08-31,SKU_002,Electronics,185
2023-09-01,SKU_002,Electronics,202
2023-09-02,SKU_002,Electronics,232
2023-09-03,SKU_002,Electronics,199
2023-09-04,SKU_002,Electronics,166
2023-09-05,SKU_002,Electronics,137
2023-09-06,SKU_002,Electronics,167
2023-09-07,SKU_002,Electronics,163
2023-09-08,SKU_002,Electronics,212
2023-09-09,SKU_002,Electronics,214
2023-09-10,SKU_002,Electronics,220
2023-09-11,SKU_002,Electronics,209
2023-09-12,SKU_002,Electronics,154
2023-09-13,SKU_002,Electronics,153
2023-09-14,SKU_002,Electronics,183
2023-09-15,SKU_002,Electronics,220
2023-09-16,SKU_002,Electronics,226
2023-09-17,SKU_002,Electronics,212
2023-09-18,SKU_002,Electronics,172
2023-09-19,SKU_002,Electronics,161
2023-09-20,SKU_002,Electronics,124
2023-09-21,SKU_002,Electronics,185
2023-09-22,SKU_002,Electronics,210
2023-09-23,SKU_002,Electronics,244
2023-09-24,SKU_002,Electronics,230
2023-09-25,SKU_002,Electronics,208
2023-09-26,SKU_002,Electronics,164
2023-09-27,SKU_002,Electronics,184
2023-09-28,SKU_002,Electronics,199
2023-09-29,SKU_002,Electronics,216
2023-09-30,SKU_002,Electronics,260
2023-10-01,SKU_002,Electronics,245
2023-10-02,SKU_002,Electronics,218
2023-10-03,SKU_002,Electronics,151
2023-10-04,SKU_002,Electronics,162
2023-10-05,SKU_002,Electronics,200
2023-10-06,SKU_002,Electronics,240
2023-10-07,SKU_002,Electronics,275
2023-10-08,SKU_002,Electronics,241
2023-10-09,SKU_002,Electronics,214
2023-10-10,SKU_002,Electronics,169
2023-10-11,SKU_002,Electronics,174
2023-10-12,SKU_002,Electronics,208
2023-10-13,SKU_002,Electronics,239
2023-10-14,SKU_002,Electronics,259
2023-10-15,SKU_002,Electronics,271
2023-10-16,SKU_002,Electronics,194
2023-10-17,SKU_002,Electronics,200
2023-10-18,SKU_002,Electronics,168
2023-10-19,SKU_002,Electronics,227
2023-10-20,SKU_002,Electronics,259
2023-10-21,SKU_002,Electronics,266
2023-10-22,SKU_002,Electronics,245
2023-10-23,SKU_002,Electronics,199
2023-10-24,SKU_002,Electronics,193
2023-10-25,SKU_002,Electronics,200
2023-10-26,SKU_002,Electronics,236
2023-10-27,SKU_002,Electronics,264
2023-10-28,SKU_002,Electronics,272
2023-10-29,SKU_002,Electronics,260
2023-10-30,SKU_002,Electronics,224
2023-10-31,SKU_002,Electronics,182
2023-11-01,SKU_002,Electronics,175
2023-11-02,SKU_002,Electronics,239
2023-11-03,SKU_002,Electronics,293
2023-11-04,SKU_002,Electronics,255
2023-11-05,SKU_002,Electronics,276
2023-11-06,SKU_002,Electronics,246
2023-11-07,SKU_002,Electronics,201
2023-11-08,SKU_002,Electronics,202
2023-11-09,SKU_002,Electronics,229
2023-11-10,SKU_002,Electronics,258
2023-11-11,SKU_002,Electronics,292
2023-11-12,SKU_002,Electronics,237
2023-11-13,SKU_002,Electronics,238
2023-11-14,SKU_002,Electronics,208
2023-11-15,SKU_002,Electronics,208
2023-11-16,SKU_002,Electronics,241
2023-11-17,SKU_002,Electronics,283
2023-11-18,SKU_002,Electronics,286
2023-11-19,SKU_002,Electronics,301
2023-11-20,SKU_002,Electronics,213
2023-11-21,SKU_002,Electronics,192
2023-11-22,SKU_002,Electronics,220
2023-11-23,SKU_002,Electronics,243
2023-11-24,SKU_002,Electronics,279
2023-11-25,SKU_002,Electronics,313
2023-11-26,SKU_002,Electronics,276
2023-11-27,SKU_002,Electronics,222
2023-11-28,SKU_002,Electronics,202
2023-11-29,SKU_002,Electronics,207
2023-11-30,SKU_002,Electronics,219
2023-12-01,SKU_002,Electronics,302
2023-12-02,SKU_002,Electronics,319
2023-12-03,SKU_002,Electronics,261
2023-12-04,SKU_002,Electronics,283
2023-12-05,SKU_002,Electronics,229
2023-12-06,SKU_002,Electronics,211
2023-12-07,SKU_002,Electronics,260
2023-12-08,SKU_002,Electronics,276
2023-12-09,SKU_002,Electronics,308
2023-12-10,SKU_002,Electronics,286
2023-12-11,SKU_002,Electronics,223
2023-12-12,SKU_002,Electronics,198
2023-12-13,SKU_002,Electronics,192
2023-12-14,SKU_002,Electronics,247
2023-12-15,SKU_002,Electronics,269
2023-12-16,SKU_002,Electronics,301
2023-12-17,SKU_002,Electronics,316
2023-12-18,SKU_002,Electronics,271
2023-12-19,SKU_002,Electronics,226
2023-12-20,SKU_002,Electronics,215
2023-12-21,SKU_002,Electronics,254
2023-12-22,SKU_002,Electronics,331
2023-12-23,SKU_002,Electronics,323
2023-12-24,SKU_002,Electronics,289
2023-12-25,SKU_002,Electronics,237
2023-12-26,SKU_002,Electronics,211
2023-12-27,SKU_002,Electronics,255
2023-12-28,SKU_002,Electronics,236
2023-12-29,SKU_002,Electronics,290
2023-12-30,SKU_002,Electronics,314
2023-12-31,SKU_002,Electronics,276
2024-01-01,SKU_002,Electronics,242
2024-01-02,SKU_002,Electronics,214
2024-01-03,SKU_002,Electronics,220
2024-01-04,SKU_002,Electronics,248
2024-01-05,SKU_002,Electronics,243
2024-01-06,SKU_002,Electronics,318
2024-01-07,SKU_002,Electronics,287
2024-01-08,SKU_002,Electronics,251
2024-01-09,SKU_002,Electronics,188
2024-01-10,SKU_002,Electronics,182
2024-01-11,SKU_002,Electronics,233
2024-01-12,SKU_002,Electronics,281
2024-01-13,SKU_002,Electronics,309
2024-01-14,SKU_002,Electronics,272
2024-01-15,SKU_002,Electronics,214
2024-01-16,SKU_002,Electronics,201
2024-01-17,SKU_002,Electronics,203
2024-01-18,SKU_002,Electronics,191
2024-01-19,SKU_002,Electronics,285
2024-01-20,SKU_002,Electronics,306
2024-01-21,SKU_002,Electronics,302
2024-01-22,SKU_002,Electronics,236
2024-01-23,SKU_002,Electronics,192
2024-01-24,SKU_002,Electronics,188
2024-01-25,SKU_002,Electronics,237
2024-01-26,SKU_002,Electronics,278
2024-01-27,SKU_002,Electronics,282
2024-01-28,SKU_002,Electronics,246
2024-01-29,SKU_002,Electronics,253
2024-01-30,SKU_002,Electronics,199
2024-01-31,SKU_002,Electronics,196
2024-02-01,SKU_002,Electronics,246
2024-02-02,SKU_002,Electronics,281
2024-02-03,SKU_002,Electronics,291
2024-02-04,SKU_002,Electronics,258
2024-02-05,SKU_002,Electronics,238
2024-02-06,SKU_002,Electronics,201
2024-02-07,SKU_002,Electronics,208
2024-02-08,SKU_002,Electronics,223
2024-02-09,SKU_002,Electronics,259
2024-02-10,SKU_002,Electronics,256
2024-02-11,SKU_002,Electronics,281
2024-02-12,SKU_002,Electronics,217
2024-02-13,SKU_002,Electronics,189
2024-02-14,SKU_002,Electronics,209
2024-02-15,SKU_002,Electronics,223
2024-02-16,SKU_002,Electronics,263
2024-02-17,SKU_002,Electronics,269
2024-02-18,SKU_002,Electronics,259
2024-02-19,SKU_002,Electronics,215
2024-02-20,SKU_002,Electronics,195
2024-02-21,SKU_002,Electronics,197
2024-02-22,SKU_002,Electronics,197
2024-02-23,SKU_002,Electronics,240
2024-02-24,SKU_002,Electronics,253
2024-02-25,SKU_002,Electronics,237
2024-02-26,SKU_002,Electronics,242
2024-02-27,SKU_002,Electronics,198
2024-02-28,SKU_002,Electronics,193
2024-02-29,SKU_002,Electronics,203
2024-03-01,SKU_002,Electronics,252
2024-03-02,SKU_002,Electronics,253
2024-03-03,SKU_002,Electronics,251
2024-03-04,SKU_002,Electronics,225
2024-03-05,SKU_002,Electronics,160
2024-03-06,SKU_002,Electronics,163
2024-03-07,SKU_002,Electronics,219
2024-03-08,SKU_002,Electronics,236
2024-03-09,SKU_002,Electronics,244
2024-03-10,SKU_002,Electronics,217
2024-03-11,SKU_002,Electronics,210
2024-03-12,SKU_002,Electronics,165
2024-03-13,SKU_002,Electronics,170
2024-03-14,SKU_002,Electronics,185
2024-03-15,SKU_002,Electronics,212
2024-03-16,SKU_002,Electronics,252
2024-03-17,SKU_002,Electronics,202
2024-03-18,SKU_002,Electronics,176
2024-03-19,SKU_002,Electronics,158
2024-03-20,SKU_002,Electronics,150
2024-03-21,SKU_002,Electronics,188
2024-03-22,SKU_002,Electronics,207
2024-03-23,SKU_002,Electronics,251
2024-03-24,SKU_002,Electronics,238
2024-03-25,SKU_002,Electronics,202
2024-03-26,SKU_002,Electronics,164
2024-03-27,SKU_002,Electronics,162
2024-03-28,SKU_002,Electronics,161
2024-03-29,SKU_002,Electronics,210
2024-03-30,SKU_002,Electronics,209
2024-03-31,SKU_002,Electronics,231
2024-04-01,SKU_002,Electronics,188
2024-04-02,SKU_002,Electronics,157
2024-04-03,SKU_002,Electronics,142
2024-04-04,SKU_002,Electronics,157
2024-04-05,SKU_002,Electronics,211
2024-04-06,SKU_002,Electronics,204
2024-04-07,SKU_002,Electronics,211
2024-04-08,SKU_002,Electronics,197
2024-04-09,SKU_002,Electronics,160
2024-04-10,SKU_002,Electronics,160
2024-04-11,SKU_002,Electronics,174
2024-04-12,SKU_002,Electronics,205
2024-04-13,SKU_002,Electronics,181
2024-04-14,SKU_002,Electronics,176
2024-04-15,SKU_002,Electronics,159
2024-04-16,SKU_002,Electronics,129
2024-04-17,SKU_002,Electronics,147
2024-04-18,SKU_002,Electronics,155
2024-04-19,SKU_002,Electronics,188
2024-04-20,SKU_002,Electronics,194
2024-04-21,SKU_002,Electronics,188
2024-04-22,SKU_002,Electronics,173
2024-04-23,SKU_002,Electronics,126
2024-04-24,SKU_002,Electronics,135
2024-04-25,SKU_002,Electronics,164
2024-04-26,SKU_002,Electronics,191
2024-04-27,SKU_002,Electronics,191
2024-04-28,SKU_002,Electronics,195
2024-04-29,SKU_002,Electronics,152
2024-04-30,SKU_002,Electronics,121
2024-05-01,SKU_002,Electronics,122
2024-05-02,SKU_002,Electronics,163
2024-05-03,SKU_002,Electronics,174
2024-05-04,SKU_002,Electronics,204
2024-05-05,SKU_002,Electronics,184
2024-05-06,SKU_002,Electronics,159
2024-05-07,SKU_002,Electronics,125
2024-05-08,SKU_002,Electronics,122
2024-05-09,SKU_002,Electronics,145
2024-05-10,SKU_002,Electronics,171
2024-05-11,SKU_002,Electronics,210
2024-05-12,SKU_002,Electronics,177
2024-05-13,SKU_002,Electronics,129
2024-05-14,SKU_002,Electronics,117
2024-05-15,SKU_002,Electronics,125
2024-05-16,SKU_002,Electronics,131
2024-05-17,SKU_002,Electronics,172
2024-05-18,SKU_002,Electronics,182
2024-05-19,SKU_002,Electronics,150
2024-05-20,SKU_002,Electronics,147
2024-05-21,SKU_002,Electronics,126
2024-05-22,SKU_002,Electronics,118
2024-05-23,SKU_002,Electronics,138
2024-05-24,SKU_002,Electronics,205
2024-05-25,SKU_002,Electronics,201
2024-05-26,SKU_002,Electronics,174
2024-05-27,SKU_002,Electronics,142
2024-05-28,SKU_002,Electronics,119
2024-05-29,SKU_002,Electronics,111
2024-05-30,SKU_002,Electronics,126
2024-05-31,SKU_002,Electronics,138
2024-06-01,SKU_002,Electronics,182
2024-06-02,SKU_002,Electronics,159
2024-06-03,SKU_002,Electronics,142
2024-06-04,SKU_002,Electronics,121
2024-06-05,SKU_002,Electronics,124
2024-06-06,SKU_002,Electronics,132
2024-06-07,SKU_002,Electronics,153
2024-06-08,SKU_002,Electronics,187
2024-06-09,SKU_002,Electronics,154
2024-06-10,SKU_002,Electronics,132
2024-06-11,SKU_002,Electronics,105
2024-06-12,SKU_002,Electronics,119
2024-06-13,SKU_002,Electronics,124
2024-06-14,SKU_002,Electronics,143
2024-06-15,SKU_002,Electronics,163
2024-06-16,SKU_002,Electronics,155
2024-06-17,SKU_002,Electronics,140
2024-06-18,SKU_002,Electronics,117
2024-06-19,SKU_002,Electronics,119
2024-06-20,SKU_002,Electronics,144
2024-06-21,SKU_002,Electronics,271
2024-06-22,SKU_002,Electronics,178
2024-06-23,SKU_002,Electronics,144
2024-06-24,SKU_002,Electronics,116
2024-06-25,SKU_002,Electronics,97
2024-06-26,SKU_002,Electronics,107
2024-06-27,SKU_002,Electronics,150
2024-06-28,SKU_002,Electronics,157
2024-06-29,SKU_002,Electronics,178
2024-06-30,SKU_002,Electronics,171
2024-07-01,SKU_002,Electronics,153
2024-07-02,SKU_002,Electronics,112
2024-07-03,SKU_002,Electronics,103
2024-07-04,SKU_002,Electronics,145
2024-07-05,SKU_002,Electronics,145
2024-07-06,SKU_002,Electronics,170
2024-07-07,SKU_002,Electronics,178
2024-07-08,SKU_002,Electronics,135
2024-07-09,SKU_002,Electronics,147
2024-07-10,SKU_002,Electronics,118
2024-07-11,SKU_002,Electronics,141
2024-07-12,SKU_002,Electronics,170
2024-07-13,SKU_002,Electronics,175
2024-07-14,SKU_002,Electronics,162
2024-07-15,SKU_002,Electronics,150
2024-07-16,SKU_002,Electronics,136
2024-07-17,SKU_002,Electronics,118
2024-07-18,SKU_002,Electronics,152
2024-07-19,SKU_002,Electronics,161
2024-07-20,SKU_002,Electronics,183
2024-07-21,SKU_002,Electronics,187
2024-07-22,SKU_002,Electronics,149
2024-07-23,SKU_002,Electronics,149
2024-07-24,SKU_002,Electronics,146
2024-07-25,SKU_002,Electronics,158
2024-07-26,SKU_002,Electronics,185
2024-07-27,SKU_002,Electronics,198
2024-07-28,SKU_002,Electronics,170
2024-07-29,SKU_002,Electronics,159
2024-07-30,SKU_002,Electronics,125
2024-07-31,SKU_002,Electronics,130
2024-08-01,SKU_002,Electronics,154
2024-08-02,SKU_002,Electronics,196
2024-08-03,SKU_002,Electronics,214
2024-08-04,SKU_002,Electronics,182
2024-08-05,SKU_002,Electronics,165
2024-08-06,SKU_002,Electronics,128
2024-08-07,SKU_002,Electronics,145
2024-08-08,SKU_002,Electronics,174
2024-08-09,SKU_002,Electronics,180
2024-08-10,SKU_002,Electronics,209
2024-08-11,SKU_002,Electronics,194
2024-08-12,SKU_002,Electronics,145
2024-08-13,SKU_002,Electronics,135
2024-08-14,SKU_002,Electronics,173
2024-08-15,SKU_002,Electronics,175
2024-08-16,SKU_002,Electronics,194
2024-08-17,SKU_002,Electronics,207
2024-08-18,SKU_002,Electronics,212
2024-08-19,SKU_002,Electronics,172
2024-08-20,SKU_002,Electronics,136
2024-08-21,SKU_002,Electronics,142
2024-08-22,SKU_002,Electronics,161
2024-08-23,SKU_002,Electronics,201
2024-08-24,SKU_002,Electronics,209
2024-08-25,SKU_002,Electronics,213
2024-08-26,SKU_002,Electronics,177
2024-08-27,SKU_002,Electronics,136
2024-08-28,SKU_002,Electronics,165
2024-08-29,SKU_002,Electronics,199
2024-08-30,SKU_002,Electronics,230
2024-08-31,SKU_002,Electronics,224
2024-09-01,SKU_002,Electronics,236
2024-09-02,SKU_002,Electronics,197
2024-09-03,SKU_002,Electronics,178
2024-09-04,SKU_002,Electronics,157
2024-09-05,SKU_002,Electronics,177
2024-09-06,SKU_002,Electronics,198
2024-09-07,SKU_002,Electronics,268
2024-09-08,SKU_002,Electronics,210
2024-09-09,SKU_002,Electronics,199
2024-09-10,SKU_002,Electronics,148
2024-09-11,SKU_002,Electronics,146
2024-09-12,SKU_002,Electronics,206
2024-09-13,SKU_002,Electronics,254
2024-09-14,SKU_002,Electronics,283
2024-09-15,SKU_002,Electronics,237
2024-09-16,SKU_002,Electronics,173
2024-09-17,SKU_002,Electronics,184
2024-09-18,SKU_002,Electronics,159
2024-09-19,SKU_002,Electronics,192
2024-09-20,SKU_002,Electronics,246
2024-09-21,SKU_002,Electronics,268
2024-09-22,SKU_002,Electronics,249
2024-09-23,SKU_002,Electronics,235
2024-09-24,SKU_002,Electronics,206
2024-09-25,SKU_002,Electronics,163
2024-09-26,SKU_002,Electronics,207
2024-09-27,SKU_002,Electronics,267
2024-09-28,SKU_002,Electronics,251
2024-09-29,SKU_002,Electronics,248
2024-09-30,SKU_002,Electronics,208
2024-10-01,SKU_002,Electronics,178
2024-10-02,SKU_002,Electronics,200
2024-10-03,SKU_002,Electronics,202
2024-10-04,SKU_002,Electronics,270
2024-10-05,SKU_002,Electronics,287
2024-10-06,SKU_002,Electronics,261
2024-10-07,SKU_002,Electronics,226
2024-10-08,SKU_002,Electronics,178
2024-10-09,SKU_002,Electronics,228
2024-10-10,SKU_002,Electronics,222
2024-10-11,SKU_002,Electronics,294
2024-10-12,SKU_002,Electronics,318
2024-10-13,SKU_002,Electronics,249
2024-10-14,SKU_002,Electronics,225
2024-10-15,SKU_002,Electronics,219
2024-10-16,SKU_002,Electronics,191
2024-10-17,SKU_002,Electronics,212
2024-10-18,SKU_002,Electronics,281
2024-10-19,SKU_002,Electronics,267
2024-10-20,SKU_002,Electronics,249
2024-10-21,SKU_002,Electronics,231
2024-10-22,SKU_002,Electronics,191
2024-10-23,SKU_002,Electronics,239
2024-10-24,SKU_002,Electronics,248
2024-10-25,SKU_002,Electronics,295
2024-10-26,SKU_002,Electronics,304
2024-10-27,SKU_002,Electronics,278
2024-10-28,SKU_002,Electronics,252
2024-10-29,SKU_002,Electronics,201
2024-10-30,SKU_002,Electronics,197
2024-10-31,SKU_002,Electronics,253
2024-11-01,SKU_002,Electronics,264
2024-11-02,SKU_002,Electronics,305
2024-11-03,SKU_002,Electronics,297
2024-11-04,SKU_002,Electronics,250
2024-11-05,SKU_002,Electronics,227
2024-11-06,SKU_002,Electronics,215
2024-11-07,SKU_002,Electronics,285
2024-11-08,SKU_002,Electronics,309
2024-11-09,SKU_002,Electronics,283
2024-11-10,SKU_002,Electronics,304
2024-11-11,SKU_002,Electronics,285
2024-11-12,SKU_002,Electronics,221
2024-11-13,SKU_002,Electronics,211
2024-11-14,SKU_002,Electronics,268
2024-11-15,SKU_002,Electronics,274
2024-11-16,SKU_002,Electronics,335
2024-11-17,SKU_002,Electronics,310
2024-11-18,SKU_002,Electronics,255
2024-11-19,SKU_002,Electronics,223
2024-11-20,SKU_002,Electronics,255
2024-11-21,SKU_002,Electronics,254
2024-11-22,SKU_002,Electronics,309
2024-11-23,SKU_002,Electronics,317
2024-11-24,SKU_002,Electronics,300
2024-11-25,SKU_002,Electronics,244
2024-11-26,SKU_002,Electronics,226
2024-11-27,SKU_002,Electronics,240
2024-11-28,SKU_002,Electronics,277
2024-11-29,SKU_002,Electronics,259
2024-11-30,SKU_002,Electronics,284
2024-12-01,SKU_002,Electronics,311
2024-12-02,SKU_002,Electronics,268
2024-12-03,SKU_002,Electronics,235
2024-12-04,SKU_002,Electronics,220
2024-12-05,SKU_002,Electronics,270
2024-12-06,SKU_002,Electronics,303
2024-12-07,SKU_002,Electronics,345
2024-12-08,SKU_002,Electronics,291
2024-12-09,SKU_002,Electronics,290
2024-12-10,SKU_002,Electronics,247
2024-12-11,SKU_002,Electronics,229
2024-12-12,SKU_002,Electronics,265
2024-12-13,SKU_002,Electronics,303
2024-12-14,SKU_002,Electronics,368
2024-12-15,SKU_002,Electronics,298
2024-12-16,SKU_002,Electronics,270
2024-12-17,SKU_002,Electronics,227
2024-12-18,SKU_002,Electronics,210
2024-12-19,SKU_002,Electronics,324
2024-12-20,SKU_002,Electronics,283
2024-12-21,SKU_002,Electronics,346
2024-12-22,SKU_002,Electronics,281
2024-12-23,SKU_002,Electronics,268
2024-12-24,SKU_002,Electronics,250
2024-12-25,SKU_002,Electronics,230
2024-12-26,SKU_002,Electronics,267
2024-12-27,SKU_002,Electronics,322
2024-12-28,SKU_002,Electronics,335
2024-12-29,SKU_002,Electronics,303
2024-12-30,SKU_002,Electronics,272
2023-01-01,SKU_003,Electronics,152
2023-01-02,SKU_003,Electronics,122
2023-01-03,SKU_003,Electronics,88
2023-01-04,SKU_003,Electronics,118
2023-01-05,SKU_003,Electronics,118
2023-01-06,SKU_003,Electronics,116
2023-01-07,SKU_003,Electronics,140
2023-01-08,SKU_003,Electronics,128
2023-01-09,SKU_003,Electronics,88
2023-01-10,SKU_003,Electronics,113
2023-01-11,SKU_003,Electronics,104
2023-01-12,SKU_003,Electronics,110
2023-01-13,SKU_003,Electronics,142
2023-01-14,SKU_003,Electronics,168
2023-01-15,SKU_003,Electronics,133
2023-01-16,SKU_003,Electronics,123
2023-01-17,SKU_003,Electronics,102
2023-01-18,SKU_003,Electronics,96
2023-01-19,SKU_003,Electronics,116
2023-01-20,SKU_003,Electronics,136
2023-01-21,SKU_003,Electronics,165
2023-01-22,SKU_003,Electronics,131
2023-01-23,SKU_003,Electronics,125
2023-01-24,SKU_003,Electronics,103
2023-01-25,SKU_003,Electronics,102
2023-01-26,SKU_003,Electronics,102
2023-01-27,SKU_003,Electronics,135
2023-01-28,SKU_003,Electronics,155
2023-01-29,SKU_003,Electronics,116
2023-01-30,SKU_003,Electronics,118
2023-01-31,SKU_003,Electronics,92
2023-02-01,SKU_003,Electronics,92
2023-02-02,SKU_003,Electronics,117
2023-02-03,SKU_003,Electronics,129
2023-02-04,SKU_003,Electronics,144
2023-02-05,SKU_003,Electronics,148
2023-02-06,SKU_003,Electronics,112
2023-02-07,SKU_003,Electronics,94
2023-02-08,SKU_003,Electronics,93
2023-02-09,SKU_003,Electronics,93
2023-02-10,SKU_003,Electronics,127
2023-02-11,SKU_003,Electronics,118
2023-02-12,SKU_003,Electronics,138
2023-02-13,SKU_003,Electronics,83
2023-02-14,SKU_003,Electronics,90
2023-02-15,SKU_003,Electronics,96
2023-02-16,SKU_003,Electronics,96
2023-02-17,SKU_003,Electronics,110
2023-02-18,SKU_003,Electronics,147
2023-02-19,SKU_003,Electronics,138
2023-02-20,SKU_003,Electronics,98
2023-02-21,SKU_003,Electronics,75
2023-02-22,SKU_003,Electronics,100
2023-02-23,SKU_003,Electronics,98
2023-02-24,SKU_003,Electronics,113
2023-02-25,SKU_003,Electronics,127
2023-02-26,SKU_003,Electronics,123
2023-02-27,SKU_003,Electronics,107
2023-02-28,SKU_003,Electronics,100
2023-03-01,SKU_003,Electronics,97
2023-03-02,SKU_003,Electronics,111
2023-03-03,SKU_003,Electronics,125
2023-03-04,SKU_003,Electronics,117
2023-03-05,SKU_003,Electronics,110
2023-03-06,SKU_003,Electronics,108
2023-03-07,SKU_003,Electronics,90
2023-03-08,SKU_003,Electronics,91
2023-03-09,SKU_003,Electronics,93
2023-03-10,SKU_003,Electronics,130
2023-03-11,SKU_003,Electronics,116
2023-03-12,SKU_003,Electronics,121
2023-03-13,SKU_003,Electronics,104
2023-03-14,SKU_003,Electronics,90
2023-03-15,SKU_003,Electronics,101
2023-03-16,SKU_003,Electronics,87
2023-03-17,SKU_003,Electronics,109
2023-03-18,SKU_003,Electronics,137
2023-03-19,SKU_003,Electronics,95
2023-03-20,SKU_003,Electronics,82
2023-03-21,SKU_003,Electronics,82
2023-03-22,SKU_003,Electronics,80
2023-03-23,SKU_003,Electronics,93
2023-03-24,SKU_003,Electronics,101
2023-03-25,SKU_003,Electronics,116
2023-03-26,SKU_003,Electronics,103
2023-03-27,SKU_003,Electronics,93
2023-03-28,SKU_003,Electronics,87
2023-03-29,SKU_003,Electronics,78
2023-03-30,SKU_003,Electronics,89
2023-03-31,SKU_003,Electronics,104
2023-04-01,SKU_003,Electronics,119
2023-04-02,SKU_003,Electronics,110
2023-04-03,SKU_003,Electronics,79
2023-04-04,SKU_003,Electronics,81
2023-04-05,SKU_003,Electronics,68
2023-04-06,SKU_003,Electronics,76
2023-04-07,SKU_003,Electronics,92
2023-04-08,SKU_003,Electronics,98
2023-04-09,SKU_003,Electronics,92
2023-04-10,SKU_003,Electronics,72
2023-04-11,SKU_003,Electronics,81
2023-04-12,SKU_003,Electronics,82
2023-04-13,SKU_003,Electronics,73
2023-04-14,SKU_003,Electronics,86
2023-04-15,SKU_003,Electronics,97
2023-04-16,SKU_003,Electronics,90
2023-04-17,SKU_003,Electronics,74
2023-04-18,SKU_003,Electronics,63
2023-04-19,SKU_003,Electronics,62
2023-04-20,SKU_003,Electronics,84
2023-04-21,SKU_003,Electronics,89
2023-04-22,SKU_003,Electronics,87
2023-04-23,SKU_003,Electronics,86
2023-04-24,SKU_003,Electronics,79
2023-04-25,SKU_003,Electronics,52
2023-04-26,SKU_003,Electronics,71
2023-04-27,SKU_003,Electronics,70
2023-04-28,SKU_003,Electronics,101
2023-04-29,SKU_003,Electronics,96
2023-04-30,SKU_003,Electronics,69
2023-05-01,SKU_003,Electronics,70
2023-05-02,SKU_003,Electronics,62
2023-05-03,SKU_003,Electronics,73
2023-05-04,SKU_003,Electronics,83
2023-05-05,SKU_003,Electronics,92
2023-05-06,SKU_003,Electronics,109
2023-05-07,SKU_003,Electronics,89
2023-05-08,SKU_003,Electronics,82
2023-05-09,SKU_003,Electronics,82
2023-05-10,SKU_003,Electronics,66
2023-05-11,SKU_003,Electronics,73
2023-05-12,SKU_003,Electronics,76
2023-05-13,SKU_003,Electronics,98
2023-05-14,SKU_003,Electronics,74
2023-05-15,SKU_003,Electronics,80
2023-05-16,SKU_003,Electronics,47
2023-05-17,SKU_003,Electronics,54
2023-05-18,SKU_003,Electronics,65
2023-05-19,SKU_003,Electronics,66
2023-05-20,SKU_003,Electronics,85
2023-05-21,SKU_003,Electronics,80
2023-05-22,SKU_003,Electronics,62
2023-05-23,SKU_003,Electronics,73
2023-05-24,SKU_003,Electronics,46
2023-05-25,SKU_003,Electronics,68
2023-05-26,SKU_003,Electronics,84
2023-05-27,SKU_003,Electronics,90
2023-05-28,SKU_003,Electronics,88
2023-05-29,SKU_003,Electronics,73
2023-05-30,SKU_003,Electronics,45
2023-05-31,SKU_003,Electronics,72
2023-06-01,SKU_003,Electronics,68
2023-06-02,SKU_003,Electronics,102
2023-06-03,SKU_003,Electronics,80
2023-06-04,SKU_003,Electronics,71
2023-06-05,SKU_003,Electronics,68
2023-06-06,SKU_003,Electronics,61
2023-06-07,SKU_003,Electronics,55
2023-06-08,SKU_003,Electronics,62
2023-06-09,SKU_003,Electronics,83
2023-06-10,SKU_003,Electronics,101
2023-06-11,SKU_003,Electronics,80
2023-06-12,SKU_003,Electronics,68
2023-06-13,SKU_003,Electronics,55
2023-06-14,SKU_003,Electronics,55
2023-06-15,SKU_003,Electronics,71
2023-06-16,SKU_003,Electronics,86
2023-06-17,SKU_003,Electronics,84
2023-06-18,SKU_003,Electronics,84
2023-06-19,SKU_003,Electronics,61
2023-06-20,SKU_003,Electronics,72
2023-06-21,SKU_003,Electronics,57
2023-06-22,SKU_003,Electronics,65
2023-06-23,SKU_003,Electronics,73
2023-06-24,SKU_003,Electronics,89
2023-06-25,SKU_003,Electronics,87
2023-06-26,SKU_003,Electronics,71
2023-06-27,SKU_003,Electronics,61
2023-06-28,SKU_003,Electronics,77
2023-06-29,SKU_003,Electronics,73
2023-06-30,SKU_003,Electronics,72
2023-07-01,SKU_003,Electronics,83
2023-07-02,SKU_003,Electronics,76
2023-07-03,SKU_003,Electronics,70
2023-07-04,SKU_003,Electronics,66
2023-07-05,SKU_003,Electronics,63
2023-07-06,SKU_003,Electronics,68
2023-07-07,SKU_003,Electronics,85
2023-07-08,SKU_003,Electronics,107
2023-07-09,SKU_003,Electronics,83
2023-07-10,SKU_003,Electronics,72
2023-07-11,SKU_003,Electronics,57
2023-07-12,SKU_003,Electronics,49
2023-07-13,SKU_003,Electronics,75
2023-07-14,SKU_003,Electronics,114
2023-07-15,SKU_003,Electronics,106
2023-07-16,SKU_003,Electronics,72
2023-07-17,SKU_003,Electronics,71
2023-07-18,SKU_003,Electronics,75
2023-07-19,SKU_003,Electronics,57
2023-07-20,SKU_003,Electronics,61
2023-07-21,SKU_003,Electronics,73
2023-07-22,SKU_003,Electronics,97
2023-07-23,SKU_003,Electronics,82
2023-07-24,SKU_003,Electronics,74
2023-07-25,SKU_003,Electronics,63
2023-07-26,SKU_003,Electronics,73
2023-07-27,SKU_003,Electronics,71
2023-07-28,SKU_003,Electronics,88
2023-07-29,SKU_003,Electronics,98
2023-07-30,SKU_003,Electronics,80
2023-07-31,SKU_003,Electronics,71
2023-08-01,SKU_003,Electronics,57
2023-08-02,SKU_003,Electronics,66
2023-08-03,SKU_003,Electronics,77
2023-08-04,SKU_003,Electronics,91
2023-08-05,SKU_003,Electronics,97
2023-08-06,SKU_003,Electronics,87
2023-08-07,SKU_003,Electronics,78
2023-08-08,SKU_003,Electronics,52
2023-08-09,SKU_003,Electronics,59
2023-08-10,SKU_003,Electronics,70
2023-08-11,SKU_003,Electronics,85
2023-08-12,SKU_003,Electronics,114
2023-08-13,SKU_003,Electronics,93
2023-08-14,SKU_003,Electronics,100
2023-08-15,SKU_003,Electronics,54
2023-08-16,SKU_003,Electronics,58
2023-08-17,SKU_003,Electronics,77
2023-08-18,SKU_003,Electronics,103
2023-08-19,SKU_003,Electronics,100
2023-08-20,SKU_003,Electronics,98
2023-08-21,SKU_003,Electronics,82
2023-08-22,SKU_003,Electronics,93
2023-08-23,SKU_003,Electronics,73
2023-08-24,SKU_003,Electronics,69
2023-08-25,SKU_003,Electronics,80
2023-08-26,SKU_003,Electronics,108
2023-08-27,SKU_003,Electronics,86
2023-08-28,SKU_003,Electronics,90
2023-08-29,SKU_003,Electronics,72
2023-08-30,SKU_003,Electronics,68
2023-08-31,SKU_003,Electronics,73
2023-09-01,SKU_003,Electronics,97
2023-09-02,SKU_003,Electronics,96
2023-09-03,SKU_003,Electronics,102
2023-09-04,SKU_003,Electronics,97
2023-09-05,SKU_003,Electronics,89
2023-09-06,SKU_003,Electronics,80
2023-09-07,SKU_003,Electronics,92
2023-09-08,SKU_003,Electronics,98
2023-09-09,SKU_003,Electronics,110
2023-09-10,SKU_003,Electronics,130
2023-09-11,SKU_003,Electronics,96
2023-09-12,SKU_003,Electronics,75
2023-09-13,SKU_003,Electronics,67
2023-09-14,SKU_003,Electronics,88
2023-09-15,SKU_003,Electronics,108
2023-09-16,SKU_003,Electronics,127
2023-09-17,SKU_003,Electronics,114
2023-09-18,SKU_003,Electronics,99
2023-09-19,SKU_003,Electronics,89
2023-09-20,SKU_003,Electronics,73
2023-09-21,SKU_003,Electronics,94
2023-09-22,SKU_003,Electronics,114
2023-09-23,SKU_003,Electronics,125
2023-09-24,SKU_003,Electronics,106
2023-09-25,SKU_003,Electronics,101
2023-09-26,SKU_003,Electronics,80
2023-09-27,SKU_003,Electronics,85
2023-09-28,SKU_003,Electronics,126
2023-09-29,SKU_003,Electronics,124
2023-09-30,SKU_003,Electronics,128
2023-10-01,SKU_003,Electronics,111
2023-10-02,SKU_003,Electronics,91
2023-10-03,SKU_003,Electronics,85
2023-10-04,SKU_003,Electronics,107
2023-10-05,SKU_003,Electronics,104
2023-10-06,SKU_003,Electronics,124
2023-10-07,SKU_003,Electronics,141
2023-10-08,SKU_003,Electronics,115
2023-10-09,SKU_003,Electronics,105
2023-10-10,SKU_003,Electronics,101
2023-10-11,SKU_003,Electronics,96
2023-10-12,SKU_003,Electronics,112
2023-10-13,SKU_003,Electronics,110
2023-10-14,SKU_003,Electronics,122
2023-10-15,SKU_003,Electronics,145
2023-10-16,SKU_003,Electronics,103
2023-10-17,SKU_003,Electronics,100
2023-10-18,SKU_003,Electronics,103
2023-10-19,SKU_003,Electronics,107
2023-10-20,SKU_003,Electronics,137
2023-10-21,SKU_003,Electronics,163
2023-10-22,SKU_003,Electronics,143
2023-10-23,SKU_003,Electronics,134
2023-10-24,SKU_003,Electronics,94
2023-10-25,SKU_003,Electronics,108
2023-10-26,SKU_003,Electronics,126
2023-10-27,SKU_003,Electronics,141
2023-10-28,SKU_003,Electronics,141
2023-10-29,SKU_003,Electronics,156
2023-10-30,SKU_003,Electronics,119
2023-10-31,SKU_003,Electronics,109
2023-11-01,SKU_003,Electronics,100
2023-11-02,SKU_003,Electronics,120
2023-11-03,SKU_003,Electronics,141
2023-11-04,SKU_003,Electronics,159
2023-11-05,SKU_003,Electronics,138
2023-11-06,SKU_003,Electronics,120
2023-11-07,SKU_003,Electronics,102
2023-11-08,SKU_003,Electronics,97
2023-11-09,SKU_003,Electronics,120
2023-11-10,SKU_003,Electronics,147
2023-11-11,SKU_003,Electronics,174
2023-11-12,SKU_003,Electronics,143
2023-11-13,SKU_003,Electronics,124
2023-11-14,SKU_003,Electronics,119
2023-11-15,SKU_003,Electronics,111
2023-11-16,SKU_003,Electronics,126
2023-11-17,SKU_003,Electronics,158
2023-11-18,SKU_003,Electronics,163
2023-11-19,SKU_003,Electronics,156
2023-11-20,SKU_003,Electronics,132
2023-11-21,SKU_003,Electronics,126
2023-11-22,SKU_003,Electronics,93
2023-11-23,SKU_003,Electronics,105
2023-11-24,SKU_003,Electronics,128
2023-11-25,SKU_003,Electronics,161
2023-11-26,SKU_003,Electronics,141
2023-11-27,SKU_003,Electronics,115
2023-11-28,SKU_003,Electronics,99
2023-11-29,SKU_003,Electronics,94
2023-11-30,SKU_003,Electronics,136
2023-12-01,SKU_003,Electronics,138
2023-12-02,SKU_003,Electronics,159
2023-12-03,SKU_003,Electronics,158
2023-12-04,SKU_003,Electronics,127
2023-12-05,SKU_003,Electronics,112
2023-12-06,SKU_003,Electronics,116
2023-12-07,SKU_003,Electronics,117
2023-12-08,SKU_003,Electronics,145
2023-12-09,SKU_003,Electronics,150
2023-12-10,SKU_003,Electronics,155
2023-12-11,SKU_003,Electronics,131
2023-12-12,SKU_003,Electronics,149
2023-12-13,SKU_003,Electronics,118
2023-12-14,SKU_003,Electronics,108
2023-12-15,SKU_003,Electronics,148
2023-12-16,SKU_003,Electronics,164
2023-12-17,SKU_003,Electronics,163
2023-12-18,SKU_003,Electronics,128
2023-12-19,SKU_003,Electronics,118
2023-12-20,SKU_003,Electronics,124
2023-12-21,SKU_003,Electronics,118
2023-12-22,SKU_003,Electronics,146
2023-12-23,SKU_003,Electronics,149
2023-12-24,SKU_003,Electronics,167
2023-12-25,SKU_003,Electronics,157
2023-12-26,SKU_003,Electronics,104
2023-12-27,SKU_003,Electronics,117
2023-12-28,SKU_003,Electronics,126
2023-12-29,SKU_003,Electronics,163
2023-12-30,SKU_003,Electronics,174
2023-12-31,SKU_003,Electronics,140
2024-01-01,SKU_003,Electronics,125
2024-01-02,SKU_003,Electronics,103
2024-01-03,SKU_003,Electronics,114
2024-01-04,SKU_003,Electronics,145
2024-01-05,SKU_003,Electronics,171
2024-01-06,SKU_003,Electronics,139
2024-01-07,SKU_003,Electronics,128
2024-01-08,SKU_003,Electronics,139
2024-01-09,SKU_003,Electronics,108
2024-01-10,SKU_003,Electronics,110
2024-01-11,SKU_003,Electronics,126
2024-01-12,SKU_003,Electronics,151
2024-01-13,SKU_003,Electronics,185
2024-01-14,SKU_003,Electronics,150
2024-01-15,SKU_003,Electronics,118
2024-01-16,SKU_003,Electronics,128
2024-01-17,SKU_003,Electronics,120
2024-01-18,SKU_003,Electronics,137
2024-01-19,SKU_003,Electronics,152
2024-01-20,SKU_003,Electronics,145
2024-01-21,SKU_003,Electronics,122
2024-01-22,SKU_003,Electronics,108
2024-01-23,SKU_003,Electronics,87
2024-01-24,SKU_003,Electronics,118
2024-01-25,SKU_003,Electronics,124
2024-01-26,SKU_003,Electronics,129
2024-01-27,SKU_003,Electronics,157
2024-01-28,SKU_003,Electronics,154
2024-01-29,SKU_003,Electronics,123
2024-01-30,SKU_003,Electronics,94
2024-01-31,SKU_003,Electronics,109
2024-02-01,SKU_003,Electronics,137
2024-02-02,SKU_003,Electronics,170
2024-02-03,SKU_003,Electronics,151
2024-02-04,SKU_003,Electronics,132
2024-02-05,SKU_003,Electronics,128
2024-02-06,SKU_003,Electronics,102
2024-02-07,SKU_003,Electronics,90
2024-02-08,SKU_003,Electronics,112
2024-02-09,SKU_003,Electronics,140
2024-02-10,SKU_003,Electronics,151
2024-02-11,SKU_003,Electronics,146
2024-02-12,SKU_003,Electronics,133
2024-02-13,SKU_003,Electronics,101
2024-02-14,SKU_003,Electronics,91
2024-02-15,SKU_003,Electronics,110
2024-02-16,SKU_003,Electronics,144
2024-02-17,SKU_003,Electronics,133
2024-02-18,SKU_003,Electronics,136
2024-02-19,SKU_003,Electronics,110
2024-02-20,SKU_003,Electronics,87
2024-02-21,SKU_003,Electronics,86
2024-02-22,SKU_003,Electronics,123
2024-02-23,SKU_003,Electronics,131
2024-02-24,SKU_003,Electronics,161
2024-02-25,SKU_003,Electronics,146
2024-02-26,SKU_003,Electronics,107
2024-02-27,SKU_003,Electronics,102
2024-02-28,SKU_003,Electronics,87
2024-02-29,SKU_003,Electronics,111
2024-03-01,SKU_003,Electronics,122
2024-03-02,SKU_003,Electronics,140
2024-03-03,SKU_003,Electronics,130
2024-03-04,SKU_003,Electronics,97
2024-03-05,SKU_003,Electronics,84
2024-03-06,SKU_003,Electronics,86
2024-03-07,SKU_003,Electronics,118
2024-03-08,SKU_003,Electronics,127
2024-03-09,SKU_003,Electronics,145
2024-03-10,SKU_003,Electronics,116
2024-03-11,SKU_003,Electronics,78
2024-03-12,SKU_003,Electronics,75
2024-03-13,SKU_003,Electronics,85
2024-03-14,SKU_003,Electronics,63
2024-03-15,SKU_003,Electronics,76
2024-03-16,SKU_003,Electronics,77
2024-03-17,SKU_003,Electronics,106
2024-03-18,SKU_003,Electronics,98
2024-03-19,SKU_003,Electronics,76
2024-03-20,SKU_003,Electronics,75
2024-03-21,SKU_003,Electronics,115
2024-03-22,SKU_003,Electronics,121
2024-03-23,SKU_003,Electronics,123
2024-03-24,SKU_003,Electronics,116
2024-03-25,SKU_003,Electronics,96
2024-03-26,SKU_003,Electronics,91
2024-03-27,SKU_003,Electronics,94
2024-03-28,SKU_003,Electronics,104
2024-03-29,SKU_003,Electronics,105
2024-03-30,SKU_003,Electronics,120
2024-03-31,SKU_003,Electronics,104
2024-04-01,SKU_003,Electronics,93
2024-04-02,SKU_003,Electronics,91
2024-04-03,SKU_003,Electronics,83
2024-04-04,SKU_003,Electronics,80
2024-04-05,SKU_003,Electronics,105
2024-04-06,SKU_003,Electronics,123
2024-04-07,SKU_003,Electronics,110
2024-04-08,SKU_003,Electronics,103
2024-04-09,SKU_003,Electronics,65
2024-04-10,SKU_003,Electronics,75
2024-04-11,SKU_003,Electronics,97
2024-04-12,SKU_003,Electronics,87
2024-04-13,SKU_003,Electronics,120
2024-04-14,SKU_003,Electronics,111
2024-04-15,SKU_003,Electronics,94
2024-04-16,SKU_003,Electronics,67
2024-04-17,SKU_003,Electronics,81
2024-04-18,SKU_003,Electronics,90
2024-04-19,SKU_003,Electronics,101
2024-04-20,SKU_003,Electronics,112
2024-04-21,SKU_003,Electronics,87
2024-04-22,SKU_003,Electronics,63
2024-04-23,SKU_003,Electronics,68
2024-04-24,SKU_003,Electronics,77
2024-04-25,SKU_003,Electronics,66
2024-04-26,SKU_003,Electronics,90
2024-04-27,SKU_003,Electronics,112
2024-04-28,SKU_003,Electronics,90
2024-04-29,SKU_003,Electronics,71
2024-04-30,SKU_003,Electronics,76
2024-05-01,SKU_003,Electronics,71
2024-05-02,SKU_003,Electronics,75
2024-05-03,SKU_003,Electronics,83
2024-05-04,SKU_003,Electronics,112
2024-05-05,SKU_003,Electronics,104
2024-05-06,SKU_003,Electronics,79
2024-05-07,SKU_003,Electronics,72
2024-05-08,SKU_003,Electronics,72
2024-05-09,SKU_003,Electronics,78
2024-05-10,SKU_003,Electronics,96
2024-05-11,SKU_003,Electronics,89
2024-05-12,SKU_003,Electronics,98
2024-05-13,SKU_003,Electronics,75
2024-05-14,SKU_003,Electronics,62
2024-05-15,SKU_003,Electronics,69
2024-05-16,SKU_003,Electronics,82
2024-05-17,SKU_003,Electronics,101
2024-05-18,SKU_003,Electronics,108
2024-05-19,SKU_003,Electronics,94
2024-05-20,SKU_003,Electronics,71
2024-05-21,SKU_003,Electronics,54
2024-05-22,SKU_003,Electronics,63
2024-05-23,SKU_003,Electronics,78
2024-05-24,SKU_003,Electronics,74
2024-05-25,SKU_003,Electronics,105
2024-05-26,SKU_003,Electronics,78
2024-05-27,SKU_003,Electronics,68
2024-05-28,SKU_003,Electronics,59
2024-05-29,SKU_003,Electronics,67
2024-05-30,SKU_003,Electronics,70
2024-05-31,SKU_003,Electronics,77
2024-06-01,SKU_003,Electronics,83
2024-06-02,SKU_003,Electronics,86
2024-06-03,SKU_003,Electronics,88
2024-06-04,SKU_003,Electronics,58
2024-06-05,SKU_003,Electronics,72
2024-06-06,SKU_003,Electronics,62
2024-06-07,SKU_003,Electronics,84
2024-06-08,SKU_003,Electronics,105
2024-06-09,SKU_003,Electronics,88
2024-06-10,SKU_003,Electronics,72
2024-06-11,SKU_003,Electronics,64
2024-06-12,SKU_003,Electronics,70
2024-06-13,SKU_003,Electronics,84
2024-06-14,SKU_003,Electronics,75
2024-06-15,SKU_003,Electronics,65
2024-06-16,SKU_003,Electronics,90
2024-06-17,SKU_003,Electronics,61
2024-06-18,SKU_003,Electronics,49
2024-06-19,SKU_003,Electronics,79
2024-06-20,SKU_003,Electronics,80
2024-06-21,SKU_003,Electronics,80
2024-06-22,SKU_003,Electronics,104
2024-06-23,SKU_003,Electronics,85
2024-06-24,SKU_003,Electronics,79
2024-06-25,SKU_003,Electronics,61
2024-06-26,SKU_003,Electronics,61
2024-06-27,SKU_003,Electronics,74
2024-06-28,SKU_003,Electronics,82
2024-06-29,SKU_003,Electronics,80
2024-06-30,SKU_003,Electronics,72
2024-07-01,SKU_003,Electronics,65
2024-07-02,SKU_003,Electronics,71
2024-07-03,SKU_003,Electronics,66
2024-07-04,SKU_003,Electronics,76
2024-07-05,SKU_003,Electronics,84
2024-07-06,SKU_003,Electronics,94
2024-07-07,SKU_003,Electronics,87
2024-07-08,SKU_003,Electronics,69
2024-07-09,SKU_003,Electronics,50
2024-07-10,SKU_003,Electronics,73
2024-07-11,SKU_003,Electronics,79
2024-07-12,SKU_003,Electronics,85
2024-07-13,SKU_003,Electronics,92
2024-07-14,SKU_003,Electronics,106
2024-07-15,SKU_003,Electronics,82
2024-07-16,SKU_003,Electronics,56
2024-07-17,SKU_003,Electronics,59
2024-07-18,SKU_003,Electronics,86
2024-07-19,SKU_003,Electronics,75
2024-07-20,SKU_003,Electronics,97
2024-07-21,SKU_003,Electronics,106
2024-07-22,SKU_003,Electronics,71
2024-07-23,SKU_003,Electronics,65
2024-07-24,SKU_003,Electronics,83
2024-07-25,SKU_003,Electronics,80
2024-07-26,SKU_003,Electronics,112
2024-07-27,SKU_003,Electronics,100
2024-07-28,SKU_003,Electronics,101
2024-07-29,SKU_003,Electronics,74
2024-07-30,SKU_003,Electronics,74
2024-07-31,SKU_003,Electronics,69
2024-08-01,SKU_003,Electronics,77
2024-08-02,SKU_003,Electronics,115
2024-08-03,SKU_003,Electronics,100
2024-08-04,SKU_003,Electronics,87
2024-08-05,SKU_003,Electronics,85
2024-08-06,SKU_003,Electronics,68
2024-08-07,SKU_003,Electronics,65
2024-08-08,SKU_003,Electronics,97
2024-08-09,SKU_003,Electronics,100
2024-08-10,SKU_003,Electronics,85
2024-08-11,SKU_003,Electronics,113
2024-08-12,SKU_003,Electronics,86
2024-08-13,SKU_003,Electronics,74
2024-08-14,SKU_003,Electronics,77
2024-08-15,SKU_003,Electronics,90
2024-08-16,SKU_003,Electronics,104
2024-08-17,SKU_003,Electronics,105
2024-08-18,SKU_003,Electronics,108
2024-08-19,SKU_003,Electronics,98
2024-08-20,SKU_003,Electronics,83
2024-08-21,SKU_003,Electronics,77
2024-08-22,SKU_003,Electronics,83
2024-08-23,SKU_003,Electronics,113
2024-08-24,SKU_003,Electronics,124
2024-08-25,SKU_003,Electronics,106
2024-08-26,SKU_003,Electronics,78
2024-08-27,SKU_003,Electronics,70
2024-08-28,SKU_003,Electronics,95
2024-08-29,SKU_003,Electronics,90
2024-08-30,SKU_003,Electronics,111
2024-08-31,SKU_003,Electronics,109
2024-09-01,SKU_003,Electronics,102
2024-09-02,SKU_003,Electronics,89
2024-09-03,SKU_003,Electronics,95
2024-09-04,SKU_003,Electronics,71
2024-09-05,SKU_003,Electronics,100
2024-09-06,SKU_003,Electronics,119
2024-09-07,SKU_003,Electronics,120
2024-09-08,SKU_003,Electronics,126
2024-09-09,SKU_003,Electronics,97
2024-09-10,SKU_003,Electronics,87
2024-09-11,SKU_003,Electronics,87
2024-09-12,SKU_003,Electronics,111
2024-09-13,SKU_003,Electronics,124
2024-09-14,SKU_003,Electronics,123
2024-09-15,SKU_003,Electronics,122
2024-09-16,SKU_003,Electronics,95
2024-09-17,SKU_003,Electronics,95
2024-09-18,SKU_003,Electronics,79
2024-09-19,SKU_003,Electronics,100
2024-09-20,SKU_003,Electronics,127
2024-09-21,SKU_003,Electronics,145
2024-09-22,SKU_003,Electronics,120
2024-09-23,SKU_003,Electronics,126
2024-09-24,SKU_003,Electronics,96
2024-09-25,SKU_003,Electronics,86
2024-09-26,SKU_003,Electronics,119
2024-09-27,SKU_003,Electronics,149
2024-09-28,SKU_003,Electronics,149
2024-09-29,SKU_003,Electronics,119
2024-09-30,SKU_003,Electronics,111
2024-10-01,SKU_003,Electronics,94
2024-10-02,SKU_003,Electronics,107
2024-10-03,SKU_003,Electronics,135
2024-10-04,SKU_003,Electronics,134
2024-10-05,SKU_003,Electronics,139
2024-10-06,SKU_003,Electronics,138
2024-10-07,SKU_003,Electronics,109
2024-10-08,SKU_003,Electronics,109
2024-10-09,SKU_003,Electronics,111
2024-10-10,SKU_003,Electronics,130
2024-10-11,SKU_003,Electronics,147
2024-10-12,SKU_003,Electronics,148
2024-10-13,SKU_003,Electronics,148
2024-10-14,SKU_003,Electronics,136
2024-10-15,SKU_003,Electronics,106
2024-10-16,SKU_003,Electronics,109
2024-10-17,SKU_003,Electronics,129
2024-10-18,SKU_003,Electronics,136
2024-10-19,SKU_003,Electronics,146
2024-10-20,SKU_003,Electronics,163
2024-10-21,SKU_003,Electronics,121
2024-10-22,SKU_003,Electronics,96
2024-10-23,SKU_003,Electronics,108
2024-10-24,SKU_003,Electronics,118
2024-10-25,SKU_003,Electronics,146
2024-10-26,SKU_003,Electronics,166
2024-10-27,SKU_003,Electronics,145
2024-10-28,SKU_003,Electronics,132
2024-10-29,SKU_003,Electronics,110
2024-10-30,SKU_003,Electronics,129
2024-10-31,SKU_003,Electronics,124
2024-11-01,SKU_003,Electronics,147
2024-11-02,SKU_003,Electronics,170
2024-11-03,SKU_003,Electronics,176
2024-11-04,SKU_003,Electronics,139
2024-11-05,SKU_003,Electronics,117
2024-11-06,SKU_003,Electronics,102
2024-11-07,SKU_003,Electronics,128
2024-11-08,SKU_003,Electronics,146
2024-11-09,SKU_003,Electronics,179
2024-11-10,SKU_003,Electronics,127
2024-11-11,SKU_003,Electronics,145
2024-11-12,SKU_003,Electronics,122
2024-11-13,SKU_003,Electronics,107
2024-11-14,SKU_003,Electronics,125
2024-11-15,SKU_003,Electronics,148
2024-11-16,SKU_003,Electronics,171
2024-11-17,SKU_003,Electronics,164
2024-11-18,SKU_003,Electronics,157
2024-11-19,SKU_003,Electronics,132
2024-11-20,SKU_003,Electronics,122
2024-11-21,SKU_003,Electronics,135
2024-11-22,SKU_003,Electronics,166
2024-11-23,SKU_003,Electronics,142
2024-11-24,SKU_003,Electronics,167
2024-11-25,SKU_003,Electronics,156
2024-11-26,SKU_003,Electronics,134
2024-11-27,SKU_003,Electronics,110
2024-11-28,SKU_003,Electronics,133
2024-11-29,SKU_003,Electronics,153
2024-11-30,SKU_003,Electronics,164
2024-12-01,SKU_003,Electronics,167
2024-12-02,SKU_003,Electronics,152
2024-12-03,SKU_003,Electronics,122
2024-12-04,SKU_003,Electronics,123
2024-12-05,SKU_003,Electronics,127
2024-12-06,SKU_003,Electronics,158
2024-12-07,SKU_003,Electronics,200
2024-12-08,SKU_003,Electronics,170
2024-12-09,SKU_003,Electronics,133
2024-12-10,SKU_003,Electronics,114
2024-12-11,SKU_003,Electronics,119
2024-12-12,SKU_003,Electronics,140
2024-12-13,SKU_003,Electronics,160
2024-12-14,SKU_003,Electronics,163
2024-12-15,SKU_003,Electronics,163
2024-12-16,SKU_003,Electronics,164
2024-12-17,SKU_003,Electronics,131
2024-12-18,SKU_003,Electronics,143
2024-12-19,SKU_003,Electronics,138
2024-12-20,SKU_003,Electronics,160
2024-12-21,SKU_003,Electronics,185
2024-12-22,SKU_003,Electronics,180
2024-12-23,SKU_003,Electronics,143
2024-12-24,SKU_003,Electronics,133
2024-12-25,SKU_003,Electronics,109
2024-12-26,SKU_003,Electronics,141
2024-12-27,SKU_003,Electronics,152
2024-12-28,SKU_003,Electronics,181
2024-12-29,SKU_003,Electronics,138
2024-12-30,SKU_003,Electronics,145
2023-01-01,SKU_004,Grocery,624
2023-01-02,SKU_004,Grocery,600
2023-01-03,SKU_004,Grocery,522
2023-01-04,SKU_004,Grocery,457
2023-01-05,SKU_004,Grocery,450
2023-01-06,SKU_004,Grocery,553
2023-01-07,SKU_004,Grocery,538
2023-01-08,SKU_004,Grocery,598
2023-01-09,SKU_004,Grocery,595
2023-01-10,SKU_004,Grocery,505
2023-01-11,SKU_004,Grocery,451
2023-01-12,SKU_004,Grocery,493
2023-01-13,SKU_004,Grocery,547
2023-01-14,SKU_004,Grocery,591
2023-01-15,SKU_004,Grocery,606
2023-01-16,SKU_004,Grocery,529
2023-01-17,SKU_004,Grocery,497
2023-01-18,SKU_004,Grocery,451
2023-01-19,SKU_004,Grocery,424
2023-01-20,SKU_004,Grocery,514
2023-01-21,SKU_004,Grocery,559
2023-01-22,SKU_004,Grocery,564
2023-01-23,SKU_004,Grocery,581
2023-01-24,SKU_004,Grocery,523
2023-01-25,SKU_004,Grocery,422
2023-01-26,SKU_004,Grocery,422
2023-01-27,SKU_004,Grocery,494
2023-01-28,SKU_004,Grocery,568
2023-01-29,SKU_004,Grocery,620
2023-01-30,SKU_004,Grocery,561
2023-01-31,SKU_004,Grocery,458
2023-02-01,SKU_004,Grocery,432
2023-02-02,SKU_004,Grocery,450
2023-02-03,SKU_004,Grocery,467
2023-02-04,SKU_004,Grocery,520
2023-02-05,SKU_004,Grocery,545
2023-02-06,SKU_004,Grocery,499
2023-02-07,SKU_004,Grocery,474
2023-02-08,SKU_004,Grocery,420
2023-02-09,SKU_004,Grocery,417
2023-02-10,SKU_004,Grocery,459
2023-02-11,SKU_004,Grocery,498
2023-02-12,SKU_004,Grocery,522
2023-02-13,SKU_004,Grocery,528
2023-02-14,SKU_004,Grocery,439
2023-02-15,SKU_004,Grocery,396
2023-02-16,SKU_004,Grocery,409
2023-02-17,SKU_004,Grocery,475
2023-02-18,SKU_004,Grocery,497
2023-02-19,SKU_004,Grocery,541
2023-02-20,SKU_004,Grocery,488
2023-02-21,SKU_004,Grocery,443
2023-02-22,SKU_004,Grocery,404
2023-02-23,SKU_004,Grocery,405
2023-02-24,SKU_004,Grocery,419
2023-02-25,SKU_004,Grocery,506
2023-02-26,SKU_004,Grocery,515
2023-02-27,SKU_004,Grocery,522
2023-02-28,SKU_004,Grocery,450
2023-03-01,SKU_004,Grocery,392
2023-03-02,SKU_004,Grocery,403
2023-03-03,SKU_004,Grocery,415
2023-03-04,SKU_004,Grocery,487
2023-03-05,SKU_004,Grocery,508
2023-03-06,SKU_004,Grocery,530
2023-03-07,SKU_004,Grocery,456
2023-03-08,SKU_004,Grocery,380
2023-03-09,SKU_004,Grocery,390
2023-03-10,SKU_004,Grocery,220
2023-03-11,SKU_004,Grocery,307
2023-03-12,SKU_004,Grocery,263
2023-03-13,SKU_004,Grocery,279
2023-03-14,SKU_004,Grocery,412
2023-03-15,SKU_004,Grocery,368
2023-03-16,SKU_004,Grocery,401
2023-03-17,SKU_004,Grocery,436
2023-03-18,SKU_004,Grocery,457
2023-03-19,SKU_004,Grocery,499
2023-03-20,SKU_004,Grocery,485
2023-03-21,SKU_004,Grocery,393
2023-03-22,SKU_004,Grocery,365
2023-03-23,SKU_004,Grocery,359
2023-03-24,SKU_004,Grocery,401
2023-03-25,SKU_004,Grocery,457
2023-03-26,SKU_004,Grocery,449
2023-03-27,SKU_004,Grocery,487
2023-03-28,SKU_004,Grocery,381
2023-03-29,SKU_004,Grocery,367
2023-03-30,SKU_004,Grocery,357
2023-03-31,SKU_004,Grocery,418
2023-04-01,SKU_004,Grocery,437
2023-04-02,SKU_004,Grocery,466
2023-04-03,SKU_004,Grocery,463
2023-04-04,SKU_004,Grocery,419
2023-04-05,SKU_004,Grocery,346
2023-04-06,SKU_004,Grocery,378
2023-04-07,SKU_004,Grocery,382
2023-04-08,SKU_004,Grocery,459
2023-04-09,SKU_004,Grocery,477
2023-04-10,SKU_004,Grocery,477
2023-04-11,SKU_004,Grocery,400
2023-04-12,SKU_004,Grocery,354
2023-04-13,SKU_004,Grocery,340
2023-04-14,SKU_004,Grocery,396
2023-04-15,SKU_004,Grocery,412
2023-04-16,SKU_004,Grocery,489
2023-04-17,SKU_004,Grocery,432
2023-04-18,SKU_004,Grocery,406
2023-04-19,SKU_004,Grocery,352
2023-04-20,SKU_004,Grocery,329
2023-04-21,SKU_004,Grocery,365
2023-04-22,SKU_004,Grocery,414
2023-04-23,SKU_004,Grocery,472
2023-04-24,SKU_004,Grocery,414
2023-04-25,SKU_004,Grocery,348
2023-04-26,SKU_004,Grocery,337
2023-04-27,SKU_004,Grocery,342
2023-04-28,SKU_004,Grocery,375
2023-04-29,SKU_004,Grocery,416
2023-04-30,SKU_004,Grocery,461
2023-05-01,SKU_004,Grocery,438
2023-05-02,SKU_004,Grocery,370
2023-05-03,SKU_004,Grocery,339
2023-05-04,SKU_004,Grocery,329
2023-05-05,SKU_004,Grocery,359
2023-05-06,SKU_004,Grocery,410
2023-05-07,SKU_004,Grocery,436
2023-05-08,SKU_004,Grocery,438
2023-05-09,SKU_004,Grocery,351
2023-05-10,SKU_004,Grocery,329
2023-05-11,SKU_004,Grocery,351
2023-05-12,SKU_004,Grocery,411
2023-05-13,SKU_004,Grocery,461
2023-05-14,SKU_004,Grocery,436
2023-05-15,SKU_004,Grocery,433
2023-05-16,SKU_004,Grocery,387
2023-05-17,SKU_004,Grocery,354
2023-05-18,SKU_004,Grocery,373
2023-05-19,SKU_004,Grocery,349
2023-05-20,SKU_004,Grocery,444
2023-05-21,SKU_004,Grocery,500
2023-05-22,SKU_004,Grocery,446
2023-05-23,SKU_004,Grocery,377
2023-05-24,SKU_004,Grocery,349
2023-05-25,SKU_004,Grocery,370
2023-05-26,SKU_004,Grocery,355
2023-05-27,SKU_004,Grocery,404
2023-05-28,SKU_004,Grocery,459
2023-05-29,SKU_004,Grocery,395
2023-05-30,SKU_004,Grocery,395
2023-05-31,SKU_004,Grocery,338
2023-06-01,SKU_004,Grocery,345
2023-06-02,SKU_004,Grocery,419
2023-06-03,SKU_004,Grocery,439
2023-06-04,SKU_004,Grocery,431
2023-06-05,SKU_004,Grocery,357
2023-06-06,SKU_004,Grocery,371
2023-06-07,SKU_004,Grocery,366
2023-06-08,SKU_004,Grocery,366
2023-06-09,SKU_004,Grocery,377
2023-06-10,SKU_004,Grocery,421
2023-06-11,SKU_004,Grocery,438
2023-06-12,SKU_004,Grocery,460
2023-06-13,SKU_004,Grocery,439
2023-06-14,SKU_004,Grocery,324
2023-06-15,SKU_004,Grocery,319
2023-06-16,SKU_004,Grocery,413
2023-06-17,SKU_004,Grocery,416
2023-06-18,SKU_004,Grocery,481
2023-06-19,SKU_004,Grocery,409
2023-06-20,SKU_004,Grocery,388
2023-06-21,SKU_004,Grocery,330
2023-06-22,SKU_004,Grocery,328
2023-06-23,SKU_004,Grocery,390
2023-06-24,SKU_004,Grocery,441
2023-06-25,SKU_004,Grocery,456
2023-06-26,SKU_004,Grocery,436
2023-06-27,SKU_004,Grocery,388
2023-06-28,SKU_004,Grocery,357
2023-06-29,SKU_004,Grocery,379
2023-06-30,SKU_004,Grocery,388
2023-07-01,SKU_004,Grocery,446
2023-07-02,SKU_004,Grocery,485
2023-07-03,SKU_004,Grocery,460
2023-07-04,SKU_004,Grocery,415
2023-07-05,SKU_004,Grocery,351
2023-07-06,SKU_004,Grocery,356
2023-07-07,SKU_004,Grocery,418
2023-07-08,SKU_004,Grocery,451
2023-07-09,SKU_004,Grocery,500
2023-07-10,SKU_004,Grocery,507
2023-07-11,SKU_004,Grocery,383
2023-07-12,SKU_004,Grocery,408
2023-07-13,SKU_004,Grocery,382
2023-07-14,SKU_004,Grocery,398
2023-07-15,SKU_004,Grocery,448
2023-07-16,SKU_004,Grocery,501
2023-07-17,SKU_004,Grocery,466
2023-07-18,SKU_004,Grocery,448
2023-07-19,SKU_004,Grocery,392
2023-07-20,SKU_004,Grocery,372
2023-07-21,SKU_004,Grocery,432
2023-07-22,SKU_004,Grocery,485
2023-07-23,SKU_004,Grocery,508
2023-07-24,SKU_004,Grocery,495
2023-07-25,SKU_004,Grocery,438
2023-07-26,SKU_004,Grocery,423
2023-07-27,SKU_004,Grocery,395
2023-07-28,SKU_004,Grocery,441
2023-07-29,SKU_004,Grocery,531
2023-07-30,SKU_004,Grocery,529
2023-07-31,SKU_004,Grocery,455
2023-08-01,SKU_004,Grocery,441
2023-08-02,SKU_004,Grocery,387
2023-08-03,SKU_004,Grocery,408
2023-08-04,SKU_004,Grocery,446
2023-08-05,SKU_004,Grocery,517
2023-08-06,SKU_004,Grocery,535
2023-08-07,SKU_004,Grocery,524
2023-08-08,SKU_004,Grocery,471
2023-08-09,SKU_004,Grocery,368
2023-08-10,SKU_004,Grocery,406
2023-08-11,SKU_004,Grocery,456
2023-08-12,SKU_004,Grocery,491
2023-08-13,SKU_004,Grocery,535
2023-08-14,SKU_004,Grocery,474
2023-08-15,SKU_004,Grocery,461
2023-08-16,SKU_004,Grocery,438
2023-08-17,SKU_004,Grocery,429
2023-08-18,SKU_004,Grocery,478
2023-08-19,SKU_004,Grocery,532
2023-08-20,SKU_004,Grocery,599
2023-08-21,SKU_004,Grocery,546
2023-08-22,SKU_004,Grocery,465
2023-08-23,SKU_004,Grocery,464
2023-08-24,SKU_004,Grocery,405
2023-08-25,SKU_004,Grocery,479
2023-08-26,SKU_004,Grocery,551
2023-08-27,SKU_004,Grocery,558
2023-08-28,SKU_004,Grocery,536
2023-08-29,SKU_004,Grocery,501
2023-08-30,SKU_004,Grocery,447
2023-08-31,SKU_004,Grocery,433
2023-09-01,SKU_004,Grocery,496
2023-09-02,SKU_004,Grocery,536
2023-09-03,SKU_004,Grocery,612
2023-09-04,SKU_004,Grocery,596
2023-09-05,SKU_004,Grocery,477
2023-09-06,SKU_004,Grocery,445
2023-09-07,SKU_004,Grocery,412
2023-09-08,SKU_004,Grocery,525
2023-09-09,SKU_004,Grocery,577
2023-09-10,SKU_004,Grocery,608
2023-09-11,SKU_004,Grocery,596
2023-09-12,SKU_004,Grocery,482
2023-09-13,SKU_004,Grocery,485
2023-09-14,SKU_004,Grocery,484
2023-09-15,SKU_004,Grocery,472
2023-09-16,SKU_004,Grocery,588
2023-09-17,SKU_004,Grocery,656
2023-09-18,SKU_004,Grocery,539
2023-09-19,SKU_004,Grocery,541
2023-09-20,SKU_004,Grocery,436
2023-09-21,SKU_004,Grocery,436
2023-09-22,SKU_004,Grocery,545
2023-09-23,SKU_004,Grocery,551
2023-09-24,SKU_004,Grocery,653
2023-09-25,SKU_004,Grocery,611
2023-09-26,SKU_004,Grocery,568
2023-09-27,SKU_004,Grocery,462
2023-09-28,SKU_004,Grocery,489
2023-09-29,SKU_004,Grocery,543
2023-09-30,SKU_004,Grocery,648
2023-10-01,SKU_004,Grocery,656
2023-10-02,SKU_004,Grocery,623
2023-10-03,SKU_004,Grocery,558
2023-10-04,SKU_004,Grocery,448
2023-10-05,SKU_004,Grocery,458
2023-10-06,SKU_004,Grocery,524
2023-10-07,SKU_004,Grocery,573
2023-10-08,SKU_004,Grocery,647
2023-10-09,SKU_004,Grocery,608
2023-10-10,SKU_004,Grocery,537
2023-10-11,SKU_004,Grocery,512
2023-10-12,SKU_004,Grocery,474
2023-10-13,SKU_004,Grocery,530
2023-10-14,SKU_004,Grocery,639
2023-10-15,SKU_004,Grocery,674
2023-10-16,SKU_004,Grocery,623
2023-10-17,SKU_004,Grocery,535
2023-10-18,SKU_004,Grocery,526
2023-10-19,SKU_004,Grocery,519
2023-10-20,SKU_004,Grocery,580
2023-10-21,SKU_004,Grocery,598
2023-10-22,SKU_004,Grocery,685
2023-10-23,SKU_004,Grocery,633
2023-10-24,SKU_004,Grocery,570
2023-10-25,SKU_004,Grocery,495
2023-10-26,SKU_004,Grocery,519
2023-10-27,SKU_004,Grocery,561
2023-10-28,SKU_004,Grocery,650
2023-10-29,SKU_004,Grocery,617
2023-10-30,SKU_004,Grocery,637
2023-10-31,SKU_004,Grocery,575
2023-11-01,SKU_004,Grocery,505
2023-11-02,SKU_004,Grocery,491
2023-11-03,SKU_004,Grocery,553
2023-11-04,SKU_004,Grocery,653
2023-11-05,SKU_004,Grocery,689
2023-11-06,SKU_004,Grocery,629
2023-11-07,SKU_004,Grocery,578
2023-11-08,SKU_004,Grocery,507
2023-11-09,SKU_004,Grocery,517
2023-11-10,SKU_004,Grocery,554
2023-11-11,SKU_004,Grocery,644
2023-11-12,SKU_004,Grocery,708
2023-11-13,SKU_004,Grocery,639
2023-11-14,SKU_004,Grocery,558
2023-11-15,SKU_004,Grocery,491
2023-11-16,SKU_004,Grocery,504
2023-11-17,SKU_004,Grocery,615
2023-11-18,SKU_004,Grocery,602
2023-11-19,SKU_004,Grocery,680
2023-11-20,SKU_004,Grocery,645
2023-11-21,SKU_004,Grocery,573
2023-11-22,SKU_004,Grocery,516
2023-11-23,SKU_004,Grocery,518
2023-11-24,SKU_004,Grocery,591
2023-11-25,SKU_004,Grocery,607
2023-11-26,SKU_004,Grocery,683
2023-11-27,SKU_004,Grocery,605
2023-11-28,SKU_004,Grocery,538
2023-11-29,SKU_004,Grocery,512
2023-11-30,SKU_004,Grocery,519
2023-12-01,SKU_004,Grocery,550
2023-12-02,SKU_004,Grocery,637
2023-12-03,SKU_004,Grocery,651
2023-12-04,SKU_004,Grocery,665
2023-12-05,SKU_004,Grocery,563
2023-12-06,SKU_004,Grocery,471
2023-12-07,SKU_004,Grocery,504
2023-12-08,SKU_004,Grocery,586
2023-12-09,SKU_004,Grocery,602
2023-12-10,SKU_004,Grocery,662
2023-12-11,SKU_004,Grocery,641
2023-12-12,SKU_004,Grocery,543
2023-12-13,SKU_004,Grocery,557
2023-12-14,SKU_004,Grocery,499
2023-12-15,SKU_004,Grocery,539
2023-12-16,SKU_004,Grocery,651
2023-12-17,SKU_004,Grocery,692
2023-12-18,SKU_004,Grocery,623
2023-12-19,SKU_004,Grocery,570
2023-12-20,SKU_004,Grocery,497
2023-12-21,SKU_004,Grocery,516
2023-12-22,SKU_004,Grocery,581
2023-12-23,SKU_004,Grocery,914
2023-12-24,SKU_004,Grocery,955
2023-12-25,SKU_004,Grocery,599
2023-12-26,SKU_004,Grocery,556
2023-12-27,SKU_004,Grocery,500
2023-12-28,SKU_004,Grocery,460
2023-12-29,SKU_004,Grocery,479
2023-12-30,SKU_004,Grocery,561
2023-12-31,SKU_004,Grocery,633
2024-01-01,SKU_004,Grocery,599
2024-01-02,SKU_004,Grocery,535
2024-01-03,SKU_004,Grocery,476
2024-01-04,SKU_004,Grocery,482
2024-01-05,SKU_004,Grocery,546
2024-01-06,SKU_004,Grocery,603
2024-01-07,SKU_004,Grocery,647
2024-01-08,SKU_004,Grocery,621
2024-01-09,SKU_004,Grocery,537
2024-01-10,SKU_004,Grocery,465
2024-01-11,SKU_004,Grocery,538
2024-01-12,SKU_004,Grocery,543
2024-01-13,SKU_004,Grocery,565
2024-01-14,SKU_004,Grocery,622
2024-01-15,SKU_004,Grocery,616
2024-01-16,SKU_004,Grocery,531
2024-01-17,SKU_004,Grocery,410
2024-01-18,SKU_004,Grocery,511
2024-01-19,SKU_004,Grocery,483
2024-01-20,SKU_004,Grocery,587
2024-01-21,SKU_004,Grocery,616
2024-01-22,SKU_004,Grocery,608
2024-01-23,SKU_004,Grocery,507
2024-01-24,SKU_004,Grocery,459
2024-01-25,SKU_004,Grocery,411
2024-01-26,SKU_004,Grocery,515
2024-01-27,SKU_004,Grocery,591
2024-01-28,SKU_004,Grocery,617
2024-01-29,SKU_004,Grocery,534
2024-01-30,SKU_004,Grocery,473
2024-01-31,SKU_004,Grocery,418
2024-02-01,SKU_004,Grocery,468
2024-02-02,SKU_004,Grocery,468
2024-02-03,SKU_004,Grocery,599
2024-02-04,SKU_004,Grocery,575
2024-02-05,SKU_004,Grocery,523
2024-02-06,SKU_004,Grocery,524
2024-02-07,SKU_004,Grocery,417
2024-02-08,SKU_004,Grocery,431
2024-02-09,SKU_004,Grocery,485
2024-02-10,SKU_004,Grocery,538
2024-02-11,SKU_004,Grocery,554
2024-02-12,SKU_004,Grocery,537
2024-02-13,SKU_004,Grocery,503
2024-02-14,SKU_004,Grocery,357
2024-02-15,SKU_004,Grocery,398
2024-02-16,SKU_004,Grocery,481
2024-02-17,SKU_004,Grocery,506
2024-02-18,SKU_004,Grocery,546
2024-02-19,SKU_004,Grocery,528
2024-02-20,SKU_004,Grocery,452
2024-02-21,SKU_004,Grocery,450
2024-02-22,SKU_004,Grocery,434
2024-02-23,SKU_004,Grocery,469
2024-02-24,SKU_004,Grocery,477
2024-02-25,SKU_004,Grocery,522
2024-02-26,SKU_004,Grocery,521
2024-02-27,SKU_004,Grocery,421
2024-02-28,SKU_004,Grocery,405
2024-02-29,SKU_004,Grocery,395
2024-03-01,SKU_004,Grocery,409
2024-03-02,SKU_004,Grocery,515
2024-03-03,SKU_004,Grocery,487
2024-03-04,SKU_004,Grocery,513
2024-03-05,SKU_004,Grocery,447
2024-03-06,SKU_004,Grocery,419
2024-03-07,SKU_004,Grocery,390
2024-03-08,SKU_004,Grocery,431
2024-03-09,SKU_004,Grocery,458
2024-03-10,SKU_004,Grocery,503
2024-03-11,SKU_004,Grocery,486
2024-03-12,SKU_004,Grocery,427
2024-03-13,SKU_004,Grocery,411
2024-03-14,SKU_004,Grocery,344
2024-03-15,SKU_004,Grocery,441
2024-03-16,SKU_004,Grocery,442
2024-03-17,SKU_004,Grocery,490
2024-03-18,SKU_004,Grocery,483
2024-03-19,SKU_004,Grocery,410
2024-03-20,SKU_004,Grocery,391
2024-03-21,SKU_004,Grocery,367
2024-03-22,SKU_004,Grocery,470
2024-03-23,SKU_004,Grocery,451
2024-03-24,SKU_004,Grocery,474
2024-03-25,SKU_004,Grocery,437
2024-03-26,SKU_004,Grocery,421
2024-03-27,SKU_004,Grocery,386
2024-03-28,SKU_004,Grocery,401
2024-03-29,SKU_004,Grocery,431
2024-03-30,SKU_004,Grocery,455
2024-03-31,SKU_004,Grocery,481
2024-04-01,SKU_004,Grocery,458
2024-04-02,SKU_004,Grocery,418
2024-04-03,SKU_004,Grocery,354
2024-04-04,SKU_004,Grocery,389
2024-04-05,SKU_004,Grocery,409
2024-04-06,SKU_004,Grocery,445
2024-04-07,SKU_004,Grocery,470
2024-04-08,SKU_004,Grocery,448
2024-04-09,SKU_004,Grocery,412
2024-04-10,SKU_004,Grocery,349
2024-04-11,SKU_004,Grocery,374
2024-04-12,SKU_004,Grocery,377
2024-04-13,SKU_004,Grocery,461
2024-04-14,SKU_004,Grocery,477
2024-04-15,SKU_004,Grocery,470
2024-04-16,SKU_004,Grocery,374
2024-04-17,SKU_004,Grocery,305
2024-04-18,SKU_004,Grocery,367
2024-04-19,SKU_004,Grocery,389
2024-04-20,SKU_004,Grocery,442
2024-04-21,SKU_004,Grocery,467
2024-04-22,SKU_004,Grocery,415
2024-04-23,SKU_004,Grocery,382
2024-04-24,SKU_004,Grocery,340
2024-04-25,SKU_004,Grocery,332
2024-04-26,SKU_004,Grocery,388
2024-04-27,SKU_004,Grocery,416
2024-04-28,SKU_004,Grocery,455
2024-04-29,SKU_004,Grocery,439
2024-04-30,SKU_004,Grocery,385
2024-05-01,SKU_004,Grocery,343
2024-05-02,SKU_004,Grocery,341
2024-05-03,SKU_004,Grocery,415
2024-05-04,SKU_004,Grocery,455
2024-05-05,SKU_004,Grocery,446
2024-05-06,SKU_004,Grocery,428
2024-05-07,SKU_004,Grocery,404
2024-05-08,SKU_004,Grocery,349
2024-05-09,SKU_004,Grocery,321
2024-05-10,SKU_004,Grocery,388
2024-05-11,SKU_004,Grocery,455
2024-05-12,SKU_004,Grocery,450
2024-05-13,SKU_004,Grocery,466
2024-05-14,SKU_004,Grocery,390
2024-05-15,SKU_004,Grocery,340
2024-05-16,SKU_004,Grocery,367
2024-05-17,SKU_004,Grocery,339
2024-05-18,SKU_004,Grocery,429
2024-05-19,SKU_004,Grocery,416
2024-05-20,SKU_004,Grocery,375
2024-05-21,SKU_004,Grocery,380
2024-05-22,SKU_004,Grocery,347
2024-05-23,SKU_004,Grocery,325
2024-05-24,SKU_004,Grocery,397
2024-05-25,SKU_004,Grocery,450
2024-05-26,SKU_004,Grocery,449
2024-05-27,SKU_004,Grocery,457
2024-05-28,SKU_004,Grocery,384
2024-05-29,SKU_004,Grocery,334
2024-05-30,SKU_004,Grocery,356
2024-05-31,SKU_004,Grocery,359
2024-06-01,SKU_004,Grocery,456
2024-06-02,SKU_004,Grocery,439
2024-06-03,SKU_004,Grocery,438
2024-06-04,SKU_004,Grocery,400
2024-06-05,SKU_004,Grocery,357
2024-06-06,SKU_004,Grocery,339
2024-06-07,SKU_004,Grocery,366
2024-06-08,SKU_004,Grocery,489
2024-06-09,SKU_004,Grocery,476
2024-06-10,SKU_004,Grocery,444
2024-06-11,SKU_004,Grocery,391
2024-06-12,SKU_004,Grocery,335
2024-06-13,SKU_004,Grocery,375
2024-06-14,SKU_004,Grocery,399
2024-06-15,SKU_004,Grocery,471
2024-06-16,SKU_004,Grocery,464
2024-06-17,SKU_004,Grocery,444
2024-06-18,SKU_004,Grocery,397
2024-06-19,SKU_004,Grocery,370
2024-06-20,SKU_004,Grocery,353
2024-06-21,SKU_004,Grocery,376
2024-06-22,SKU_004,Grocery,483
2024-06-23,SKU_004,Grocery,464
2024-06-24,SKU_004,Grocery,455
2024-06-25,SKU_004,Grocery,420
2024-06-26,SKU_004,Grocery,349
2024-06-27,SKU_004,Grocery,354
2024-06-28,SKU_004,Grocery,408
2024-06-29,SKU_004,Grocery,452
2024-06-30,SKU_004,Grocery,488
2024-07-01,SKU_004,Grocery,493
2024-07-02,SKU_004,Grocery,408
2024-07-03,SKU_004,Grocery,373
2024-07-04,SKU_004,Grocery,397
2024-07-05,SKU_004,Grocery,402
2024-07-06,SKU_004,Grocery,458
2024-07-07,SKU_004,Grocery,484
2024-07-08,SKU_004,Grocery,488
2024-07-09,SKU_004,Grocery,430
2024-07-10,SKU_004,Grocery,357
2024-07-11,SKU_004,Grocery,366
2024-07-12,SKU_004,Grocery,399
2024-07-13,SKU_004,Grocery,471
2024-07-14,SKU_004,Grocery,515
2024-07-15,SKU_004,Grocery,506
2024-07-16,SKU_004,Grocery,434
2024-07-17,SKU_004,Grocery,364
2024-07-18,SKU_004,Grocery,369
2024-07-19,SKU_004,Grocery,491
2024-07-20,SKU_004,Grocery,503
2024-07-21,SKU_004,Grocery,517
2024-07-22,SKU_004,Grocery,499
2024-07-23,SKU_004,Grocery,438
2024-07-24,SKU_004,Grocery,423
2024-07-25,SKU_004,Grocery,388
2024-07-26,SKU_004,Grocery,456
2024-07-27,SKU_004,Grocery,467
2024-07-28,SKU_004,Grocery,502
2024-07-29,SKU_004,Grocery,507
2024-07-30,SKU_004,Grocery,447
2024-07-31,SKU_004,Grocery,377
2024-08-01,SKU_004,Grocery,413
2024-08-02,SKU_004,Grocery,457
2024-08-03,SKU_004,Grocery,546
2024-08-04,SKU_004,Grocery,547
2024-08-05,SKU_004,Grocery,548
2024-08-06,SKU_004,Grocery,445
2024-08-07,SKU_004,Grocery,428
2024-08-08,SKU_004,Grocery,429
2024-08-09,SKU_004,Grocery,455
2024-08-10,SKU_004,Grocery,531
2024-08-11,SKU_004,Grocery,573
2024-08-12,SKU_004,Grocery,534
2024-08-13,SKU_004,Grocery,476
2024-08-14,SKU_004,Grocery,409
2024-08-15,SKU_004,Grocery,441
2024-08-16,SKU_004,Grocery,484
2024-08-17,SKU_004,Grocery,527
2024-08-18,SKU_004,Grocery,568
2024-08-19,SKU_004,Grocery,516
2024-08-20,SKU_004,Grocery,507
2024-08-21,SKU_004,Grocery,421
2024-08-22,SKU_004,Grocery,455
2024-08-23,SKU_004,Grocery,520
2024-08-24,SKU_004,Grocery,541
2024-08-25,SKU_004,Grocery,571
2024-08-26,SKU_004,Grocery,590
2024-08-27,SKU_004,Grocery,525
2024-08-28,SKU_004,Grocery,444
2024-08-29,SKU_004,Grocery,441
2024-08-30,SKU_004,Grocery,541
2024-08-31,SKU_004,Grocery,577
2024-09-01,SKU_004,Grocery,624
2024-09-02,SKU_004,Grocery,625
2024-09-03,SKU_004,Grocery,516
2024-09-04,SKU_004,Grocery,477
2024-09-05,SKU_004,Grocery,437
2024-09-06,SKU_004,Grocery,488
2024-09-07,SKU_004,Grocery,601
2024-09-08,SKU_004,Grocery,593
2024-09-09,SKU_004,Grocery,529
2024-09-10,SKU_004,Grocery,507
2024-09-11,SKU_004,Grocery,468
2024-09-12,SKU_004,Grocery,482
2024-09-13,SKU_004,Grocery,522
2024-09-14,SKU_004,Grocery,563
2024-09-15,SKU_004,Grocery,629
2024-09-16,SKU_004,Grocery,635
2024-09-17,SKU_004,Grocery,572
2024-09-18,SKU_004,Grocery,460
2024-09-19,SKU_004,Grocery,492
2024-09-20,SKU_004,Grocery,564
2024-09-21,SKU_004,Grocery,635
2024-09-22,SKU_004,Grocery,611
2024-09-23,SKU_004,Grocery,640
2024-09-24,SKU_004,Grocery,572
2024-09-25,SKU_004,Grocery,482
2024-09-26,SKU_004,Grocery,456
2024-09-27,SKU_004,Grocery,540
2024-09-28,SKU_004,Grocery,623
2024-09-29,SKU_004,Grocery,659
2024-09-30,SKU_004,Grocery,635
2024-10-01,SKU_004,Grocery,559
2024-10-02,SKU_004,Grocery,488
2024-10-03,SKU_004,Grocery,490
2024-10-04,SKU_004,Grocery,577
2024-10-05,SKU_004,Grocery,646
2024-10-06,SKU_004,Grocery,659
2024-10-07,SKU_004,Grocery,661
2024-10-08,SKU_004,Grocery,539
2024-10-09,SKU_004,Grocery,495
2024-10-10,SKU_004,Grocery,483
2024-10-11,SKU_004,Grocery,523
2024-10-12,SKU_004,Grocery,617
2024-10-13,SKU_004,Grocery,687
2024-10-14,SKU_004,Grocery,669
2024-10-15,SKU_004,Grocery,529
2024-10-16,SKU_004,Grocery,520
2024-10-17,SKU_004,Grocery,506
2024-10-18,SKU_004,Grocery,560
2024-10-19,SKU_004,Grocery,621
2024-10-20,SKU_004,Grocery,701
2024-10-21,SKU_004,Grocery,653
2024-10-22,SKU_004,Grocery,546
2024-10-23,SKU_004,Grocery,522
2024-10-24,SKU_004,Grocery,541
2024-10-25,SKU_004,Grocery,593
2024-10-26,SKU_004,Grocery,612
2024-10-27,SKU_004,Grocery,705
2024-10-28,SKU_004,Grocery,624
2024-10-29,SKU_004,Grocery,582
2024-10-30,SKU_004,Grocery,472
2024-10-31,SKU_004,Grocery,552
2024-11-01,SKU_004,Grocery,586
2024-11-02,SKU_004,Grocery,652
2024-11-03,SKU_004,Grocery,692
2024-11-04,SKU_004,Grocery,674
2024-11-05,SKU_004,Grocery,564
2024-11-06,SKU_004,Grocery,487
2024-11-07,SKU_004,Grocery,499
2024-11-08,SKU_004,Grocery,600
2024-11-09,SKU_004,Grocery,627
2024-11-10,SKU_004,Grocery,677
2024-11-11,SKU_004,Grocery,654
2024-11-12,SKU_004,Grocery,590
2024-11-13,SKU_004,Grocery,512
2024-11-14,SKU_004,Grocery,527
2024-11-15,SKU_004,Grocery,584
2024-11-16,SKU_004,Grocery,631
2024-11-17,SKU_004,Grocery,741
2024-11-18,SKU_004,Grocery,658
2024-11-19,SKU_004,Grocery,574
2024-11-20,SKU_004,Grocery,550
2024-11-21,SKU_004,Grocery,514
2024-11-22,SKU_004,Grocery,566
2024-11-23,SKU_004,Grocery,670
2024-11-24,SKU_004,Grocery,664
2024-11-25,SKU_004,Grocery,649
2024-11-26,SKU_004,Grocery,550
2024-11-27,SKU_004,Grocery,522
2024-11-28,SKU_004,Grocery,488
2024-11-29,SKU_004,Grocery,562
2024-11-30,SKU_004,Grocery,659
2024-12-01,SKU_004,Grocery,702
2024-12-02,SKU_004,Grocery,658
2024-12-03,SKU_004,Grocery,566
2024-12-04,SKU_004,Grocery,507
2024-12-05,SKU_004,Grocery,507
2024-12-06,SKU_004,Grocery,504
2024-12-07,SKU_004,Grocery,666
2024-12-08,SKU_004,Grocery,704
2024-12-09,SKU_004,Grocery,675
2024-12-10,SKU_004,Grocery,533
2024-12-11,SKU_004,Grocery,530
2024-12-12,SKU_004,Grocery,514
2024-12-13,SKU_004,Grocery,519
2024-12-14,SKU_004,Grocery,601
2024-12-15,SKU_004,Grocery,681
2024-12-16,SKU_004,Grocery,636
2024-12-17,SKU_004,Grocery,584
2024-12-18,SKU_004,Grocery,500
2024-12-19,SKU_004,Grocery,524
2024-12-20,SKU_004,Grocery,555
2024-12-21,SKU_004,Grocery,674
2024-12-22,SKU_004,Grocery,652
2024-12-23,SKU_004,Grocery,659
2024-12-24,SKU_004,Grocery,895
2024-12-25,SKU_004,Grocery,488
2024-12-26,SKU_004,Grocery,495
2024-12-27,SKU_004,Grocery,555
2024-12-28,SKU_004,Grocery,618
2024-12-29,SKU_004,Grocery,646
2024-12-30,SKU_004,Grocery,615
2023-01-01,SKU_005,Grocery,545
2023-01-02,SKU_005,Grocery,520
2023-01-03,SKU_005,Grocery,447
2023-01-04,SKU_005,Grocery,417
2023-01-05,SKU_005,Grocery,393
2023-01-06,SKU_005,Grocery,460
2023-01-07,SKU_005,Grocery,512
2023-01-08,SKU_005,Grocery,548
2023-01-09,SKU_005,Grocery,505
2023-01-10,SKU_005,Grocery,436
2023-01-11,SKU_005,Grocery,394
2023-01-12,SKU_005,Grocery,421
2023-01-13,SKU_005,Grocery,440
2023-01-14,SKU_005,Grocery,490
2023-01-15,SKU_005,Grocery,494
2023-01-16,SKU_005,Grocery,482
2023-01-17,SKU_005,Grocery,434
2023-01-18,SKU_005,Grocery,395
2023-01-19,SKU_005,Grocery,395
2023-01-20,SKU_005,Grocery,430
2023-01-21,SKU_005,Grocery,490
2023-01-22,SKU_005,Grocery,517
2023-01-23,SKU_005,Grocery,483
2023-01-24,SKU_005,Grocery,420
2023-01-25,SKU_005,Grocery,339
2023-01-26,SKU_005,Grocery,392
2023-01-27,SKU_005,Grocery,428
2023-01-28,SKU_005,Grocery,457
2023-01-29,SKU_005,Grocery,513
2023-01-30,SKU_005,Grocery,446
2023-01-31,SKU_005,Grocery,400
2023-02-01,SKU_005,Grocery,354
2023-02-02,SKU_005,Grocery,338
2023-02-03,SKU_005,Grocery,414
2023-02-04,SKU_005,Grocery,467
2023-02-05,SKU_005,Grocery,498
2023-02-06,SKU_005,Grocery,474
2023-02-07,SKU_005,Grocery,404
2023-02-08,SKU_005,Grocery,347
2023-02-09,SKU_005,Grocery,372
2023-02-10,SKU_005,Grocery,364
2023-02-11,SKU_005,Grocery,449
2023-02-12,SKU_005,Grocery,472
2023-02-13,SKU_005,Grocery,459
2023-02-14,SKU_005,Grocery,405
2023-02-15,SKU_005,Grocery,318
2023-02-16,SKU_005,Grocery,332
2023-02-17,SKU_005,Grocery,430
2023-02-18,SKU_005,Grocery,450
2023-02-19,SKU_005,Grocery,457
2023-02-20,SKU_005,Grocery,453
2023-02-21,SKU_005,Grocery,387
2023-02-22,SKU_005,Grocery,361
2023-02-23,SKU_005,Grocery,359
2023-02-24,SKU_005,Grocery,394
2023-02-25,SKU_005,Grocery,450
2023-02-26,SKU_005,Grocery,445
2023-02-27,SKU_005,Grocery,417
2023-02-28,SKU_005,Grocery,394
2023-03-01,SKU_005,Grocery,334
2023-03-02,SKU_005,Grocery,328
2023-03-03,SKU_005,Grocery,361
2023-03-04,SKU_005,Grocery,407
2023-03-05,SKU_005,Grocery,448
2023-03-06,SKU_005,Grocery,429
2023-03-07,SKU_005,Grocery,401
2023-03-08,SKU_005,Grocery,296
2023-03-09,SKU_005,Grocery,340
2023-03-10,SKU_005,Grocery,369
2023-03-11,SKU_005,Grocery,406
2023-03-12,SKU_005,Grocery,447
2023-03-13,SKU_005,Grocery,424
2023-03-14,SKU_005,Grocery,367
2023-03-15,SKU_005,Grocery,298
2023-03-16,SKU_005,Grocery,333
2023-03-17,SKU_005,Grocery,346
2023-03-18,SKU_005,Grocery,396
2023-03-19,SKU_005,Grocery,415
2023-03-20,SKU_005,Grocery,406
2023-03-21,SKU_005,Grocery,324
2023-03-22,SKU_005,Grocery,317
2023-03-23,SKU_005,Grocery,319
2023-03-24,SKU_005,Grocery,366
2023-03-25,SKU_005,Grocery,399
2023-03-26,SKU_005,Grocery,436
2023-03-27,SKU_005,Grocery,411
2023-03-28,SKU_005,Grocery,333
2023-03-29,SKU_005,Grocery,299
2023-03-30,SKU_005,Grocery,313
2023-03-31,SKU_005,Grocery,319
2023-04-01,SKU_005,Grocery,418
2023-04-02,SKU_005,Grocery,425
2023-04-03,SKU_005,Grocery,399
2023-04-04,SKU_005,Grocery,363
2023-04-05,SKU_005,Grocery,308
2023-04-06,SKU_005,Grocery,327
2023-04-07,SKU_005,Grocery,355
2023-04-08,SKU_005,Grocery,373
2023-04-09,SKU_005,Grocery,389
2023-04-10,SKU_005,Grocery,349
2023-04-11,SKU_005,Grocery,339
2023-04-12,SKU_005,Grocery,303
2023-04-13,SKU_005,Grocery,281
2023-04-14,SKU_005,Grocery,311
2023-04-15,SKU_005,Grocery,345
2023-04-16,SKU_005,Grocery,420
2023-04-17,SKU_005,Grocery,381
2023-04-18,SKU_005,Grocery,298
2023-04-19,SKU_005,Grocery,288
2023-04-20,SKU_005,Grocery,293
2023-04-21,SKU_005,Grocery,320
2023-04-22,SKU_005,Grocery,343
2023-04-23,SKU_005,Grocery,411
2023-04-24,SKU_005,Grocery,372
2023-04-25,SKU_005,Grocery,305
2023-04-26,SKU_005,Grocery,278
2023-04-27,SKU_005,Grocery,283
2023-04-28,SKU_005,Grocery,319
2023-04-29,SKU_005,Grocery,375
2023-04-30,SKU_005,Grocery,372
2023-05-01,SKU_005,Grocery,382
2023-05-02,SKU_005,Grocery,297
2023-05-03,SKU_005,Grocery,304
2023-05-04,SKU_005,Grocery,303
2023-05-05,SKU_005,Grocery,328
2023-05-06,SKU_005,Grocery,377
2023-05-07,SKU_005,Grocery,361
2023-05-08,SKU_005,Grocery,361
2023-05-09,SKU_005,Grocery,340
2023-05-10,SKU_005,Grocery,295
2023-05-11,SKU_005,Grocery,285
2023-05-12,SKU_005,Grocery,305
2023-05-13,SKU_005,Grocery,352
2023-05-14,SKU_005,Grocery,384
2023-05-15,SKU_005,Grocery,348
2023-05-16,SKU_005,Grocery,327
2023-05-17,SKU_005,Grocery,278
2023-05-18,SKU_005,Grocery,328
2023-05-19,SKU_005,Grocery,329
2023-05-20,SKU_005,Grocery,355
2023-05-21,SKU_005,Grocery,364
2023-05-22,SKU_005,Grocery,356
2023-05-23,SKU_005,Grocery,310
2023-05-24,SKU_005,Grocery,307
2023-05-25,SKU_005,Grocery,284
2023-05-26,SKU_005,Grocery,297
2023-05-27,SKU_005,Grocery,352
2023-05-28,SKU_005,Grocery,357
2023-05-29,SKU_005,Grocery,376
2023-05-30,SKU_005,Grocery,318
2023-05-31,SKU_005,Grocery,302
2023-06-01,SKU_005,Grocery,309
2023-06-02,SKU_005,Grocery,314
2023-06-03,SKU_005,Grocery,379
2023-06-04,SKU_005,Grocery,388
2023-06-05,SKU_005,Grocery,385
2023-06-06,SKU_005,Grocery,307
2023-06-07,SKU_005,Grocery,295
2023-06-08,SKU_005,Grocery,295
2023-06-09,SKU_005,Grocery,360
2023-06-10,SKU_005,Grocery,382
2023-06-11,SKU_005,Grocery,391
2023-06-12,SKU_005,Grocery,371
2023-06-13,SKU_005,Grocery,341
2023-06-14,SKU_005,Grocery,287
2023-06-15,SKU_005,Grocery,325
2023-06-16,SKU_005,Grocery,317
2023-06-17,SKU_005,Grocery,385
2023-06-18,SKU_005,Grocery,357
2023-06-19,SKU_005,Grocery,362
2023-06-20,SKU_005,Grocery,313
2023-06-21,SKU_005,Grocery,300
2023-06-22,SKU_005,Grocery,302
2023-06-23,SKU_005,Grocery,312
2023-06-24,SKU_005,Grocery,393
2023-06-25,SKU_005,Grocery,394
2023-06-26,SKU_005,Grocery,389
2023-06-27,SKU_005,Grocery,341
2023-06-28,SKU_005,Grocery,286
2023-06-29,SKU_005,Grocery,306
2023-06-30,SKU_005,Grocery,351
2023-07-01,SKU_005,Grocery,408
2023-07-02,SKU_005,Grocery,421
2023-07-03,SKU_005,Grocery,377
2023-07-04,SKU_005,Grocery,329
2023-07-05,SKU_005,Grocery,312
2023-07-06,SKU_005,Grocery,320
2023-07-07,SKU_005,Grocery,338
2023-07-08,SKU_005,Grocery,377
2023-07-09,SKU_005,Grocery,424
2023-07-10,SKU_005,Grocery,391
2023-07-11,SKU_005,Grocery,353
2023-07-12,SKU_005,Grocery,321
2023-07-13,SKU_005,Grocery,329
2023-07-14,SKU_005,Grocery,355
2023-07-15,SKU_005,Grocery,433
2023-07-16,SKU_005,Grocery,446
2023-07-17,SKU_005,Grocery,410
2023-07-18,SKU_005,Grocery,385
2023-07-19,SKU_005,Grocery,327
2023-07-20,SKU_005,Grocery,323
2023-07-21,SKU_005,Grocery,378
2023-07-22,SKU_005,Grocery,443
2023-07-23,SKU_005,Grocery,441
2023-07-24,SKU_005,Grocery,422
2023-07-25,SKU_005,Grocery,360
2023-07-26,SKU_005,Grocery,363
2023-07-27,SKU_005,Grocery,346
2023-07-28,SKU_005,Grocery,369
2023-07-29,SKU_005,Grocery,432
2023-07-30,SKU_005,Grocery,463
2023-07-31,SKU_005,Grocery,405
2023-08-01,SKU_005,Grocery,417
2023-08-02,SKU_005,Grocery,359
2023-08-03,SKU_005,Grocery,346
2023-08-04,SKU_005,Grocery,377
2023-08-05,SKU_005,Grocery,459
2023-08-06,SKU_005,Grocery,472
2023-08-07,SKU_005,Grocery,473
2023-08-08,SKU_005,Grocery,387
2023-08-09,SKU_005,Grocery,375
2023-08-10,SKU_005,Grocery,353
2023-08-11,SKU_005,Grocery,358
2023-08-12,SKU_005,Grocery,419
2023-08-13,SKU_005,Grocery,465
2023-08-14,SKU_005,Grocery,444
2023-08-15,SKU_005,Grocery,388
2023-08-16,SKU_005,Grocery,356
2023-08-17,SKU_005,Grocery,316
2023-08-18,SKU_005,Grocery,397
2023-08-19,SKU_005,Grocery,473
2023-08-20,SKU_005,Grocery,469
2023-08-21,SKU_005,Grocery,442
2023-08-22,SKU_005,Grocery,401
2023-08-23,SKU_005,Grocery,361
2023-08-24,SKU_005,Grocery,377
2023-08-25,SKU_005,Grocery,387
2023-08-26,SKU_005,Grocery,472
2023-08-27,SKU_005,Grocery,525
2023-08-28,SKU_005,Grocery,460
2023-08-29,SKU_005,Grocery,409
2023-08-30,SKU_005,Grocery,362
2023-08-31,SKU_005,Grocery,324
2023-09-01,SKU_005,Grocery,471
2023-09-02,SKU_005,Grocery,479
2023-09-03,SKU_005,Grocery,520
2023-09-04,SKU_005,Grocery,468
2023-09-05,SKU_005,Grocery,427
2023-09-06,SKU_005,Grocery,414
2023-09-07,SKU_005,Grocery,366
2023-09-08,SKU_005,Grocery,410
2023-09-09,SKU_005,Grocery,527
2023-09-10,SKU_005,Grocery,504
2023-09-11,SKU_005,Grocery,891
2023-09-12,SKU_005,Grocery,791
2023-09-13,SKU_005,Grocery,388
2023-09-14,SKU_005,Grocery,385
2023-09-15,SKU_005,Grocery,486
2023-09-16,SKU_005,Grocery,470
2023-09-17,SKU_005,Grocery,531
2023-09-18,SKU_005,Grocery,439
2023-09-19,SKU_005,Grocery,431
2023-09-20,SKU_005,Grocery,382
2023-09-21,SKU_005,Grocery,425
2023-09-22,SKU_005,Grocery,443
2023-09-23,SKU_005,Grocery,512
2023-09-24,SKU_005,Grocery,525
2023-09-25,SKU_005,Grocery,515
2023-09-26,SKU_005,Grocery,459
2023-09-27,SKU_005,Grocery,424
2023-09-28,SKU_005,Grocery,376
2023-09-29,SKU_005,Grocery,467
2023-09-30,SKU_005,Grocery,497
2023-10-01,SKU_005,Grocery,544
2023-10-02,SKU_005,Grocery,487
2023-10-03,SKU_005,Grocery,447
2023-10-04,SKU_005,Grocery,429
2023-10-05,SKU_005,Grocery,420
2023-10-06,SKU_005,Grocery,488
2023-10-07,SKU_005,Grocery,541
2023-10-08,SKU_005,Grocery,516
2023-10-09,SKU_005,Grocery,508
2023-10-10,SKU_005,Grocery,497
2023-10-11,SKU_005,Grocery,432
2023-10-12,SKU_005,Grocery,428
2023-10-13,SKU_005,Grocery,468
2023-10-14,SKU_005,Grocery,514
2023-10-15,SKU_005,Grocery,555
2023-10-16,SKU_005,Grocery,590
2023-10-17,SKU_005,Grocery,488
2023-10-18,SKU_005,Grocery,395
2023-10-19,SKU_005,Grocery,423
2023-10-20,SKU_005,Grocery,526
2023-10-21,SKU_005,Grocery,517
2023-10-22,SKU_005,Grocery,587
2023-10-23,SKU_005,Grocery,515
2023-10-24,SKU_005,Grocery,468
2023-10-25,SKU_005,Grocery,421
2023-10-26,SKU_005,Grocery,427
2023-10-27,SKU_005,Grocery,474
2023-10-28,SKU_005,Grocery,542
2023-10-29,SKU_005,Grocery,574
2023-10-30,SKU_005,Grocery,529
2023-10-31,SKU_005,Grocery,465
2023-11-01,SKU_005,Grocery,407
2023-11-02,SKU_005,Grocery,447
2023-11-03,SKU_005,Grocery,515
2023-11-04,SKU_005,Grocery,534
2023-11-05,SKU_005,Grocery,585
2023-11-06,SKU_005,Grocery,546
2023-11-07,SKU_005,Grocery,461
2023-11-08,SKU_005,Grocery,434
2023-11-09,SKU_005,Grocery,440
2023-11-10,SKU_005,Grocery,490
2023-11-11,SKU_005,Grocery,499
2023-11-12,SKU_005,Grocery,591
2023-11-13,SKU_005,Grocery,578
2023-11-14,SKU_005,Grocery,475
2023-11-15,SKU_005,Grocery,390
2023-11-16,SKU_005,Grocery,431
2023-11-17,SKU_005,Grocery,462
2023-11-18,SKU_005,Grocery,568
2023-11-19,SKU_005,Grocery,567
2023-11-20,SKU_005,Grocery,514
2023-11-21,SKU_005,Grocery,477
2023-11-22,SKU_005,Grocery,422
2023-11-23,SKU_005,Grocery,433
2023-11-24,SKU_005,Grocery,455
2023-11-25,SKU_005,Grocery,597
2023-11-26,SKU_005,Grocery,578
2023-11-27,SKU_005,Grocery,548
2023-11-28,SKU_005,Grocery,451
2023-11-29,SKU_005,Grocery,460
2023-11-30,SKU_005,Grocery,418
2023-12-01,SKU_005,Grocery,493
2023-12-02,SKU_005,Grocery,530
2023-12-03,SKU_005,Grocery,601
2023-12-04,SKU_005,Grocery,582
2023-12-05,SKU_005,Grocery,450
2023-12-06,SKU_005,Grocery,416
2023-12-07,SKU_005,Grocery,438
2023-12-08,SKU_005,Grocery,440
2023-12-09,SKU_005,Grocery,577
2023-12-10,SKU_005,Grocery,550
2023-12-11,SKU_005,Grocery,513
2023-12-12,SKU_005,Grocery,480
2023-12-13,SKU_005,Grocery,433
2023-12-14,SKU_005,Grocery,417
2023-12-15,SKU_005,Grocery,497
2023-12-16,SKU_005,Grocery,544
2023-12-17,SKU_005,Grocery,549
2023-12-18,SKU_005,Grocery,528
2023-12-19,SKU_005,Grocery,472
2023-12-20,SKU_005,Grocery,439
2023-12-21,SKU_005,Grocery,410
2023-12-22,SKU_005,Grocery,487
2023-12-23,SKU_005,Grocery,542
2023-12-24,SKU_005,Grocery,550
2023-12-25,SKU_005,Grocery,514
2023-12-26,SKU_005,Grocery,481
2023-12-27,SKU_005,Grocery,405
2023-12-28,SKU_005,Grocery,386
2023-12-29,SKU_005,Grocery,458
2023-12-30,SKU_005,Grocery,524
2023-12-31,SKU_005,Grocery,582
2024-01-01,SKU_005,Grocery,489
2024-01-02,SKU_005,Grocery,459
2024-01-03,SKU_005,Grocery,414
2024-01-04,SKU_005,Grocery,399
2024-01-05,SKU_005,Grocery,469
2024-01-06,SKU_005,Grocery,471
2024-01-07,SKU_005,Grocery,528
2024-01-08,SKU_005,Grocery,536
2024-01-09,SKU_005,Grocery,454
2024-01-10,SKU_005,Grocery,385
2024-01-11,SKU_005,Grocery,421
2024-01-12,SKU_005,Grocery,423
2024-01-13,SKU_005,Grocery,501
2024-01-14,SKU_005,Grocery,541
2024-01-15,SKU_005,Grocery,476
2024-01-16,SKU_005,Grocery,462
2024-01-17,SKU_005,Grocery,404
2024-01-18,SKU_005,Grocery,434
2024-01-19,SKU_005,Grocery,438
2024-01-20,SKU_005,Grocery,494
2024-01-21,SKU_005,Grocery,521
2024-01-22,SKU_005,Grocery,486
2024-01-23,SKU_005,Grocery,430
2024-01-24,SKU_005,Grocery,373
2024-01-25,SKU_005,Grocery,377
2024-01-26,SKU_005,Grocery,402
2024-01-27,SKU_005,Grocery,462
2024-01-28,SKU_005,Grocery,514
2024-01-29,SKU_005,Grocery,479
2024-01-30,SKU_005,Grocery,405
2024-01-31,SKU_005,Grocery,373
2024-02-01,SKU_005,Grocery,375
2024-02-02,SKU_005,Grocery,418
2024-02-03,SKU_005,Grocery,461
2024-02-04,SKU_005,Grocery,502
2024-02-05,SKU_005,Grocery,491
2024-02-06,SKU_005,Grocery,397
2024-02-07,SKU_005,Grocery,331
2024-02-08,SKU_005,Grocery,394
2024-02-09,SKU_005,Grocery,385
2024-02-10,SKU_005,Grocery,472
2024-02-11,SKU_005,Grocery,498
2024-02-12,SKU_005,Grocery,452
2024-02-13,SKU_005,Grocery,429
2024-02-14,SKU_005,Grocery,377
2024-02-15,SKU_005,Grocery,332
2024-02-16,SKU_005,Grocery,404
2024-02-17,SKU_005,Grocery,474
2024-02-18,SKU_005,Grocery,479
2024-02-19,SKU_005,Grocery,438
2024-02-20,SKU_005,Grocery,422
2024-02-21,SKU_005,Grocery,384
2024-02-22,SKU_005,Grocery,349
2024-02-23,SKU_005,Grocery,367
2024-02-24,SKU_005,Grocery,435
2024-02-25,SKU_005,Grocery,456
2024-02-26,SKU_005,Grocery,425
2024-02-27,SKU_005,Grocery,396
2024-02-28,SKU_005,Grocery,359
2024-02-29,SKU_005,Grocery,304
2024-03-01,SKU_005,Grocery,395
2024-03-02,SKU_005,Grocery,413
2024-03-03,SKU_005,Grocery,434
2024-03-04,SKU_005,Grocery,447
2024-03-05,SKU_005,Grocery,379
2024-03-06,SKU_005,Grocery,332
2024-03-07,SKU_005,Grocery,347
2024-03-08,SKU_005,Grocery,377
2024-03-09,SKU_005,Grocery,436
2024-03-10,SKU_005,Grocery,421
2024-03-11,SKU_005,Grocery,428
2024-03-12,SKU_005,Grocery,355
2024-03-13,SKU_005,Grocery,324
2024-03-14,SKU_005,Grocery,311
2024-03-15,SKU_005,Grocery,358
2024-03-16,SKU_005,Grocery,396
2024-03-17,SKU_005,Grocery,452
2024-03-18,SKU_005,Grocery,454
2024-03-19,SKU_005,Grocery,337
2024-03-20,SKU_005,Grocery,333
2024-03-21,SKU_005,Grocery,324
2024-03-22,SKU_005,Grocery,361
2024-03-23,SKU_005,Grocery,413
2024-03-24,SKU_005,Grocery,413
2024-03-25,SKU_005,Grocery,420
2024-03-26,SKU_005,Grocery,372
2024-03-27,SKU_005,Grocery,287
2024-03-28,SKU_005,Grocery,320
2024-03-29,SKU_005,Grocery,337
2024-03-30,SKU_005,Grocery,411
2024-03-31,SKU_005,Grocery,443
2024-04-01,SKU_005,Grocery,357
2024-04-02,SKU_005,Grocery,320
2024-04-03,SKU_005,Grocery,310
2024-04-04,SKU_005,Grocery,293
2024-04-05,SKU_005,Grocery,347
2024-04-06,SKU_005,Grocery,393
2024-04-07,SKU_005,Grocery,393
2024-04-08,SKU_005,Grocery,368
2024-04-09,SKU_005,Grocery,362
2024-04-10,SKU_005,Grocery,310
2024-04-11,SKU_005,Grocery,281
2024-04-12,SKU_005,Grocery,352
2024-04-13,SKU_005,Grocery,387
2024-04-14,SKU_005,Grocery,343
2024-04-15,SKU_005,Grocery,366
2024-04-16,SKU_005,Grocery,338
2024-04-17,SKU_005,Grocery,307
2024-04-18,SKU_005,Grocery,287
2024-04-19,SKU_005,Grocery,325
2024-04-20,SKU_005,Grocery,337
2024-04-21,SKU_005,Grocery,384
2024-04-22,SKU_005,Grocery,388
2024-04-23,SKU_005,Grocery,333
2024-04-24,SKU_005,Grocery,270
2024-04-25,SKU_005,Grocery,290
2024-04-26,SKU_005,Grocery,334
2024-04-27,SKU_005,Grocery,422
2024-04-28,SKU_005,Grocery,384
2024-04-29,SKU_005,Grocery,413
2024-04-30,SKU_005,Grocery,372
2024-05-01,SKU_005,Grocery,299
2024-05-02,SKU_005,Grocery,294
2024-05-03,SKU_005,Grocery,323
2024-05-04,SKU_005,Grocery,399
2024-05-05,SKU_005,Grocery,417
2024-05-06,SKU_005,Grocery,405
2024-05-07,SKU_005,Grocery,335
2024-05-08,SKU_005,Grocery,309
2024-05-09,SKU_005,Grocery,312
2024-05-10,SKU_005,Grocery,308
2024-05-11,SKU_005,Grocery,357
2024-05-12,SKU_005,Grocery,351
2024-05-13,SKU_005,Grocery,375
2024-05-14,SKU_005,Grocery,309
2024-05-15,SKU_005,Grocery,276
2024-05-16,SKU_005,Grocery,273
2024-05-17,SKU_005,Grocery,336
2024-05-18,SKU_005,Grocery,374
2024-05-19,SKU_005,Grocery,425
2024-05-20,SKU_005,Grocery,356
2024-05-21,SKU_005,Grocery,334
2024-05-22,SKU_005,Grocery,316
2024-05-23,SKU_005,Grocery,311
2024-05-24,SKU_005,Grocery,319
2024-05-25,SKU_005,Grocery,346
2024-05-26,SKU_005,Grocery,400
2024-05-27,SKU_005,Grocery,349
2024-05-28,SKU_005,Grocery,328
2024-05-29,SKU_005,Grocery,265
2024-05-30,SKU_005,Grocery,301
2024-05-31,SKU_005,Grocery,330
2024-06-01,SKU_005,Grocery,389
2024-06-02,SKU_005,Grocery,423
2024-06-03,SKU_005,Grocery,368
2024-06-04,SKU_005,Grocery,363
2024-06-05,SKU_005,Grocery,310
2024-06-06,SKU_005,Grocery,305
2024-06-07,SKU_005,Grocery,335
2024-06-08,SKU_005,Grocery,346
2024-06-09,SKU_005,Grocery,354
2024-06-10,SKU_005,Grocery,353
2024-06-11,SKU_005,Grocery,337
2024-06-12,SKU_005,Grocery,288
2024-06-13,SKU_005,Grocery,315
2024-06-14,SKU_005,Grocery,339
2024-06-15,SKU_005,Grocery,403
2024-06-16,SKU_005,Grocery,412
2024-06-17,SKU_005,Grocery,399
2024-06-18,SKU_005,Grocery,330
2024-06-19,SKU_005,Grocery,287
2024-06-20,SKU_005,Grocery,343
2024-06-21,SKU_005,Grocery,327
2024-06-22,SKU_005,Grocery,381
2024-06-23,SKU_005,Grocery,414
2024-06-24,SKU_005,Grocery,393
2024-06-25,SKU_005,Grocery,341
2024-06-26,SKU_005,Grocery,280
2024-06-27,SKU_005,Grocery,291
2024-06-28,SKU_005,Grocery,369
2024-06-29,SKU_005,Grocery,432
2024-06-30,SKU_005,Grocery,419
2024-07-01,SKU_005,Grocery,391
2024-07-02,SKU_005,Grocery,382
2024-07-03,SKU_005,Grocery,350
2024-07-04,SKU_005,Grocery,321
2024-07-05,SKU_005,Grocery,367
2024-07-06,SKU_005,Grocery,411
2024-07-07,SKU_005,Grocery,428
2024-07-08,SKU_005,Grocery,446
2024-07-09,SKU_005,Grocery,334
2024-07-10,SKU_005,Grocery,319
2024-07-11,SKU_005,Grocery,308
2024-07-12,SKU_005,Grocery,346
2024-07-13,SKU_005,Grocery,376
2024-07-14,SKU_005,Grocery,407
2024-07-15,SKU_005,Grocery,456
2024-07-16,SKU_005,Grocery,366
2024-07-17,SKU_005,Grocery,322
2024-07-18,SKU_005,Grocery,299
2024-07-19,SKU_005,Grocery,369
2024-07-20,SKU_005,Grocery,402
2024-07-21,SKU_005,Grocery,461
2024-07-22,SKU_005,Grocery,437
2024-07-23,SKU_005,Grocery,363
2024-07-24,SKU_005,Grocery,344
2024-07-25,SKU_005,Grocery,328
2024-07-26,SKU_005,Grocery,423
2024-07-27,SKU_005,Grocery,405
2024-07-28,SKU_005,Grocery,461
2024-07-29,SKU_005,Grocery,429
2024-07-30,SKU_005,Grocery,379
2024-07-31,SKU_005,Grocery,358
2024-08-01,SKU_005,Grocery,387
2024-08-02,SKU_005,Grocery,386
2024-08-03,SKU_005,Grocery,450
2024-08-04,SKU_005,Grocery,477
2024-08-05,SKU_005,Grocery,466
2024-08-06,SKU_005,Grocery,381
2024-08-07,SKU_005,Grocery,358
2024-08-08,SKU_005,Grocery,373
2024-08-09,SKU_005,Grocery,387
2024-08-10,SKU_005,Grocery,440
2024-08-11,SKU_005,Grocery,486
2024-08-12,SKU_005,Grocery,442
2024-08-13,SKU_005,Grocery,427
2024-08-14,SKU_005,Grocery,365
2024-08-15,SKU_005,Grocery,370
2024-08-16,SKU_005,Grocery,417
2024-08-17,SKU_005,Grocery,494
2024-08-18,SKU_005,Grocery,474
2024-08-19,SKU_005,Grocery,462
2024-08-20,SKU_005,Grocery,399
2024-08-21,SKU_005,Grocery,367
2024-08-22,SKU_005,Grocery,356
2024-08-23,SKU_005,Grocery,426
2024-08-24,SKU_005,Grocery,438
2024-08-25,SKU_005,Grocery,511
2024-08-26,SKU_005,Grocery,483
2024-08-27,SKU_005,Grocery,410
2024-08-28,SKU_005,Grocery,383
2024-08-29,SKU_005,Grocery,378
2024-08-30,SKU_005,Grocery,422
2024-08-31,SKU_005,Grocery,496
2024-09-01,SKU_005,Grocery,526
2024-09-02,SKU_005,Grocery,460
2024-09-03,SKU_005,Grocery,468
2024-09-04,SKU_005,Grocery,398
2024-09-05,SKU_005,Grocery,389
2024-09-06,SKU_005,Grocery,424
2024-09-07,SKU_005,Grocery,485
2024-09-08,SKU_005,Grocery,519
2024-09-09,SKU_005,Grocery,511
2024-09-10,SKU_005,Grocery,440
2024-09-11,SKU_005,Grocery,409
2024-09-12,SKU_005,Grocery,384
2024-09-13,SKU_005,Grocery,474
2024-09-14,SKU_005,Grocery,503
2024-09-15,SKU_005,Grocery,524
2024-09-16,SKU_005,Grocery,500
2024-09-17,SKU_005,Grocery,439
2024-09-18,SKU_005,Grocery,419
2024-09-19,SKU_005,Grocery,453
2024-09-20,SKU_005,Grocery,439
2024-09-21,SKU_005,Grocery,559
2024-09-22,SKU_005,Grocery,581
2024-09-23,SKU_005,Grocery,562
2024-09-24,SKU_005,Grocery,472
2024-09-25,SKU_005,Grocery,457
2024-09-26,SKU_005,Grocery,391
2024-09-27,SKU_005,Grocery,458
2024-09-28,SKU_005,Grocery,520
2024-09-29,SKU_005,Grocery,572
2024-09-30,SKU_005,Grocery,542
2024-10-01,SKU_005,Grocery,487
2024-10-02,SKU_005,Grocery,437
2024-10-03,SKU_005,Grocery,414
2024-10-04,SKU_005,Grocery,514
2024-10-05,SKU_005,Grocery,551
2024-10-06,SKU_005,Grocery,563
2024-10-07,SKU_005,Grocery,521
2024-10-08,SKU_005,Grocery,471
2024-10-09,SKU_005,Grocery,464
2024-10-10,SKU_005,Grocery,426
2024-10-11,SKU_005,Grocery,472
2024-10-12,SKU_005,Grocery,508
2024-10-13,SKU_005,Grocery,564
2024-10-14,SKU_005,Grocery,534
2024-10-15,SKU_005,Grocery,479
2024-10-16,SKU_005,Grocery,443
2024-10-17,SKU_005,Grocery,443
2024-10-18,SKU_005,Grocery,497
2024-10-19,SKU_005,Grocery,527
2024-10-20,SKU_005,Grocery,595
2024-10-21,SKU_005,Grocery,563
2024-10-22,SKU_005,Grocery,478
2024-10-23,SKU_005,Grocery,466
2024-10-24,SKU_005,Grocery,416
2024-10-25,SKU_005,Grocery,525
2024-10-26,SKU_005,Grocery,539
2024-10-27,SKU_005,Grocery,612
2024-10-28,SKU_005,Grocery,567
2024-10-29,SKU_005,Grocery,511
2024-10-30,SKU_005,Grocery,740
2024-10-31,SKU_005,Grocery,720
2024-11-01,SKU_005,Grocery,471
2024-11-02,SKU_005,Grocery,581
2024-11-03,SKU_005,Grocery,578
2024-11-04,SKU_005,Grocery,530
2024-11-05,SKU_005,Grocery,503
2024-11-06,SKU_005,Grocery,463
2024-11-07,SKU_005,Grocery,448
2024-11-08,SKU_005,Grocery,527
2024-11-09,SKU_005,Grocery,581
2024-11-10,SKU_005,Grocery,588
2024-11-11,SKU_005,Grocery,570
2024-11-12,SKU_005,Grocery,526
2024-11-13,SKU_005,Grocery,419
2024-11-14,SKU_005,Grocery,440
2024-11-15,SKU_005,Grocery,497
2024-11-16,SKU_005,Grocery,526
2024-11-17,SKU_005,Grocery,575
2024-11-18,SKU_005,Grocery,553
2024-11-19,SKU_005,Grocery,473
2024-11-20,SKU_005,Grocery,449
2024-11-21,SKU_005,Grocery,455
2024-11-22,SKU_005,Grocery,487
2024-11-23,SKU_005,Grocery,557
2024-11-24,SKU_005,Grocery,551
2024-11-25,SKU_005,Grocery,531
2024-11-26,SKU_005,Grocery,488
2024-11-27,SKU_005,Grocery,450
2024-11-28,SKU_005,Grocery,437
2024-11-29,SKU_005,Grocery,447
2024-11-30,SKU_005,Grocery,558
2024-12-01,SKU_005,Grocery,584
2024-12-02,SKU_005,Grocery,560
2024-12-03,SKU_005,Grocery,532
2024-12-04,SKU_005,Grocery,417
2024-12-05,SKU_005,Grocery,466
2024-12-06,SKU_005,Grocery,501
2024-12-07,SKU_005,Grocery,561
2024-12-08,SKU_005,Grocery,541
2024-12-09,SKU_005,Grocery,539
2024-12-10,SKU_005,Grocery,472
2024-12-11,SKU_005,Grocery,425
2024-12-12,SKU_005,Grocery,453
2024-12-13,SKU_005,Grocery,515
2024-12-14,SKU_005,Grocery,566
2024-12-15,SKU_005,Grocery,569
2024-12-16,SKU_005,Grocery,592
2024-12-17,SKU_005,Grocery,500
2024-12-18,SKU_005,Grocery,419
2024-12-19,SKU_005,Grocery,456
2024-12-20,SKU_005,Grocery,475
2024-12-21,SKU_005,Grocery,508
2024-12-22,SKU_005,Grocery,618
2024-12-23,SKU_005,Grocery,517
2024-12-24,SKU_005,Grocery,486
2024-12-25,SKU_005,Grocery,461
2024-12-26,SKU_005,Grocery,434
2024-12-27,SKU_005,Grocery,483
2024-12-28,SKU_005,Grocery,527
2024-12-29,SKU_005,Grocery,563
2024-12-30,SKU_005,Grocery,529
2023-01-01,SKU_006,Grocery,453
2023-01-02,SKU_006,Grocery,421
2023-01-03,SKU_006,Grocery,402
2023-01-04,SKU_006,Grocery,330
2023-01-05,SKU_006,Grocery,362
2023-01-06,SKU_006,Grocery,398
2023-01-07,SKU_006,Grocery,473
2023-01-08,SKU_006,Grocery,471
2023-01-09,SKU_006,Grocery,422
2023-01-10,SKU_006,Grocery,383
2023-01-11,SKU_006,Grocery,316
2023-01-12,SKU_006,Grocery,339
2023-01-13,SKU_006,Grocery,353
2023-01-14,SKU_006,Grocery,434
2023-01-15,SKU_006,Grocery,447
2023-01-16,SKU_006,Grocery,407
2023-01-17,SKU_006,Grocery,371
2023-01-18,SKU_006,Grocery,325
2023-01-19,SKU_006,Grocery,363
2023-01-20,SKU_006,Grocery,370
2023-01-21,SKU_006,Grocery,422
2023-01-22,SKU_006,Grocery,408
2023-01-23,SKU_006,Grocery,433
2023-01-24,SKU_006,Grocery,378
2023-01-25,SKU_006,Grocery,332
2023-01-26,SKU_006,Grocery,336
2023-01-27,SKU_006,Grocery,333
2023-01-28,SKU_006,Grocery,385
2023-01-29,SKU_006,Grocery,416
2023-01-30,SKU_006,Grocery,419
2023-01-31,SKU_006,Grocery,370
2023-02-01,SKU_006,Grocery,323
2023-02-02,SKU_006,Grocery,333
2023-02-03,SKU_006,Grocery,370
2023-02-04,SKU_006,Grocery,408
2023-02-05,SKU_006,Grocery,404
2023-02-06,SKU_006,Grocery,383
2023-02-07,SKU_006,Grocery,372
2023-02-08,SKU_006,Grocery,306
2023-02-09,SKU_006,Grocery,336
2023-02-10,SKU_006,Grocery,355
2023-02-11,SKU_006,Grocery,396
2023-02-12,SKU_006,Grocery,427
2023-02-13,SKU_006,Grocery,431
2023-02-14,SKU_006,Grocery,346
2023-02-15,SKU_006,Grocery,307
2023-02-16,SKU_006,Grocery,304
2023-02-17,SKU_006,Grocery,358
2023-02-18,SKU_006,Grocery,355
2023-02-19,SKU_006,Grocery,397
2023-02-20,SKU_006,Grocery,378
2023-02-21,SKU_006,Grocery,356
2023-02-22,SKU_006,Grocery,266
2023-02-23,SKU_006,Grocery,303
2023-02-24,SKU_006,Grocery,325
2023-02-25,SKU_006,Grocery,372
2023-02-26,SKU_006,Grocery,397
2023-02-27,SKU_006,Grocery,351
2023-02-28,SKU_006,Grocery,311
2023-03-01,SKU_006,Grocery,269
2023-03-02,SKU_006,Grocery,295
2023-03-03,SKU_006,Grocery,295
2023-03-04,SKU_006,Grocery,365
2023-03-05,SKU_006,Grocery,358
2023-03-06,SKU_006,Grocery,396
2023-03-07,SKU_006,Grocery,299
2023-03-08,SKU_006,Grocery,274
2023-03-09,SKU_006,Grocery,271
2023-03-10,SKU_006,Grocery,308
2023-03-11,SKU_006,Grocery,353
2023-03-12,SKU_006,Grocery,342
2023-03-13,SKU_006,Grocery,337
2023-03-14,SKU_006,Grocery,311
2023-03-15,SKU_006,Grocery,241
2023-03-16,SKU_006,Grocery,266
2023-03-17,SKU_006,Grocery,315
2023-03-18,SKU_006,Grocery,343
2023-03-19,SKU_006,Grocery,351
2023-03-20,SKU_006,Grocery,334
2023-03-21,SKU_006,Grocery,284
2023-03-22,SKU_006,Grocery,272
2023-03-23,SKU_006,Grocery,257
2023-03-24,SKU_006,Grocery,268
2023-03-25,SKU_006,Grocery,335
2023-03-26,SKU_006,Grocery,359
2023-03-27,SKU_006,Grocery,300
2023-03-28,SKU_006,Grocery,273
2023-03-29,SKU_006,Grocery,278
2023-03-30,SKU_006,Grocery,277
2023-03-31,SKU_006,Grocery,271
2023-04-01,SKU_006,Grocery,346
2023-04-02,SKU_006,Grocery,332
2023-04-03,SKU_006,Grocery,345
2023-04-04,SKU_006,Grocery,290
2023-04-05,SKU_006,Grocery,273
2023-04-06,SKU_006,Grocery,239
2023-04-07,SKU_006,Grocery,269
2023-04-08,SKU_006,Grocery,312
2023-04-09,SKU_006,Grocery,323
2023-04-10,SKU_006,Grocery,322
2023-04-11,SKU_006,Grocery,263
2023-04-12,SKU_006,Grocery,265
2023-04-13,SKU_006,Grocery,268
2023-04-14,SKU_006,Grocery,266
2023-04-15,SKU_006,Grocery,321
2023-04-16,SKU_006,Grocery,353
2023-04-17,SKU_006,Grocery,330
2023-04-18,SKU_006,Grocery,281
2023-04-19,SKU_006,Grocery,229
2023-04-20,SKU_006,Grocery,236
2023-04-21,SKU_006,Grocery,273
2023-04-22,SKU_006,Grocery,329
2023-04-23,SKU_006,Grocery,333
2023-04-24,SKU_006,Grocery,330
2023-04-25,SKU_006,Grocery,259
2023-04-26,SKU_006,Grocery,251
2023-04-27,SKU_006,Grocery,256
2023-04-28,SKU_006,Grocery,290
2023-04-29,SKU_006,Grocery,324
2023-04-30,SKU_006,Grocery,344
2023-05-01,SKU_006,Grocery,289
2023-05-02,SKU_006,Grocery,263
2023-05-03,SKU_006,Grocery,241
2023-05-04,SKU_006,Grocery,250
2023-05-05,SKU_006,Grocery,262
2023-05-06,SKU_006,Grocery,304
2023-05-07,SKU_006,Grocery,329
2023-05-08,SKU_006,Grocery,318
2023-05-09,SKU_006,Grocery,282
2023-05-10,SKU_006,Grocery,242
2023-05-11,SKU_006,Grocery,264
2023-05-12,SKU_006,Grocery,277
2023-05-13,SKU_006,Grocery,353
2023-05-14,SKU_006,Grocery,337
2023-05-15,SKU_006,Grocery,314
2023-05-16,SKU_006,Grocery,264
2023-05-17,SKU_006,Grocery,266
2023-05-18,SKU_006,Grocery,236
2023-05-19,SKU_006,Grocery,275
2023-05-20,SKU_006,Grocery,307
2023-05-21,SKU_006,Grocery,302
2023-05-22,SKU_006,Grocery,290
2023-05-23,SKU_006,Grocery,251
2023-05-24,SKU_006,Grocery,258
2023-05-25,SKU_006,Grocery,270
2023-05-26,SKU_006,Grocery,278
2023-05-27,SKU_006,Grocery,349
2023-05-28,SKU_006,Grocery,349
2023-05-29,SKU_006,Grocery,325
2023-05-30,SKU_006,Grocery,269
2023-05-31,SKU_006,Grocery,252
2023-06-01,SKU_006,Grocery,268
2023-06-02,SKU_006,Grocery,243
2023-06-03,SKU_006,Grocery,284
2023-06-04,SKU_006,Grocery,323
2023-06-05,SKU_006,Grocery,320
2023-06-06,SKU_006,Grocery,259
2023-06-07,SKU_006,Grocery,232
2023-06-08,SKU_006,Grocery,230
2023-06-09,SKU_006,Grocery,293
2023-06-10,SKU_006,Grocery,333
2023-06-11,SKU_006,Grocery,326
2023-06-12,SKU_006,Grocery,294
2023-06-13,SKU_006,Grocery,282
2023-06-14,SKU_006,Grocery,239
2023-06-15,SKU_006,Grocery,237
2023-06-16,SKU_006,Grocery,302
2023-06-17,SKU_006,Grocery,286
2023-06-18,SKU_006,Grocery,307
2023-06-19,SKU_006,Grocery,316
2023-06-20,SKU_006,Grocery,287
2023-06-21,SKU_006,Grocery,277
2023-06-22,SKU_006,Grocery,238
2023-06-23,SKU_006,Grocery,293
2023-06-24,SKU_006,Grocery,325
2023-06-25,SKU_006,Grocery,300
2023-06-26,SKU_006,Grocery,342
2023-06-27,SKU_006,Grocery,305
2023-06-28,SKU_006,Grocery,272
2023-06-29,SKU_006,Grocery,255
2023-06-30,SKU_006,Grocery,278
2023-07-01,SKU_006,Grocery,321
2023-07-02,SKU_006,Grocery,331
2023-07-03,SKU_006,Grocery,349
2023-07-04,SKU_006,Grocery,333
2023-07-05,SKU_006,Grocery,261
2023-07-06,SKU_006,Grocery,263
2023-07-07,SKU_006,Grocery,291
2023-07-08,SKU_006,Grocery,345
2023-07-09,SKU_006,Grocery,353
2023-07-10,SKU_006,Grocery,342
2023-07-11,SKU_006,Grocery,324
2023-07-12,SKU_006,Grocery,267
2023-07-13,SKU_006,Grocery,269
2023-07-14,SKU_006,Grocery,299
2023-07-15,SKU_006,Grocery,352
2023-07-16,SKU_006,Grocery,348
2023-07-17,SKU_006,Grocery,345
2023-07-18,SKU_006,Grocery,287
2023-07-19,SKU_006,Grocery,246
2023-07-20,SKU_006,Grocery,293
2023-07-21,SKU_006,Grocery,274
2023-07-22,SKU_006,Grocery,352
2023-07-23,SKU_006,Grocery,362
2023-07-24,SKU_006,Grocery,355
2023-07-25,SKU_006,Grocery,326
2023-07-26,SKU_006,Grocery,271
2023-07-27,SKU_006,Grocery,296
2023-07-28,SKU_006,Grocery,313
2023-07-29,SKU_006,Grocery,363
2023-07-30,SKU_006,Grocery,415
2023-07-31,SKU_006,Grocery,390
2023-08-01,SKU_006,Grocery,344
2023-08-02,SKU_006,Grocery,281
2023-08-03,SKU_006,Grocery,303
2023-08-04,SKU_006,Grocery,330
2023-08-05,SKU_006,Grocery,380
2023-08-06,SKU_006,Grocery,398
2023-08-07,SKU_006,Grocery,402
2023-08-08,SKU_006,Grocery,310
2023-08-09,SKU_006,Grocery,295
2023-08-10,SKU_006,Grocery,319
2023-08-11,SKU_006,Grocery,360
2023-08-12,SKU_006,Grocery,381
2023-08-13,SKU_006,Grocery,375
2023-08-14,SKU_006,Grocery,396
2023-08-15,SKU_006,Grocery,338
2023-08-16,SKU_006,Grocery,331
2023-08-17,SKU_006,Grocery,315
2023-08-18,SKU_006,Grocery,356
2023-08-19,SKU_006,Grocery,423
2023-08-20,SKU_006,Grocery,426
2023-08-21,SKU_006,Grocery,410
2023-08-22,SKU_006,Grocery,340
2023-08-23,SKU_006,Grocery,308
2023-08-24,SKU_006,Grocery,313
2023-08-25,SKU_006,Grocery,382
2023-08-26,SKU_006,Grocery,392
2023-08-27,SKU_006,Grocery,393
2023-08-28,SKU_006,Grocery,395
2023-08-29,SKU_006,Grocery,347
2023-08-30,SKU_006,Grocery,308
2023-08-31,SKU_006,Grocery,293
2023-09-01,SKU_006,Grocery,394
2023-09-02,SKU_006,Grocery,409
2023-09-03,SKU_006,Grocery,412
2023-09-04,SKU_006,Grocery,404
2023-09-05,SKU_006,Grocery,376
2023-09-06,SKU_006,Grocery,312
2023-09-07,SKU_006,Grocery,338
2023-09-08,SKU_006,Grocery,383
2023-09-09,SKU_006,Grocery,440
2023-09-10,SKU_006,Grocery,440
2023-09-11,SKU_006,Grocery,393
2023-09-12,SKU_006,Grocery,360
2023-09-13,SKU_006,Grocery,336
2023-09-14,SKU_006,Grocery,345
2023-09-15,SKU_006,Grocery,352
2023-09-16,SKU_006,Grocery,409
2023-09-17,SKU_006,Grocery,448
2023-09-18,SKU_006,Grocery,433
2023-09-19,SKU_006,Grocery,370
2023-09-20,SKU_006,Grocery,340
2023-09-21,SKU_006,Grocery,355
2023-09-22,SKU_006,Grocery,365
2023-09-23,SKU_006,Grocery,456
2023-09-24,SKU_006,Grocery,459
2023-09-25,SKU_006,Grocery,433
2023-09-26,SKU_006,Grocery,365
2023-09-27,SKU_006,Grocery,354
2023-09-28,SKU_006,Grocery,354
2023-09-29,SKU_006,Grocery,416
2023-09-30,SKU_006,Grocery,427
2023-10-01,SKU_006,Grocery,452
2023-10-02,SKU_006,Grocery,411
2023-10-03,SKU_006,Grocery,389
2023-10-04,SKU_006,Grocery,353
2023-10-05,SKU_006,Grocery,343
2023-10-06,SKU_006,Grocery,392
2023-10-07,SKU_006,Grocery,431
2023-10-08,SKU_006,Grocery,455
2023-10-09,SKU_006,Grocery,442
2023-10-10,SKU_006,Grocery,390
2023-10-11,SKU_006,Grocery,359
2023-10-12,SKU_006,Grocery,357
2023-10-13,SKU_006,Grocery,399
2023-10-14,SKU_006,Grocery,437
2023-10-15,SKU_006,Grocery,467
2023-10-16,SKU_006,Grocery,467
2023-10-17,SKU_006,Grocery,403
2023-10-18,SKU_006,Grocery,368
2023-10-19,SKU_006,Grocery,341
2023-10-20,SKU_006,Grocery,384
2023-10-21,SKU_006,Grocery,458
2023-10-22,SKU_006,Grocery,502
2023-10-23,SKU_006,Grocery,456
2023-10-24,SKU_006,Grocery,402
2023-10-25,SKU_006,Grocery,379
2023-10-26,SKU_006,Grocery,380
2023-10-27,SKU_006,Grocery,407
2023-10-28,SKU_006,Grocery,464
2023-10-29,SKU_006,Grocery,486
2023-10-30,SKU_006,Grocery,468
2023-10-31,SKU_006,Grocery,398
2023-11-01,SKU_006,Grocery,364
2023-11-02,SKU_006,Grocery,375
2023-11-03,SKU_006,Grocery,395
2023-11-04,SKU_006,Grocery,512
2023-11-05,SKU_006,Grocery,462
2023-11-06,SKU_006,Grocery,485
2023-11-07,SKU_006,Grocery,402
2023-11-08,SKU_006,Grocery,386
2023-11-09,SKU_006,Grocery,332
2023-11-10,SKU_006,Grocery,418
2023-11-11,SKU_006,Grocery,437
2023-11-12,SKU_006,Grocery,482
2023-11-13,SKU_006,Grocery,454
2023-11-14,SKU_006,Grocery,406
2023-11-15,SKU_006,Grocery,368
2023-11-16,SKU_006,Grocery,376
2023-11-17,SKU_006,Grocery,397
2023-11-18,SKU_006,Grocery,480
2023-11-19,SKU_006,Grocery,515
2023-11-20,SKU_006,Grocery,470
2023-11-21,SKU_006,Grocery,406
2023-11-22,SKU_006,Grocery,381
2023-11-23,SKU_006,Grocery,346
2023-11-24,SKU_006,Grocery,411
2023-11-25,SKU_006,Grocery,501
2023-11-26,SKU_006,Grocery,447
2023-11-27,SKU_006,Grocery,504
2023-11-28,SKU_006,Grocery,418
2023-11-29,SKU_006,Grocery,392
2023-11-30,SKU_006,Grocery,357
2023-12-01,SKU_006,Grocery,410
2023-12-02,SKU_006,Grocery,464
2023-12-03,SKU_006,Grocery,517
2023-12-04,SKU_006,Grocery,458
2023-12-05,SKU_006,Grocery,404
2023-12-06,SKU_006,Grocery,378
2023-12-07,SKU_006,Grocery,344
2023-12-08,SKU_006,Grocery,378
2023-12-09,SKU_006,Grocery,471
2023-12-10,SKU_006,Grocery,505
2023-12-11,SKU_006,Grocery,444
2023-12-12,SKU_006,Grocery,397
2023-12-13,SKU_006,Grocery,347
2023-12-14,SKU_006,Grocery,349
2023-12-15,SKU_006,Grocery,433
2023-12-16,SKU_006,Grocery,476
2023-12-17,SKU_006,Grocery,497
2023-12-18,SKU_006,Grocery,429
2023-12-19,SKU_006,Grocery,401
2023-12-20,SKU_006,Grocery,361
2023-12-21,SKU_006,Grocery,317
2023-12-22,SKU_006,Grocery,408
2023-12-23,SKU_006,Grocery,445
2023-12-24,SKU_006,Grocery,485
2023-12-25,SKU_006,Grocery,446
2023-12-26,SKU_006,Grocery,402
2023-12-27,SKU_006,Grocery,315
2023-12-28,SKU_006,Grocery,376
2023-12-29,SKU_006,Grocery,403
2023-12-30,SKU_006,Grocery,441
2023-12-31,SKU_006,Grocery,482
2024-01-01,SKU_006,Grocery,463
2024-01-02,SKU_006,Grocery,383
2024-01-03,SKU_006,Grocery,360
2024-01-04,SKU_006,Grocery,355
2024-01-05,SKU_006,Grocery,376
2024-01-06,SKU_006,Grocery,448
2024-01-07,SKU_006,Grocery,479
2024-01-08,SKU_006,Grocery,450
2024-01-09,SKU_006,Grocery,402
2024-01-10,SKU_006,Grocery,371
2024-01-11,SKU_006,Grocery,347
2024-01-12,SKU_006,Grocery,374
2024-01-13,SKU_006,Grocery,430
2024-01-14,SKU_006,Grocery,453
2024-01-15,SKU_006,Grocery,429
2024-01-16,SKU_006,Grocery,407
2024-01-17,SKU_006,Grocery,323
2024-01-18,SKU_006,Grocery,344
2024-01-19,SKU_006,Grocery,379
2024-01-20,SKU_006,Grocery,439
2024-01-21,SKU_006,Grocery,449
2024-01-22,SKU_006,Grocery,440
2024-01-23,SKU_006,Grocery,381
2024-01-24,SKU_006,Grocery,333
2024-01-25,SKU_006,Grocery,342
2024-01-26,SKU_006,Grocery,368
2024-01-27,SKU_006,Grocery,428
2024-01-28,SKU_006,Grocery,426
2024-01-29,SKU_006,Grocery,438
2024-01-30,SKU_006,Grocery,359
2024-01-31,SKU_006,Grocery,326
2024-02-01,SKU_006,Grocery,285
2024-02-02,SKU_006,Grocery,364
2024-02-03,SKU_006,Grocery,413
2024-02-04,SKU_006,Grocery,400
2024-02-05,SKU_006,Grocery,415
2024-02-06,SKU_006,Grocery,356
2024-02-07,SKU_006,Grocery,322
2024-02-08,SKU_006,Grocery,331
2024-02-09,SKU_006,Grocery,340
2024-02-10,SKU_006,Grocery,398
2024-02-11,SKU_006,Grocery,420
2024-02-12,SKU_006,Grocery,407
2024-02-13,SKU_006,Grocery,360
2024-02-14,SKU_006,Grocery,312
2024-02-15,SKU_006,Grocery,295
2024-02-16,SKU_006,Grocery,383
2024-02-17,SKU_006,Grocery,407
2024-02-18,SKU_006,Grocery,409
2024-02-19,SKU_006,Grocery,367
2024-02-20,SKU_006,Grocery,344
2024-02-21,SKU_006,Grocery,326
2024-02-22,SKU_006,Grocery,290
2024-02-23,SKU_006,Grocery,319
2024-02-24,SKU_006,Grocery,382
2024-02-25,SKU_006,Grocery,407
2024-02-26,SKU_006,Grocery,369
2024-02-27,SKU_006,Grocery,334
2024-02-28,SKU_006,Grocery,286
2024-02-29,SKU_006,Grocery,308
2024-03-01,SKU_006,Grocery,336
2024-03-02,SKU_006,Grocery,364
2024-03-03,SKU_006,Grocery,415
2024-03-04,SKU_006,Grocery,335
2024-03-05,SKU_006,Grocery,292
2024-03-06,SKU_006,Grocery,298
2024-03-07,SKU_006,Grocery,294
2024-03-08,SKU_006,Grocery,324
2024-03-09,SKU_006,Grocery,365
2024-03-10,SKU_006,Grocery,392
2024-03-11,SKU_006,Grocery,364
2024-03-12,SKU_006,Grocery,302
2024-03-13,SKU_006,Grocery,305
2024-03-14,SKU_006,Grocery,271
2024-03-15,SKU_006,Grocery,343
2024-03-16,SKU_006,Grocery,322
2024-03-17,SKU_006,Grocery,370
2024-03-18,SKU_006,Grocery,370
2024-03-19,SKU_006,Grocery,311
2024-03-20,SKU_006,Grocery,304
2024-03-21,SKU_006,Grocery,295
2024-03-22,SKU_006,Grocery,317
2024-03-23,SKU_006,Grocery,342
2024-03-24,SKU_006,Grocery,367
2024-03-25,SKU_006,Grocery,352
2024-03-26,SKU_006,Grocery,303
2024-03-27,SKU_006,Grocery,298
2024-03-28,SKU_006,Grocery,275
2024-03-29,SKU_006,Grocery,279
2024-03-30,SKU_006,Grocery,331
2024-03-31,SKU_006,Grocery,356
2024-04-01,SKU_006,Grocery,346
2024-04-02,SKU_006,Grocery,109
2024-04-03,SKU_006,Grocery,124
2024-04-04,SKU_006,Grocery,110
2024-04-05,SKU_006,Grocery,112
2024-04-06,SKU_006,Grocery,133
2024-04-07,SKU_006,Grocery,344
2024-04-08,SKU_006,Grocery,290
2024-04-09,SKU_006,Grocery,270
2024-04-10,SKU_006,Grocery,238
2024-04-11,SKU_006,Grocery,269
2024-04-12,SKU_006,Grocery,274
2024-04-13,SKU_006,Grocery,344
2024-04-14,SKU_006,Grocery,333
2024-04-15,SKU_006,Grocery,340
2024-04-16,SKU_006,Grocery,298
2024-04-17,SKU_006,Grocery,282
2024-04-18,SKU_006,Grocery,255
2024-04-19,SKU_006,Grocery,267
2024-04-20,SKU_006,Grocery,334
2024-04-21,SKU_006,Grocery,339
2024-04-22,SKU_006,Grocery,331
2024-04-23,SKU_006,Grocery,283
2024-04-24,SKU_006,Grocery,286
2024-04-25,SKU_006,Grocery,259
2024-04-26,SKU_006,Grocery,245
2024-04-27,SKU_006,Grocery,323
2024-04-28,SKU_006,Grocery,314
2024-04-29,SKU_006,Grocery,334
2024-04-30,SKU_006,Grocery,266
2024-05-01,SKU_006,Grocery,286
2024-05-02,SKU_006,Grocery,237
2024-05-03,SKU_006,Grocery,287
2024-05-04,SKU_006,Grocery,320
2024-05-05,SKU_006,Grocery,338
2024-05-06,SKU_006,Grocery,328
2024-05-07,SKU_006,Grocery,303
2024-05-08,SKU_006,Grocery,269
2024-05-09,SKU_006,Grocery,246
2024-05-10,SKU_006,Grocery,262
2024-05-11,SKU_006,Grocery,336
2024-05-12,SKU_006,Grocery,310
2024-05-13,SKU_006,Grocery,336
2024-05-14,SKU_006,Grocery,274
2024-05-15,SKU_006,Grocery,278
2024-05-16,SKU_006,Grocery,242
2024-05-17,SKU_006,Grocery,266
2024-05-18,SKU_006,Grocery,283
2024-05-19,SKU_006,Grocery,363
2024-05-20,SKU_006,Grocery,347
2024-05-21,SKU_006,Grocery,274
2024-05-22,SKU_006,Grocery,253
2024-05-23,SKU_006,Grocery,245
2024-05-24,SKU_006,Grocery,282
2024-05-25,SKU_006,Grocery,360
2024-05-26,SKU_006,Grocery,310
2024-05-27,SKU_006,Grocery,338
2024-05-28,SKU_006,Grocery,254
2024-05-29,SKU_006,Grocery,248
2024-05-30,SKU_006,Grocery,262
2024-05-31,SKU_006,Grocery,283
2024-06-01,SKU_006,Grocery,316
2024-06-02,SKU_006,Grocery,313
2024-06-03,SKU_006,Grocery,284
2024-06-04,SKU_006,Grocery,272
2024-06-05,SKU_006,Grocery,267
2024-06-06,SKU_006,Grocery,269
2024-06-07,SKU_006,Grocery,304
2024-06-08,SKU_006,Grocery,308
2024-06-09,SKU_006,Grocery,360
2024-06-10,SKU_006,Grocery,321
2024-06-11,SKU_006,Grocery,290
2024-06-12,SKU_006,Grocery,243
2024-06-13,SKU_006,Grocery,261
2024-06-14,SKU_006,Grocery,277
2024-06-15,SKU_006,Grocery,294
2024-06-16,SKU_006,Grocery,349
2024-06-17,SKU_006,Grocery,327
2024-06-18,SKU_006,Grocery,293
2024-06-19,SKU_006,Grocery,275
2024-06-20,SKU_006,Grocery,268
2024-06-21,SKU_006,Grocery,311
2024-06-22,SKU_006,Grocery,321
2024-06-23,SKU_006,Grocery,354
2024-06-24,SKU_006,Grocery,346
2024-06-25,SKU_006,Grocery,264
2024-06-26,SKU_006,Grocery,287
2024-06-27,SKU_006,Grocery,277
2024-06-28,SKU_006,Grocery,295
2024-06-29,SKU_006,Grocery,323
2024-06-30,SKU_006,Grocery,366
2024-07-01,SKU_006,Grocery,332
2024-07-02,SKU_006,Grocery,312
2024-07-03,SKU_006,Grocery,284
2024-07-04,SKU_006,Grocery,248
2024-07-05,SKU_006,Grocery,313
2024-07-06,SKU_006,Grocery,325
2024-07-07,SKU_006,Grocery,372
2024-07-08,SKU_006,Grocery,347
2024-07-09,SKU_006,Grocery,291
2024-07-10,SKU_006,Grocery,261
2024-07-11,SKU_006,Grocery,263
2024-07-12,SKU_006,Grocery,260
2024-07-13,SKU_006,Grocery,333
2024-07-14,SKU_006,Grocery,331
2024-07-15,SKU_006,Grocery,311
2024-07-16,SKU_006,Grocery,324
2024-07-17,SKU_006,Grocery,267
2024-07-18,SKU_006,Grocery,292
2024-07-19,SKU_006,Grocery,314
2024-07-20,SKU_006,Grocery,349
2024-07-21,SKU_006,Grocery,387
2024-07-22,SKU_006,Grocery,418
2024-07-23,SKU_006,Grocery,261
2024-07-24,SKU_006,Grocery,284
2024-07-25,SKU_006,Grocery,291
2024-07-26,SKU_006,Grocery,319
2024-07-27,SKU_006,Grocery,400
2024-07-28,SKU_006,Grocery,387
2024-07-29,SKU_006,Grocery,390
2024-07-30,SKU_006,Grocery,341
2024-07-31,SKU_006,Grocery,316
2024-08-01,SKU_006,Grocery,278
2024-08-02,SKU_006,Grocery,338
2024-08-03,SKU_006,Grocery,358
2024-08-04,SKU_006,Grocery,381
2024-08-05,SKU_006,Grocery,403
2024-08-06,SKU_006,Grocery,331
2024-08-07,SKU_006,Grocery,290
2024-08-08,SKU_006,Grocery,297
2024-08-09,SKU_006,Grocery,314
2024-08-10,SKU_006,Grocery,397
2024-08-11,SKU_006,Grocery,410
2024-08-12,SKU_006,Grocery,367
2024-08-13,SKU_006,Grocery,308
2024-08-14,SKU_006,Grocery,292
2024-08-15,SKU_006,Grocery,320
2024-08-16,SKU_006,Grocery,332
2024-08-17,SKU_006,Grocery,419
2024-08-18,SKU_006,Grocery,398
2024-08-19,SKU_006,Grocery,384
2024-08-20,SKU_006,Grocery,363
2024-08-21,SKU_006,Grocery,303
2024-08-22,SKU_006,Grocery,333
2024-08-23,SKU_006,Grocery,363
2024-08-24,SKU_006,Grocery,410
2024-08-25,SKU_006,Grocery,439
2024-08-26,SKU_006,Grocery,421
2024-08-27,SKU_006,Grocery,347
2024-08-28,SKU_006,Grocery,338
2024-08-29,SKU_006,Grocery,332
2024-08-30,SKU_006,Grocery,370
2024-08-31,SKU_006,Grocery,406
2024-09-01,SKU_006,Grocery,409
2024-09-02,SKU_006,Grocery,449
2024-09-03,SKU_006,Grocery,362
2024-09-04,SKU_006,Grocery,337
2024-09-05,SKU_006,Grocery,308
2024-09-06,SKU_006,Grocery,357
2024-09-07,SKU_006,Grocery,431
2024-09-08,SKU_006,Grocery,459
2024-09-09,SKU_006,Grocery,448
2024-09-10,SKU_006,Grocery,345
2024-09-11,SKU_006,Grocery,341
2024-09-12,SKU_006,Grocery,367
2024-09-13,SKU_006,Grocery,370
2024-09-14,SKU_006,Grocery,452
2024-09-15,SKU_006,Grocery,491
2024-09-16,SKU_006,Grocery,456
2024-09-17,SKU_006,Grocery,376
2024-09-18,SKU_006,Grocery,367
2024-09-19,SKU_006,Grocery,355
2024-09-20,SKU_006,Grocery,410
2024-09-21,SKU_006,Grocery,454
2024-09-22,SKU_006,Grocery,483
2024-09-23,SKU_006,Grocery,442
2024-09-24,SKU_006,Grocery,392
2024-09-25,SKU_006,Grocery,347
2024-09-26,SKU_006,Grocery,335
2024-09-27,SKU_006,Grocery,410
2024-09-28,SKU_006,Grocery,459
2024-09-29,SKU_006,Grocery,488
2024-09-30,SKU_006,Grocery,421
2024-10-01,SKU_006,Grocery,387
2024-10-02,SKU_006,Grocery,365
2024-10-03,SKU_006,Grocery,381
2024-10-04,SKU_006,Grocery,394
2024-10-05,SKU_006,Grocery,444
2024-10-06,SKU_006,Grocery,473
2024-10-07,SKU_006,Grocery,450
2024-10-08,SKU_006,Grocery,395
2024-10-09,SKU_006,Grocery,357
2024-10-10,SKU_006,Grocery,377
2024-10-11,SKU_006,Grocery,389
2024-10-12,SKU_006,Grocery,450
2024-10-13,SKU_006,Grocery,481
2024-10-14,SKU_006,Grocery,442
2024-10-15,SKU_006,Grocery,425
2024-10-16,SKU_006,Grocery,321
2024-10-17,SKU_006,Grocery,406
2024-10-18,SKU_006,Grocery,421
2024-10-19,SKU_006,Grocery,452
2024-10-20,SKU_006,Grocery,468
2024-10-21,SKU_006,Grocery,449
2024-10-22,SKU_006,Grocery,451
2024-10-23,SKU_006,Grocery,398
2024-10-24,SKU_006,Grocery,376
2024-10-25,SKU_006,Grocery,430
2024-10-26,SKU_006,Grocery,504
2024-10-27,SKU_006,Grocery,498
2024-10-28,SKU_006,Grocery,480
2024-10-29,SKU_006,Grocery,408
2024-10-30,SKU_006,Grocery,382
2024-10-31,SKU_006,Grocery,385
2024-11-01,SKU_006,Grocery,442
2024-11-02,SKU_006,Grocery,505
2024-11-03,SKU_006,Grocery,522
2024-11-04,SKU_006,Grocery,479
2024-11-05,SKU_006,Grocery,414
2024-11-06,SKU_006,Grocery,359
2024-11-07,SKU_006,Grocery,377
2024-11-08,SKU_006,Grocery,409
2024-11-09,SKU_006,Grocery,452
2024-11-10,SKU_006,Grocery,504
2024-11-11,SKU_006,Grocery,490
2024-11-12,SKU_006,Grocery,422
2024-11-13,SKU_006,Grocery,386
2024-11-14,SKU_006,Grocery,388
2024-11-15,SKU_006,Grocery,398
2024-11-16,SKU_006,Grocery,487
2024-11-17,SKU_006,Grocery,474
2024-11-18,SKU_006,Grocery,505
2024-11-19,SKU_006,Grocery,395
2024-11-20,SKU_006,Grocery,415
2024-11-21,SKU_006,Grocery,385
2024-11-22,SKU_006,Grocery,410
2024-11-23,SKU_006,Grocery,503
2024-11-24,SKU_006,Grocery,492
2024-11-25,SKU_006,Grocery,464
2024-11-26,SKU_006,Grocery,463
2024-11-27,SKU_006,Grocery,373
2024-11-28,SKU_006,Grocery,340
2024-11-29,SKU_006,Grocery,386
2024-11-30,SKU_006,Grocery,450
2024-12-01,SKU_006,Grocery,468
2024-12-02,SKU_006,Grocery,503
2024-12-03,SKU_006,Grocery,417
2024-12-04,SKU_006,Grocery,377
2024-12-05,SKU_006,Grocery,387
2024-12-06,SKU_006,Grocery,409
2024-12-07,SKU_006,Grocery,460
2024-12-08,SKU_006,Grocery,496
2024-12-09,SKU_006,Grocery,465
2024-12-10,SKU_006,Grocery,414
2024-12-11,SKU_006,Grocery,324
2024-12-12,SKU_006,Grocery,362
2024-12-13,SKU_006,Grocery,413
2024-12-14,SKU_006,Grocery,456
2024-12-15,SKU_006,Grocery,464
2024-12-16,SKU_006,Grocery,458
2024-12-17,SKU_006,Grocery,382
2024-12-18,SKU_006,Grocery,398
2024-12-19,SKU_006,Grocery,395
2024-12-20,SKU_006,Grocery,409
2024-12-21,SKU_006,Grocery,493
2024-12-22,SKU_006,Grocery,466
2024-12-23,SKU_006,Grocery,426
2024-12-24,SKU_006,Grocery,392
2024-12-25,SKU_006,Grocery,388
2024-12-26,SKU_006,Grocery,345
2024-12-27,SKU_006,Grocery,356
2024-12-28,SKU_006,Grocery,461
2024-12-29,SKU_006,Grocery,462
2024-12-30,SKU_006,Grocery,502
2023-01-01,SKU_007,Apparel,191
2023-01-02,SKU_007,Apparel,144
2023-01-03,SKU_007,Apparel,139
2023-01-04,SKU_007,Apparel,140
2023-01-05,SKU_007,Apparel,162
2023-01-06,SKU_007,Apparel,211
2023-01-07,SKU_007,Apparel,220
2023-01-08,SKU_007,Apparel,193
2023-01-09,SKU_007,Apparel,175
2023-01-10,SKU_007,Apparel,144
2023-01-11,SKU_007,Apparel,114
2023-01-12,SKU_007,Apparel,181
2023-01-13,SKU_007,Apparel,214
2023-01-14,SKU_007,Apparel,236
2023-01-15,SKU_007,Apparel,219
2023-01-16,SKU_007,Apparel,146
2023-01-17,SKU_007,Apparel,142
2023-01-18,SKU_007,Apparel,136
2023-01-19,SKU_007,Apparel,185
2023-01-20,SKU_007,Apparel,229
2023-01-21,SKU_007,Apparel,226
2023-01-22,SKU_007,Apparel,207
2023-01-23,SKU_007,Apparel,166
2023-01-24,SKU_007,Apparel,139
2023-01-25,SKU_007,Apparel,118
2023-01-26,SKU_007,Apparel,201
2023-01-27,SKU_007,Apparel,230
2023-01-28,SKU_007,Apparel,262
2023-01-29,SKU_007,Apparel,218
2023-01-30,SKU_007,Apparel,158
2023-01-31,SKU_007,Apparel,144
2023-02-01,SKU_007,Apparel,151
2023-02-02,SKU_007,Apparel,199
2023-02-03,SKU_007,Apparel,239
2023-02-04,SKU_007,Apparel,255
2023-02-05,SKU_007,Apparel,217
2023-02-06,SKU_007,Apparel,201
2023-02-07,SKU_007,Apparel,164
2023-02-08,SKU_007,Apparel,156
2023-02-09,SKU_007,Apparel,181
2023-02-10,SKU_007,Apparel,262
2023-02-11,SKU_007,Apparel,260
2023-02-12,SKU_007,Apparel,233
2023-02-13,SKU_007,Apparel,216
2023-02-14,SKU_007,Apparel,139
2023-02-15,SKU_007,Apparel,175
2023-02-16,SKU_007,Apparel,192
2023-02-17,SKU_007,Apparel,255
2023-02-18,SKU_007,Apparel,293
2023-02-19,SKU_007,Apparel,253
2023-02-20,SKU_007,Apparel,217
2023-02-21,SKU_007,Apparel,180
2023-02-22,SKU_007,Apparel,167
2023-02-23,SKU_007,Apparel,226
2023-02-24,SKU_007,Apparel,247
2023-02-25,SKU_007,Apparel,269
2023-02-26,SKU_007,Apparel,251
2023-02-27,SKU_007,Apparel,212
2023-02-28,SKU_007,Apparel,175
2023-03-01,SKU_007,Apparel,183
2023-03-02,SKU_007,Apparel,207
2023-03-03,SKU_007,Apparel,278
2023-03-04,SKU_007,Apparel,287
2023-03-05,SKU_007,Apparel,271
2023-03-06,SKU_007,Apparel,229
2023-03-07,SKU_007,Apparel,182
2023-03-08,SKU_007,Apparel,179
2023-03-09,SKU_007,Apparel,234
2023-03-10,SKU_007,Apparel,284
2023-03-11,SKU_007,Apparel,309
2023-03-12,SKU_007,Apparel,297
2023-03-13,SKU_007,Apparel,253
2023-03-14,SKU_007,Apparel,182
2023-03-15,SKU_007,Apparel,172
2023-03-16,SKU_007,Apparel,256
2023-03-17,SKU_007,Apparel,283
2023-03-18,SKU_007,Apparel,298
2023-03-19,SKU_007,Apparel,313
2023-03-20,SKU_007,Apparel,250
2023-03-21,SKU_007,Apparel,205
2023-03-22,SKU_007,Apparel,213
2023-03-23,SKU_007,Apparel,264
2023-03-24,SKU_007,Apparel,316
2023-03-25,SKU_007,Apparel,314
2023-03-26,SKU_007,Apparel,322
2023-03-27,SKU_007,Apparel,261
2023-03-28,SKU_007,Apparel,218
2023-03-29,SKU_007,Apparel,182
2023-03-30,SKU_007,Apparel,286
2023-03-31,SKU_007,Apparel,354
2023-04-01,SKU_007,Apparel,350
2023-04-02,SKU_007,Apparel,308
2023-04-03,SKU_007,Apparel,281
2023-04-04,SKU_007,Apparel,226
2023-04-05,SKU_007,Apparel,221
2023-04-06,SKU_007,Apparel,249
2023-04-07,SKU_007,Apparel,323
2023-04-08,SKU_007,Apparel,360
2023-04-09,SKU_007,Apparel,316
2023-04-10,SKU_007,Apparel,272
2023-04-11,SKU_007,Apparel,233
2023-04-12,SKU_007,Apparel,207
2023-04-13,SKU_007,Apparel,276
2023-04-14,SKU_007,Apparel,332
2023-04-15,SKU_007,Apparel,358
2023-04-16,SKU_007,Apparel,379
2023-04-17,SKU_007,Apparel,275
2023-04-18,SKU_007,Apparel,237
2023-04-19,SKU_007,Apparel,254
2023-04-20,SKU_007,Apparel,249
2023-04-21,SKU_007,Apparel,353
2023-04-22,SKU_007,Apparel,756
2023-04-23,SKU_007,Apparel,669
2023-04-24,SKU_007,Apparel,294
2023-04-25,SKU_007,Apparel,237
2023-04-26,SKU_007,Apparel,230
2023-04-27,SKU_007,Apparel,290
2023-04-28,SKU_007,Apparel,362
2023-04-29,SKU_007,Apparel,379
2023-04-30,SKU_007,Apparel,382
2023-05-01,SKU_007,Apparel,295
2023-05-02,SKU_007,Apparel,247
2023-05-03,SKU_007,Apparel,233
2023-05-04,SKU_007,Apparel,364
2023-05-05,SKU_007,Apparel,391
2023-05-06,SKU_007,Apparel,389
2023-05-07,SKU_007,Apparel,349
2023-05-08,SKU_007,Apparel,294
2023-05-09,SKU_007,Apparel,288
2023-05-10,SKU_007,Apparel,277
2023-05-11,SKU_007,Apparel,301
2023-05-12,SKU_007,Apparel,389
2023-05-13,SKU_007,Apparel,404
2023-05-14,SKU_007,Apparel,361
2023-05-15,SKU_007,Apparel,328
2023-05-16,SKU_007,Apparel,261
2023-05-17,SKU_007,Apparel,260
2023-05-18,SKU_007,Apparel,295
2023-05-19,SKU_007,Apparel,420
2023-05-20,SKU_007,Apparel,377
2023-05-21,SKU_007,Apparel,393
2023-05-22,SKU_007,Apparel,345
2023-05-23,SKU_007,Apparel,285
2023-05-24,SKU_007,Apparel,238
2023-05-25,SKU_007,Apparel,329
2023-05-26,SKU_007,Apparel,382
2023-05-27,SKU_007,Apparel,399
2023-05-28,SKU_007,Apparel,403
2023-05-29,SKU_007,Apparel,321
2023-05-30,SKU_007,Apparel,292
2023-05-31,SKU_007,Apparel,245
2023-06-01,SKU_007,Apparel,307
2023-06-02,SKU_007,Apparel,399
2023-06-03,SKU_007,Apparel,430
2023-06-04,SKU_007,Apparel,430
2023-06-05,SKU_007,Apparel,356
2023-06-06,SKU_007,Apparel,260
2023-06-07,SKU_007,Apparel,281
2023-06-08,SKU_007,Apparel,315
2023-06-09,SKU_007,Apparel,416
2023-06-10,SKU_007,Apparel,436
2023-06-11,SKU_007,Apparel,375
2023-06-12,SKU_007,Apparel,314
2023-06-13,SKU_007,Apparel,269
2023-06-14,SKU_007,Apparel,262
2023-06-15,SKU_007,Apparel,342
2023-06-16,SKU_007,Apparel,413
2023-06-17,SKU_007,Apparel,414
2023-06-18,SKU_007,Apparel,413
2023-06-19,SKU_007,Apparel,324
2023-06-20,SKU_007,Apparel,262
2023-06-21,SKU_007,Apparel,270
2023-06-22,SKU_007,Apparel,301
2023-06-23,SKU_007,Apparel,356
2023-06-24,SKU_007,Apparel,434
2023-06-25,SKU_007,Apparel,414
2023-06-26,SKU_007,Apparel,307
2023-06-27,SKU_007,Apparel,276
2023-06-28,SKU_007,Apparel,285
2023-06-29,SKU_007,Apparel,318
2023-06-30,SKU_007,Apparel,386
2023-07-01,SKU_007,Apparel,470
2023-07-02,SKU_007,Apparel,373
2023-07-03,SKU_007,Apparel,344
2023-07-04,SKU_007,Apparel,266
2023-07-05,SKU_007,Apparel,252
2023-07-06,SKU_007,Apparel,318
2023-07-07,SKU_007,Apparel,420
2023-07-08,SKU_007,Apparel,420
2023-07-09,SKU_007,Apparel,372
2023-07-10,SKU_007,Apparel,338
2023-07-11,SKU_007,Apparel,241
2023-07-12,SKU_007,Apparel,265
2023-07-13,SKU_007,Apparel,316
2023-07-14,SKU_007,Apparel,395
2023-07-15,SKU_007,Apparel,422
2023-07-16,SKU_007,Apparel,382
2023-07-17,SKU_007,Apparel,299
2023-07-18,SKU_007,Apparel,265
2023-07-19,SKU_007,Apparel,270
2023-07-20,SKU_007,Apparel,300
2023-07-21,SKU_007,Apparel,388
2023-07-22,SKU_007,Apparel,404
2023-07-23,SKU_007,Apparel,350
2023-07-24,SKU_007,Apparel,290
2023-07-25,SKU_007,Apparel,240
2023-07-26,SKU_007,Apparel,232
2023-07-27,SKU_007,Apparel,286
2023-07-28,SKU_007,Apparel,357
2023-07-29,SKU_007,Apparel,442
2023-07-30,SKU_007,Apparel,366
2023-07-31,SKU_007,Apparel,272
2023-08-01,SKU_007,Apparel,244
2023-08-02,SKU_007,Apparel,259
2023-08-03,SKU_007,Apparel,305
2023-08-04,SKU_007,Apparel,359
2023-08-05,SKU_007,Apparel,414
2023-08-06,SKU_007,Apparel,322
2023-08-07,SKU_007,Apparel,306
2023-08-08,SKU_007,Apparel,236
2023-08-09,SKU_007,Apparel,257
2023-08-10,SKU_007,Apparel,301
2023-08-11,SKU_007,Apparel,327
2023-08-12,SKU_007,Apparel,357
2023-08-13,SKU_007,Apparel,355
2023-08-14,SKU_007,Apparel,301
2023-08-15,SKU_007,Apparel,230
2023-08-16,SKU_007,Apparel,235
2023-08-17,SKU_007,Apparel,279
2023-08-18,SKU_007,Apparel,320
2023-08-19,SKU_007,Apparel,311
2023-08-20,SKU_007,Apparel,348
2023-08-21,SKU_007,Apparel,274
2023-08-22,SKU_007,Apparel,212
2023-08-23,SKU_007,Apparel,216
2023-08-24,SKU_007,Apparel,280
2023-08-25,SKU_007,Apparel,365
2023-08-26,SKU_007,Apparel,369
2023-08-27,SKU_007,Apparel,324
2023-08-28,SKU_007,Apparel,260
2023-08-29,SKU_007,Apparel,207
2023-08-30,SKU_007,Apparel,222
2023-08-31,SKU_007,Apparel,266
2023-09-01,SKU_007,Apparel,336
2023-09-02,SKU_007,Apparel,374
2023-09-03,SKU_007,Apparel,294
2023-09-04,SKU_007,Apparel,239
2023-09-05,SKU_007,Apparel,213
2023-09-06,SKU_007,Apparel,195
2023-09-07,SKU_007,Apparel,265
2023-09-08,SKU_007,Apparel,300
2023-09-09,SKU_007,Apparel,305
2023-09-10,SKU_007,Apparel,324
2023-09-11,SKU_007,Apparel,255
2023-09-12,SKU_007,Apparel,197
2023-09-13,SKU_007,Apparel,187
2023-09-14,SKU_007,Apparel,251
2023-09-15,SKU_007,Apparel,325
2023-09-16,SKU_007,Apparel,314
2023-09-17,SKU_007,Apparel,267
2023-09-18,SKU_007,Apparel,218
2023-09-19,SKU_007,Apparel,218
2023-09-20,SKU_007,Apparel,168
2023-09-21,SKU_007,Apparel,233
2023-09-22,SKU_007,Apparel,281
2023-09-23,SKU_007,Apparel,289
2023-09-24,SKU_007,Apparel,270
2023-09-25,SKU_007,Apparel,214
2023-09-26,SKU_007,Apparel,162
2023-09-27,SKU_007,Apparel,191
2023-09-28,SKU_007,Apparel,208
2023-09-29,SKU_007,Apparel,307
2023-09-30,SKU_007,Apparel,269
2023-10-01,SKU_007,Apparel,252
2023-10-02,SKU_007,Apparel,222
2023-10-03,SKU_007,Apparel,178
2023-10-04,SKU_007,Apparel,183
2023-10-05,SKU_007,Apparel,201
2023-10-06,SKU_007,Apparel,246
2023-10-07,SKU_007,Apparel,266
2023-10-08,SKU_007,Apparel,230
2023-10-09,SKU_007,Apparel,216
2023-10-10,SKU_007,Apparel,156
2023-10-11,SKU_007,Apparel,173
2023-10-12,SKU_007,Apparel,213
2023-10-13,SKU_007,Apparel,241
2023-10-14,SKU_007,Apparel,266
2023-10-15,SKU_007,Apparel,263
2023-10-16,SKU_007,Apparel,200
2023-10-17,SKU_007,Apparel,165
2023-10-18,SKU_007,Apparel,154
2023-10-19,SKU_007,Apparel,183
2023-10-20,SKU_007,Apparel,234
2023-10-21,SKU_007,Apparel,204
2023-10-22,SKU_007,Apparel,227
2023-10-23,SKU_007,Apparel,200
2023-10-24,SKU_007,Apparel,142
2023-10-25,SKU_007,Apparel,145
2023-10-26,SKU_007,Apparel,163
2023-10-27,SKU_007,Apparel,235
2023-10-28,SKU_007,Apparel,262
2023-10-29,SKU_007,Apparel,221
2023-10-30,SKU_007,Apparel,174
2023-10-31,SKU_007,Apparel,138
2023-11-01,SKU_007,Apparel,160
2023-11-02,SKU_007,Apparel,167
2023-11-03,SKU_007,Apparel,197
2023-11-04,SKU_007,Apparel,225
2023-11-05,SKU_007,Apparel,200
2023-11-06,SKU_007,Apparel,178
2023-11-07,SKU_007,Apparel,147
2023-11-08,SKU_007,Apparel,145
2023-11-09,SKU_007,Apparel,166
2023-11-10,SKU_007,Apparel,220
2023-11-11,SKU_007,Apparel,222
2023-11-12,SKU_007,Apparel,213
2023-11-13,SKU_007,Apparel,158
2023-11-14,SKU_007,Apparel,137
2023-11-15,SKU_007,Apparel,152
2023-11-16,SKU_007,Apparel,154
2023-11-17,SKU_007,Apparel,209
2023-11-18,SKU_007,Apparel,210
2023-11-19,SKU_007,Apparel,210
2023-11-20,SKU_007,Apparel,156
2023-11-21,SKU_007,Apparel,130
2023-11-22,SKU_007,Apparel,129
2023-11-23,SKU_007,Apparel,154
2023-11-24,SKU_007,Apparel,380
2023-11-25,SKU_007,Apparel,240
2023-11-26,SKU_007,Apparel,180
2023-11-27,SKU_007,Apparel,158
2023-11-28,SKU_007,Apparel,129
2023-11-29,SKU_007,Apparel,131
2023-11-30,SKU_007,Apparel,157
2023-12-01,SKU_007,Apparel,212
2023-12-02,SKU_007,Apparel,209
2023-12-03,SKU_007,Apparel,187
2023-12-04,SKU_007,Apparel,155
2023-12-05,SKU_007,Apparel,121
2023-12-06,SKU_007,Apparel,112
2023-12-07,SKU_007,Apparel,161
2023-12-08,SKU_007,Apparel,177
2023-12-09,SKU_007,Apparel,207
2023-12-10,SKU_007,Apparel,189
2023-12-11,SKU_007,Apparel,167
2023-12-12,SKU_007,Apparel,120
2023-12-13,SKU_007,Apparel,126
2023-12-14,SKU_007,Apparel,164
2023-12-15,SKU_007,Apparel,196
2023-12-16,SKU_007,Apparel,215
2023-12-17,SKU_007,Apparel,179
2023-12-18,SKU_007,Apparel,154
2023-12-19,SKU_007,Apparel,130
2023-12-20,SKU_007,Apparel,125
2023-12-21,SKU_007,Apparel,136
2023-12-22,SKU_007,Apparel,184
2023-12-23,SKU_007,Apparel,190
2023-12-24,SKU_007,Apparel,186
2023-12-25,SKU_007,Apparel,148
2023-12-26,SKU_007,Apparel,126
2023-12-27,SKU_007,Apparel,127
2023-12-28,SKU_007,Apparel,188
2023-12-29,SKU_007,Apparel,198
2023-12-30,SKU_007,Apparel,208
2023-12-31,SKU_007,Apparel,208
2024-01-01,SKU_007,Apparel,150
2024-01-02,SKU_007,Apparel,113
2024-01-03,SKU_007,Apparel,142
2024-01-04,SKU_007,Apparel,149
2024-01-05,SKU_007,Apparel,179
2024-01-06,SKU_007,Apparel,236
2024-01-07,SKU_007,Apparel,189
2024-01-08,SKU_007,Apparel,147
2024-01-09,SKU_007,Apparel,120
2024-01-10,SKU_007,Apparel,148
2024-01-11,SKU_007,Apparel,156
2024-01-12,SKU_007,Apparel,235
2024-01-13,SKU_007,Apparel,232
2024-01-14,SKU_007,Apparel,232
2024-01-15,SKU_007,Apparel,140
2024-01-16,SKU_007,Apparel,124
2024-01-17,SKU_007,Apparel,139
2024-01-18,SKU_007,Apparel,151
2024-01-19,SKU_007,Apparel,212
2024-01-20,SKU_007,Apparel,238
2024-01-21,SKU_007,Apparel,206
2024-01-22,SKU_007,Apparel,174
2024-01-23,SKU_007,Apparel,112
2024-01-24,SKU_007,Apparel,125
2024-01-25,SKU_007,Apparel,186
2024-01-26,SKU_007,Apparel,216
2024-01-27,SKU_007,Apparel,246
2024-01-28,SKU_007,Apparel,225
2024-01-29,SKU_007,Apparel,171
2024-01-30,SKU_007,Apparel,139
2024-01-31,SKU_007,Apparel,126
2024-02-01,SKU_007,Apparel,182
2024-02-02,SKU_007,Apparel,201
2024-02-03,SKU_007,Apparel,233
2024-02-04,SKU_007,Apparel,242
2024-02-05,SKU_007,Apparel,187
2024-02-06,SKU_007,Apparel,178
2024-02-07,SKU_007,Apparel,144
2024-02-08,SKU_007,Apparel,161
2024-02-09,SKU_007,Apparel,214
2024-02-10,SKU_007,Apparel,245
2024-02-11,SKU_007,Apparel,221
2024-02-12,SKU_007,Apparel,197
2024-02-13,SKU_007,Apparel,140
2024-02-14,SKU_007,Apparel,139
2024-02-15,SKU_007,Apparel,172
2024-02-16,SKU_007,Apparel,217
2024-02-17,SKU_007,Apparel,243
2024-02-18,SKU_007,Apparel,224
2024-02-19,SKU_007,Apparel,218
2024-02-20,SKU_007,Apparel,149
2024-02-21,SKU_007,Apparel,150
2024-02-22,SKU_007,Apparel,215
2024-02-23,SKU_007,Apparel,257
2024-02-24,SKU_007,Apparel,238
2024-02-25,SKU_007,Apparel,253
2024-02-26,SKU_007,Apparel,202
2024-02-27,SKU_007,Apparel,192
2024-02-28,SKU_007,Apparel,159
2024-02-29,SKU_007,Apparel,214
2024-03-01,SKU_007,Apparel,227
2024-03-02,SKU_007,Apparel,314
2024-03-03,SKU_007,Apparel,247
2024-03-04,SKU_007,Apparel,210
2024-03-05,SKU_007,Apparel,183
2024-03-06,SKU_007,Apparel,184
2024-03-07,SKU_007,Apparel,202
2024-03-08,SKU_007,Apparel,281
2024-03-09,SKU_007,Apparel,301
2024-03-10,SKU_007,Apparel,250
2024-03-11,SKU_007,Apparel,224
2024-03-12,SKU_007,Apparel,198
2024-03-13,SKU_007,Apparel,190
2024-03-14,SKU_007,Apparel,219
2024-03-15,SKU_007,Apparel,261
2024-03-16,SKU_007,Apparel,330
2024-03-17,SKU_007,Apparel,285
2024-03-18,SKU_007,Apparel,228
2024-03-19,SKU_007,Apparel,168
2024-03-20,SKU_007,Apparel,172
2024-03-21,SKU_007,Apparel,228
2024-03-22,SKU_007,Apparel,301
2024-03-23,SKU_007,Apparel,331
2024-03-24,SKU_007,Apparel,292
2024-03-25,SKU_007,Apparel,254
2024-03-26,SKU_007,Apparel,213
2024-03-27,SKU_007,Apparel,201
2024-03-28,SKU_007,Apparel,263
2024-03-29,SKU_007,Apparel,289
2024-03-30,SKU_007,Apparel,316
2024-03-31,SKU_007,Apparel,305
2024-04-01,SKU_007,Apparel,239
2024-04-02,SKU_007,Apparel,207
2024-04-03,SKU_007,Apparel,197
2024-04-04,SKU_007,Apparel,255
2024-04-05,SKU_007,Apparel,318
2024-04-06,SKU_007,Apparel,344
2024-04-07,SKU_007,Apparel,282
2024-04-08,SKU_007,Apparel,264
2024-04-09,SKU_007,Apparel,182
2024-04-10,SKU_007,Apparel,208
2024-04-11,SKU_007,Apparel,306
2024-04-12,SKU_007,Apparel,289
2024-04-13,SKU_007,Apparel,329
2024-04-14,SKU_007,Apparel,323
2024-04-15,SKU_007,Apparel,243
2024-04-16,SKU_007,Apparel,222
2024-04-17,SKU_007,Apparel,242
2024-04-18,SKU_007,Apparel,270
2024-04-19,SKU_007,Apparel,355
2024-04-20,SKU_007,Apparel,343
2024-04-21,SKU_007,Apparel,337
2024-04-22,SKU_007,Apparel,289
2024-04-23,SKU_007,Apparel,239
2024-04-24,SKU_007,Apparel,242
2024-04-25,SKU_007,Apparel,268
2024-04-26,SKU_007,Apparel,339
2024-04-27,SKU_007,Apparel,377
2024-04-28,SKU_007,Apparel,319
2024-04-29,SKU_007,Apparel,277
2024-04-30,SKU_007,Apparel,243
2024-05-01,SKU_007,Apparel,228
2024-05-02,SKU_007,Apparel,288
2024-05-03,SKU_007,Apparel,330
2024-05-04,SKU_007,Apparel,393
2024-05-05,SKU_007,Apparel,360
2024-05-06,SKU_007,Apparel,286
2024-05-07,SKU_007,Apparel,216
2024-05-08,SKU_007,Apparel,227
2024-05-09,SKU_007,Apparel,293
2024-05-10,SKU_007,Apparel,366
2024-05-11,SKU_007,Apparel,380
2024-05-12,SKU_007,Apparel,373
2024-05-13,SKU_007,Apparel,308
2024-05-14,SKU_007,Apparel,240
2024-05-15,SKU_007,Apparel,210
2024-05-16,SKU_007,Apparel,254
2024-05-17,SKU_007,Apparel,363
2024-05-18,SKU_007,Apparel,397
2024-05-19,SKU_007,Apparel,349
2024-05-20,SKU_007,Apparel,319
2024-05-21,SKU_007,Apparel,269
2024-05-22,SKU_007,Apparel,253
2024-05-23,SKU_007,Apparel,283
2024-05-24,SKU_007,Apparel,378
2024-05-25,SKU_007,Apparel,379
2024-05-26,SKU_007,Apparel,333
2024-05-27,SKU_007,Apparel,330
2024-05-28,SKU_007,Apparel,254
2024-05-29,SKU_007,Apparel,257
2024-05-30,SKU_007,Apparel,303
2024-05-31,SKU_007,Apparel,364
2024-06-01,SKU_007,Apparel,379
2024-06-02,SKU_007,Apparel,353
2024-06-03,SKU_007,Apparel,298
2024-06-04,SKU_007,Apparel,261
2024-06-05,SKU_007,Apparel,272
2024-06-06,SKU_007,Apparel,326
2024-06-07,SKU_007,Apparel,393
2024-06-08,SKU_007,Apparel,384
2024-06-09,SKU_007,Apparel,382
2024-06-10,SKU_007,Apparel,316
2024-06-11,SKU_007,Apparel,253
2024-06-12,SKU_007,Apparel,234
2024-06-13,SKU_007,Apparel,326
2024-06-14,SKU_007,Apparel,419
2024-06-15,SKU_007,Apparel,424
2024-06-16,SKU_007,Apparel,389
2024-06-17,SKU_007,Apparel,315
2024-06-18,SKU_007,Apparel,224
2024-06-19,SKU_007,Apparel,269
2024-06-20,SKU_007,Apparel,275
2024-06-21,SKU_007,Apparel,350
2024-06-22,SKU_007,Apparel,419
2024-06-23,SKU_007,Apparel,376
2024-06-24,SKU_007,Apparel,298
2024-06-25,SKU_007,Apparel,263
2024-06-26,SKU_007,Apparel,242
2024-06-27,SKU_007,Apparel,293
2024-06-28,SKU_007,Apparel,360
2024-06-29,SKU_007,Apparel,421
2024-06-30,SKU_007,Apparel,383
2024-07-01,SKU_007,Apparel,297
2024-07-02,SKU_007,Apparel,261
2024-07-03,SKU_007,Apparel,235
2024-07-04,SKU_007,Apparel,329
2024-07-05,SKU_007,Apparel,369
2024-07-06,SKU_007,Apparel,408
2024-07-07,SKU_007,Apparel,394
2024-07-08,SKU_007,Apparel,297
2024-07-09,SKU_007,Apparel,262
2024-07-10,SKU_007,Apparel,241
2024-07-11,SKU_007,Apparel,253
2024-07-12,SKU_007,Apparel,323
2024-07-13,SKU_007,Apparel,370
2024-07-14,SKU_007,Apparel,381
2024-07-15,SKU_007,Apparel,302
2024-07-16,SKU_007,Apparel,221
2024-07-17,SKU_007,Apparel,231
2024-07-18,SKU_007,Apparel,279
2024-07-19,SKU_007,Apparel,330
2024-07-20,SKU_007,Apparel,398
2024-07-21,SKU_007,Apparel,358
2024-07-22,SKU_007,Apparel,291
2024-07-23,SKU_007,Apparel,236
2024-07-24,SKU_007,Apparel,258
2024-07-25,SKU_007,Apparel,287
2024-07-26,SKU_007,Apparel,374
2024-07-27,SKU_007,Apparel,383
2024-07-28,SKU_007,Apparel,336
2024-07-29,SKU_007,Apparel,270
2024-07-30,SKU_007,Apparel,228
2024-07-31,SKU_007,Apparel,250
2024-08-01,SKU_007,Apparel,306
2024-08-02,SKU_007,Apparel,310
2024-08-03,SKU_007,Apparel,386
2024-08-04,SKU_007,Apparel,344
2024-08-05,SKU_007,Apparel,243
2024-08-06,SKU_007,Apparel,204
2024-08-07,SKU_007,Apparel,225
2024-08-08,SKU_007,Apparel,289
2024-08-09,SKU_007,Apparel,354
2024-08-10,SKU_007,Apparel,355
2024-08-11,SKU_007,Apparel,323
2024-08-12,SKU_007,Apparel,273
2024-08-13,SKU_007,Apparel,210
2024-08-14,SKU_007,Apparel,200
2024-08-15,SKU_007,Apparel,269
2024-08-16,SKU_007,Apparel,334
2024-08-17,SKU_007,Apparel,360
2024-08-18,SKU_007,Apparel,341
2024-08-19,SKU_007,Apparel,258
2024-08-20,SKU_007,Apparel,196
2024-08-21,SKU_007,Apparel,210
2024-08-22,SKU_007,Apparel,254
2024-08-23,SKU_007,Apparel,303
2024-08-24,SKU_007,Apparel,354
2024-08-25,SKU_007,Apparel,301
2024-08-26,SKU_007,Apparel,259
2024-08-27,SKU_007,Apparel,205
2024-08-28,SKU_007,Apparel,197
2024-08-29,SKU_007,Apparel,261
2024-08-30,SKU_007,Apparel,277
2024-08-31,SKU_007,Apparel,320
2024-09-01,SKU_007,Apparel,324
2024-09-02,SKU_007,Apparel,238
2024-09-03,SKU_007,Apparel,193
2024-09-04,SKU_007,Apparel,205
2024-09-05,SKU_007,Apparel,256
2024-09-06,SKU_007,Apparel,273
2024-09-07,SKU_007,Apparel,318
2024-09-08,SKU_007,Apparel,259
2024-09-09,SKU_007,Apparel,206
2024-09-10,SKU_007,Apparel,178
2024-09-11,SKU_007,Apparel,205
2024-09-12,SKU_007,Apparel,221
2024-09-13,SKU_007,Apparel,267
2024-09-14,SKU_007,Apparel,314
2024-09-15,SKU_007,Apparel,274
2024-09-16,SKU_007,Apparel,239
2024-09-17,SKU_007,Apparel,174
2024-09-18,SKU_007,Apparel,188
2024-09-19,SKU_007,Apparel,206
2024-09-20,SKU_007,Apparel,265
2024-09-21,SKU_007,Apparel,300
2024-09-22,SKU_007,Apparel,274
2024-09-23,SKU_007,Apparel,209
2024-09-24,SKU_007,Apparel,177
2024-09-25,SKU_007,Apparel,176
2024-09-26,SKU_007,Apparel,202
2024-09-27,SKU_007,Apparel,251
2024-09-28,SKU_007,Apparel,276
2024-09-29,SKU_007,Apparel,237
2024-09-30,SKU_007,Apparel,197
2024-10-01,SKU_007,Apparel,177
2024-10-02,SKU_007,Apparel,157
2024-10-03,SKU_007,Apparel,209
2024-10-04,SKU_007,Apparel,252
2024-10-05,SKU_007,Apparel,259
2024-10-06,SKU_007,Apparel,237
2024-10-07,SKU_007,Apparel,193
2024-10-08,SKU_007,Apparel,151
2024-10-09,SKU_007,Apparel,158
2024-10-10,SKU_007,Apparel,187
2024-10-11,SKU_007,Apparel,250
2024-10-12,SKU_007,Apparel,234
2024-10-13,SKU_007,Apparel,233
2024-10-14,SKU_007,Apparel,173
2024-10-15,SKU_007,Apparel,140
2024-10-16,SKU_007,Apparel,143
2024-10-17,SKU_007,Apparel,192
2024-10-18,SKU_007,Apparel,237
2024-10-19,SKU_007,Apparel,233
2024-10-20,SKU_007,Apparel,205
2024-10-21,SKU_007,Apparel,159
2024-10-22,SKU_007,Apparel,145
2024-10-23,SKU_007,Apparel,143
2024-10-24,SKU_007,Apparel,179
2024-10-25,SKU_007,Apparel,189
2024-10-26,SKU_007,Apparel,245
2024-10-27,SKU_007,Apparel,201
2024-10-28,SKU_007,Apparel,150
2024-10-29,SKU_007,Apparel,142
2024-10-30,SKU_007,Apparel,111
2024-10-31,SKU_007,Apparel,165
2024-11-01,SKU_007,Apparel,212
2024-11-02,SKU_007,Apparel,237
2024-11-03,SKU_007,Apparel,241
2024-11-04,SKU_007,Apparel,177
2024-11-05,SKU_007,Apparel,129
2024-11-06,SKU_007,Apparel,135
2024-11-07,SKU_007,Apparel,158
2024-11-08,SKU_007,Apparel,187
2024-11-09,SKU_007,Apparel,203
2024-11-10,SKU_007,Apparel,211
2024-11-11,SKU_007,Apparel,162
2024-11-12,SKU_007,Apparel,134
2024-11-13,SKU_007,Apparel,157
2024-11-14,SKU_007,Apparel,148
2024-11-15,SKU_007,Apparel,187
2024-11-16,SKU_007,Apparel,177
2024-11-17,SKU_007,Apparel,214
2024-11-18,SKU_007,Apparel,156
2024-11-19,SKU_007,Apparel,121
2024-11-20,SKU_007,Apparel,119
2024-11-21,SKU_007,Apparel,140
2024-11-22,SKU_007,Apparel,179
2024-11-23,SKU_007,Apparel,165
2024-11-24,SKU_007,Apparel,186
2024-11-25,SKU_007,Apparel,154
2024-11-26,SKU_007,Apparel,126
2024-11-27,SKU_007,Apparel,131
2024-11-28,SKU_007,Apparel,156
2024-11-29,SKU_007,Apparel,360
2024-11-30,SKU_007,Apparel,201
2024-12-01,SKU_007,Apparel,179
2024-12-02,SKU_007,Apparel,133
2024-12-03,SKU_007,Apparel,129
2024-12-04,SKU_007,Apparel,126
2024-12-05,SKU_007,Apparel,152
2024-12-06,SKU_007,Apparel,182
2024-12-07,SKU_007,Apparel,178
2024-12-08,SKU_007,Apparel,177
2024-12-09,SKU_007,Apparel,150
2024-12-10,SKU_007,Apparel,93
2024-12-11,SKU_007,Apparel,128
2024-12-12,SKU_007,Apparel,155
2024-12-13,SKU_007,Apparel,184
2024-12-14,SKU_007,Apparel,189
2024-12-15,SKU_007,Apparel,166
2024-12-16,SKU_007,Apparel,128
2024-12-17,SKU_007,Apparel,121
2024-12-18,SKU_007,Apparel,110
2024-12-19,SKU_007,Apparel,145
2024-12-20,SKU_007,Apparel,182
2024-12-21,SKU_007,Apparel,214
2024-12-22,SKU_007,Apparel,182
2024-12-23,SKU_007,Apparel,143
2024-12-24,SKU_007,Apparel,128
2024-12-25,SKU_007,Apparel,107
2024-12-26,SKU_007,Apparel,129
2024-12-27,SKU_007,Apparel,173
2024-12-28,SKU_007,Apparel,181
2024-12-29,SKU_007,Apparel,167
2024-12-30,SKU_007,Apparel,150
2023-01-01,SKU_008,Apparel,159
2023-01-02,SKU_008,Apparel,115
2023-01-03,SKU_008,Apparel,94
2023-01-04,SKU_008,Apparel,88
2023-01-05,SKU_008,Apparel,126
2023-01-06,SKU_008,Apparel,148
2023-01-07,SKU_008,Apparel,172
2023-01-08,SKU_008,Apparel,121
2023-01-09,SKU_008,Apparel,125
2023-01-10,SKU_008,Apparel,103
2023-01-11,SKU_008,Apparel,95
2023-01-12,SKU_008,Apparel,134
2023-01-13,SKU_008,Apparel,151
2023-01-14,SKU_008,Apparel,168
2023-01-15,SKU_008,Apparel,117
2023-01-16,SKU_008,Apparel,120
2023-01-17,SKU_008,Apparel,100
2023-01-18,SKU_008,Apparel,88
2023-01-19,SKU_008,Apparel,125
2023-01-20,SKU_008,Apparel,148
2023-01-21,SKU_008,Apparel,174
2023-01-22,SKU_008,Apparel,154
2023-01-23,SKU_008,Apparel,146
2023-01-24,SKU_008,Apparel,124
2023-01-25,SKU_008,Apparel,117
2023-01-26,SKU_008,Apparel,140
2023-01-27,SKU_008,Apparel,171
2023-01-28,SKU_008,Apparel,162
2023-01-29,SKU_008,Apparel,159
2023-01-30,SKU_008,Apparel,142
2023-01-31,SKU_008,Apparel,120
2023-02-01,SKU_008,Apparel,98
2023-02-02,SKU_008,Apparel,153
2023-02-03,SKU_008,Apparel,163
2023-02-04,SKU_008,Apparel,184
2023-02-05,SKU_008,Apparel,159
2023-02-06,SKU_008,Apparel,127
2023-02-07,SKU_008,Apparel,102
2023-02-08,SKU_008,Apparel,117
2023-02-09,SKU_008,Apparel,157
2023-02-10,SKU_008,Apparel,190
2023-02-11,SKU_008,Apparel,201
2023-02-12,SKU_008,Apparel,188
2023-02-13,SKU_008,Apparel,145
2023-02-14,SKU_008,Apparel,129
2023-02-15,SKU_008,Apparel,113
2023-02-16,SKU_008,Apparel,156
2023-02-17,SKU_008,Apparel,183
2023-02-18,SKU_008,Apparel,211
2023-02-19,SKU_008,Apparel,213
2023-02-20,SKU_008,Apparel,134
2023-02-21,SKU_008,Apparel,105
2023-02-22,SKU_008,Apparel,118
2023-02-23,SKU_008,Apparel,156
2023-02-24,SKU_008,Apparel,189
2023-02-25,SKU_008,Apparel,193
2023-02-26,SKU_008,Apparel,173
2023-02-27,SKU_008,Apparel,184
2023-02-28,SKU_008,Apparel,151
2023-03-01,SKU_008,Apparel,146
2023-03-02,SKU_008,Apparel,146
2023-03-03,SKU_008,Apparel,171
2023-03-04,SKU_008,Apparel,232
2023-03-05,SKU_008,Apparel,203
2023-03-06,SKU_008,Apparel,152
2023-03-07,SKU_008,Apparel,147
2023-03-08,SKU_008,Apparel,166
2023-03-09,SKU_008,Apparel,188
2023-03-10,SKU_008,Apparel,204
2023-03-11,SKU_008,Apparel,230
2023-03-12,SKU_008,Apparel,201
2023-03-13,SKU_008,Apparel,166
2023-03-14,SKU_008,Apparel,148
2023-03-15,SKU_008,Apparel,163
2023-03-16,SKU_008,Apparel,170
2023-03-17,SKU_008,Apparel,203
2023-03-18,SKU_008,Apparel,249
2023-03-19,SKU_008,Apparel,212
2023-03-20,SKU_008,Apparel,181
2023-03-21,SKU_008,Apparel,157
2023-03-22,SKU_008,Apparel,127
2023-03-23,SKU_008,Apparel,208
2023-03-24,SKU_008,Apparel,206
2023-03-25,SKU_008,Apparel,251
2023-03-26,SKU_008,Apparel,230
2023-03-27,SKU_008,Apparel,188
2023-03-28,SKU_008,Apparel,135
2023-03-29,SKU_008,Apparel,178
2023-03-30,SKU_008,Apparel,185
2023-03-31,SKU_008,Apparel,230
2023-04-01,SKU_008,Apparel,233
2023-04-02,SKU_008,Apparel,247
2023-04-03,SKU_008,Apparel,188
2023-04-04,SKU_008,Apparel,140
2023-04-05,SKU_008,Apparel,169
2023-04-06,SKU_008,Apparel,192
2023-04-07,SKU_008,Apparel,240
2023-04-08,SKU_008,Apparel,243
2023-04-09,SKU_008,Apparel,270
2023-04-10,SKU_008,Apparel,194
2023-04-11,SKU_008,Apparel,184
2023-04-12,SKU_008,Apparel,172
2023-04-13,SKU_008,Apparel,179
2023-04-14,SKU_008,Apparel,251
2023-04-15,SKU_008,Apparel,263
2023-04-16,SKU_008,Apparel,253
2023-04-17,SKU_008,Apparel,203
2023-04-18,SKU_008,Apparel,188
2023-04-19,SKU_008,Apparel,156
2023-04-20,SKU_008,Apparel,207
2023-04-21,SKU_008,Apparel,264
2023-04-22,SKU_008,Apparel,291
2023-04-23,SKU_008,Apparel,252
2023-04-24,SKU_008,Apparel,212
2023-04-25,SKU_008,Apparel,186
2023-04-26,SKU_008,Apparel,182
2023-04-27,SKU_008,Apparel,211
2023-04-28,SKU_008,Apparel,236
2023-04-29,SKU_008,Apparel,283
2023-04-30,SKU_008,Apparel,258
2023-05-01,SKU_008,Apparel,195
2023-05-02,SKU_008,Apparel,181
2023-05-03,SKU_008,Apparel,174
2023-05-04,SKU_008,Apparel,241
2023-05-05,SKU_008,Apparel,271
2023-05-06,SKU_008,Apparel,314
2023-05-07,SKU_008,Apparel,268
2023-05-08,SKU_008,Apparel,243
2023-05-09,SKU_008,Apparel,180
2023-05-10,SKU_008,Apparel,181
2023-05-11,SKU_008,Apparel,212
2023-05-12,SKU_008,Apparel,295
2023-05-13,SKU_008,Apparel,312
2023-05-14,SKU_008,Apparel,298
2023-05-15,SKU_008,Apparel,212
2023-05-16,SKU_008,Apparel,162
2023-05-17,SKU_008,Apparel,179
2023-05-18,SKU_008,Apparel,231
2023-05-19,SKU_008,Apparel,271
2023-05-20,SKU_008,Apparel,345
2023-05-21,SKU_008,Apparel,280
2023-05-22,SKU_008,Apparel,224
2023-05-23,SKU_008,Apparel,182
2023-05-24,SKU_008,Apparel,216
2023-05-25,SKU_008,Apparel,238
2023-05-26,SKU_008,Apparel,265
2023-05-27,SKU_008,Apparel,317
2023-05-28,SKU_008,Apparel,258
2023-05-29,SKU_008,Apparel,222
2023-05-30,SKU_008,Apparel,176
2023-05-31,SKU_008,Apparel,194
2023-06-01,SKU_008,Apparel,253
2023-06-02,SKU_008,Apparel,294
2023-06-03,SKU_008,Apparel,313
2023-06-04,SKU_008,Apparel,284
2023-06-05,SKU_008,Apparel,228
2023-06-06,SKU_008,Apparel,207
2023-06-07,SKU_008,Apparel,201
2023-06-08,SKU_008,Apparel,236
2023-06-09,SKU_008,Apparel,286
2023-06-10,SKU_008,Apparel,325
2023-06-11,SKU_008,Apparel,300
2023-06-12,SKU_008,Apparel,207
2023-06-13,SKU_008,Apparel,213
2023-06-14,SKU_008,Apparel,194
2023-06-15,SKU_008,Apparel,220
2023-06-16,SKU_008,Apparel,318
2023-06-17,SKU_008,Apparel,323
2023-06-18,SKU_008,Apparel,298
2023-06-19,SKU_008,Apparel,237
2023-06-20,SKU_008,Apparel,211
2023-06-21,SKU_008,Apparel,195
2023-06-22,SKU_008,Apparel,237
2023-06-23,SKU_008,Apparel,261
2023-06-24,SKU_008,Apparel,326
2023-06-25,SKU_008,Apparel,299
2023-06-26,SKU_008,Apparel,227
2023-06-27,SKU_008,Apparel,190
2023-06-28,SKU_008,Apparel,191
2023-06-29,SKU_008,Apparel,245
2023-06-30,SKU_008,Apparel,287
2023-07-01,SKU_008,Apparel,269
2023-07-02,SKU_008,Apparel,308
2023-07-03,SKU_008,Apparel,223
2023-07-04,SKU_008,Apparel,201
2023-07-05,SKU_008,Apparel,220
2023-07-06,SKU_008,Apparel,234
2023-07-07,SKU_008,Apparel,326
2023-07-08,SKU_008,Apparel,313
2023-07-09,SKU_008,Apparel,285
2023-07-10,SKU_008,Apparel,262
2023-07-11,SKU_008,Apparel,197
2023-07-12,SKU_008,Apparel,177
2023-07-13,SKU_008,Apparel,236
2023-07-14,SKU_008,Apparel,264
2023-07-15,SKU_008,Apparel,282
2023-07-16,SKU_008,Apparel,302
2023-07-17,SKU_008,Apparel,235
2023-07-18,SKU_008,Apparel,179
2023-07-19,SKU_008,Apparel,192
2023-07-20,SKU_008,Apparel,250
2023-07-21,SKU_008,Apparel,259
2023-07-22,SKU_008,Apparel,306
2023-07-23,SKU_008,Apparel,293
2023-07-24,SKU_008,Apparel,222
2023-07-25,SKU_008,Apparel,181
2023-07-26,SKU_008,Apparel,162
2023-07-27,SKU_008,Apparel,217
2023-07-28,SKU_008,Apparel,274
2023-07-29,SKU_008,Apparel,276
2023-07-30,SKU_008,Apparel,256
2023-07-31,SKU_008,Apparel,226
2023-08-01,SKU_008,Apparel,156
2023-08-02,SKU_008,Apparel,157
2023-08-03,SKU_008,Apparel,226
2023-08-04,SKU_008,Apparel,261
2023-08-05,SKU_008,Apparel,258
2023-08-06,SKU_008,Apparel,277
2023-08-07,SKU_008,Apparel,195
2023-08-08,SKU_008,Apparel,197
2023-08-09,SKU_008,Apparel,190
2023-08-10,SKU_008,Apparel,208
2023-08-11,SKU_008,Apparel,241
2023-08-12,SKU_008,Apparel,309
2023-08-13,SKU_008,Apparel,219
2023-08-14,SKU_008,Apparel,191
2023-08-15,SKU_008,Apparel,192
2023-08-16,SKU_008,Apparel,169
2023-08-17,SKU_008,Apparel,225
2023-08-18,SKU_008,Apparel,230
2023-08-19,SKU_008,Apparel,250
2023-08-20,SKU_008,Apparel,218
2023-08-21,SKU_008,Apparel,212
2023-08-22,SKU_008,Apparel,174
2023-08-23,SKU_008,Apparel,173
2023-08-24,SKU_008,Apparel,199
2023-08-25,SKU_008,Apparel,224
2023-08-26,SKU_008,Apparel,270
2023-08-27,SKU_008,Apparel,231
2023-08-28,SKU_008,Apparel,134
2023-08-29,SKU_008,Apparel,84
2023-08-30,SKU_008,Apparel,93
2023-08-31,SKU_008,Apparel,168
2023-09-01,SKU_008,Apparel,239
2023-09-02,SKU_008,Apparel,255
2023-09-03,SKU_008,Apparel,258
2023-09-04,SKU_008,Apparel,187
2023-09-05,SKU_008,Apparel,157
2023-09-06,SKU_008,Apparel,157
2023-09-07,SKU_008,Apparel,187
2023-09-08,SKU_008,Apparel,246
2023-09-09,SKU_008,Apparel,245
2023-09-10,SKU_008,Apparel,210
2023-09-11,SKU_008,Apparel,177
2023-09-12,SKU_008,Apparel,135
2023-09-13,SKU_008,Apparel,150
2023-09-14,SKU_008,Apparel,165
2023-09-15,SKU_008,Apparel,222
2023-09-16,SKU_008,Apparel,205
2023-09-17,SKU_008,Apparel,212
2023-09-18,SKU_008,Apparel,186
2023-09-19,SKU_008,Apparel,137
2023-09-20,SKU_008,Apparel,138
2023-09-21,SKU_008,Apparel,174
2023-09-22,SKU_008,Apparel,218
2023-09-23,SKU_008,Apparel,209
2023-09-24,SKU_008,Apparel,209
2023-09-25,SKU_008,Apparel,164
2023-09-26,SKU_008,Apparel,123
2023-09-27,SKU_008,Apparel,143
2023-09-28,SKU_008,Apparel,173
2023-09-29,SKU_008,Apparel,176
2023-09-30,SKU_008,Apparel,226
2023-10-01,SKU_008,Apparel,183
2023-10-02,SKU_008,Apparel,146
2023-10-03,SKU_008,Apparel,135
2023-10-04,SKU_008,Apparel,116
2023-10-05,SKU_008,Apparel,156
2023-10-06,SKU_008,Apparel,192
2023-10-07,SKU_008,Apparel,217
2023-10-08,SKU_008,Apparel,161
2023-10-09,SKU_008,Apparel,152
2023-10-10,SKU_008,Apparel,110
2023-10-11,SKU_008,Apparel,136
2023-10-12,SKU_008,Apparel,146
2023-10-13,SKU_008,Apparel,183
2023-10-14,SKU_008,Apparel,189
2023-10-15,SKU_008,Apparel,164
2023-10-16,SKU_008,Apparel,151
2023-10-17,SKU_008,Apparel,107
2023-10-18,SKU_008,Apparel,118
2023-10-19,SKU_008,Apparel,147
2023-10-20,SKU_008,Apparel,186
2023-10-21,SKU_008,Apparel,172
2023-10-22,SKU_008,Apparel,168
2023-10-23,SKU_008,Apparel,136
2023-10-24,SKU_008,Apparel,95
2023-10-25,SKU_008,Apparel,107
2023-10-26,SKU_008,Apparel,157
2023-10-27,SKU_008,Apparel,169
2023-10-28,SKU_008,Apparel,183
2023-10-29,SKU_008,Apparel,166
2023-10-30,SKU_008,Apparel,118
2023-10-31,SKU_008,Apparel,103
2023-11-01,SKU_008,Apparel,100
2023-11-02,SKU_008,Apparel,121
2023-11-03,SKU_008,Apparel,171
2023-11-04,SKU_008,Apparel,161
2023-11-05,SKU_008,Apparel,133
2023-11-06,SKU_008,Apparel,123
2023-11-07,SKU_008,Apparel,114
2023-11-08,SKU_008,Apparel,85
2023-11-09,SKU_008,Apparel,124
2023-11-10,SKU_008,Apparel,155
2023-11-11,SKU_008,Apparel,187
2023-11-12,SKU_008,Apparel,128
2023-11-13,SKU_008,Apparel,124
2023-11-14,SKU_008,Apparel,92
2023-11-15,SKU_008,Apparel,94
2023-11-16,SKU_008,Apparel,117
2023-11-17,SKU_008,Apparel,152
2023-11-18,SKU_008,Apparel,161
2023-11-19,SKU_008,Apparel,148
2023-11-20,SKU_008,Apparel,115
2023-11-21,SKU_008,Apparel,89
2023-11-22,SKU_008,Apparel,84
2023-11-23,SKU_008,Apparel,119
2023-11-24,SKU_008,Apparel,146
2023-11-25,SKU_008,Apparel,127
2023-11-26,SKU_008,Apparel,141
2023-11-27,SKU_008,Apparel,119
2023-11-28,SKU_008,Apparel,102
2023-11-29,SKU_008,Apparel,97
2023-11-30,SKU_008,Apparel,140
2023-12-01,SKU_008,Apparel,144
2023-12-02,SKU_008,Apparel,158
2023-12-03,SKU_008,Apparel,158
2023-12-04,SKU_008,Apparel,102
2023-12-05,SKU_008,Apparel,96
2023-12-06,SKU_008,Apparel,87
2023-12-07,SKU_008,Apparel,118
2023-12-08,SKU_008,Apparel,121
2023-12-09,SKU_008,Apparel,134
2023-12-10,SKU_008,Apparel,138
2023-12-11,SKU_008,Apparel,118
2023-12-12,SKU_008,Apparel,99
2023-12-13,SKU_008,Apparel,110
2023-12-14,SKU_008,Apparel,112
2023-12-15,SKU_008,Apparel,128
2023-12-16,SKU_008,Apparel,141
2023-12-17,SKU_008,Apparel,163
2023-12-18,SKU_008,Apparel,95
2023-12-19,SKU_008,Apparel,92
2023-12-20,SKU_008,Apparel,93
2023-12-21,SKU_008,Apparel,106
2023-12-22,SKU_008,Apparel,133
2023-12-23,SKU_008,Apparel,132
2023-12-24,SKU_008,Apparel,125
2023-12-25,SKU_008,Apparel,98
2023-12-26,SKU_008,Apparel,77
2023-12-27,SKU_008,Apparel,85
2023-12-28,SKU_008,Apparel,102
2023-12-29,SKU_008,Apparel,163
2023-12-30,SKU_008,Apparel,177
2023-12-31,SKU_008,Apparel,140
2024-01-01,SKU_008,Apparel,103
2024-01-02,SKU_008,Apparel,75
2024-01-03,SKU_008,Apparel,91
2024-01-04,SKU_008,Apparel,107
2024-01-05,SKU_008,Apparel,125
2024-01-06,SKU_008,Apparel,145
2024-01-07,SKU_008,Apparel,122
2024-01-08,SKU_008,Apparel,106
2024-01-09,SKU_008,Apparel,68
2024-01-10,SKU_008,Apparel,82
2024-01-11,SKU_008,Apparel,125
2024-01-12,SKU_008,Apparel,129
2024-01-13,SKU_008,Apparel,148
2024-01-14,SKU_008,Apparel,167
2024-01-15,SKU_008,Apparel,119
2024-01-16,SKU_008,Apparel,103
2024-01-17,SKU_008,Apparel,106
2024-01-18,SKU_008,Apparel,121
2024-01-19,SKU_008,Apparel,155
2024-01-20,SKU_008,Apparel,156
2024-01-21,SKU_008,Apparel,139
2024-01-22,SKU_008,Apparel,117
2024-01-23,SKU_008,Apparel,106
2024-01-24,SKU_008,Apparel,106
2024-01-25,SKU_008,Apparel,111
2024-01-26,SKU_008,Apparel,153
2024-01-27,SKU_008,Apparel,162
2024-01-28,SKU_008,Apparel,147
2024-01-29,SKU_008,Apparel,109
2024-01-30,SKU_008,Apparel,118
2024-01-31,SKU_008,Apparel,103
2024-02-01,SKU_008,Apparel,151
2024-02-02,SKU_008,Apparel,149
2024-02-03,SKU_008,Apparel,165
2024-02-04,SKU_008,Apparel,155
2024-02-05,SKU_008,Apparel,148
2024-02-06,SKU_008,Apparel,99
2024-02-07,SKU_008,Apparel,122
2024-02-08,SKU_008,Apparel,148
2024-02-09,SKU_008,Apparel,162
2024-02-10,SKU_008,Apparel,202
2024-02-11,SKU_008,Apparel,170
2024-02-12,SKU_008,Apparel,159
2024-02-13,SKU_008,Apparel,105
2024-02-14,SKU_008,Apparel,110
2024-02-15,SKU_008,Apparel,152
2024-02-16,SKU_008,Apparel,170
2024-02-17,SKU_008,Apparel,186
2024-02-18,SKU_008,Apparel,155
2024-02-19,SKU_008,Apparel,147
2024-02-20,SKU_008,Apparel,120
2024-02-21,SKU_008,Apparel,126
2024-02-22,SKU_008,Apparel,145
2024-02-23,SKU_008,Apparel,173
2024-02-24,SKU_008,Apparel,195
2024-02-25,SKU_008,Apparel,162
2024-02-26,SKU_008,Apparel,153
2024-02-27,SKU_008,Apparel,127
2024-02-28,SKU_008,Apparel,132
2024-02-29,SKU_008,Apparel,164
2024-03-01,SKU_008,Apparel,194
2024-03-02,SKU_008,Apparel,205
2024-03-03,SKU_008,Apparel,177
2024-03-04,SKU_008,Apparel,173
2024-03-05,SKU_008,Apparel,131
2024-03-06,SKU_008,Apparel,152
2024-03-07,SKU_008,Apparel,141
2024-03-08,SKU_008,Apparel,202
2024-03-09,SKU_008,Apparel,246
2024-03-10,SKU_008,Apparel,208
2024-03-11,SKU_008,Apparel,128
2024-03-12,SKU_008,Apparel,124
2024-03-13,SKU_008,Apparel,128
2024-03-14,SKU_008,Apparel,154
2024-03-15,SKU_008,Apparel,177
2024-03-16,SKU_008,Apparel,230
2024-03-17,SKU_008,Apparel,226
2024-03-18,SKU_008,Apparel,180
2024-03-19,SKU_008,Apparel,136
2024-03-20,SKU_008,Apparel,114
2024-03-21,SKU_008,Apparel,164
2024-03-22,SKU_008,Apparel,242
2024-03-23,SKU_008,Apparel,235
2024-03-24,SKU_008,Apparel,243
2024-03-25,SKU_008,Apparel,163
2024-03-26,SKU_008,Apparel,144
2024-03-27,SKU_008,Apparel,132
2024-03-28,SKU_008,Apparel,206
2024-03-29,SKU_008,Apparel,182
2024-03-30,SKU_008,Apparel,255
2024-03-31,SKU_008,Apparel,227
2024-04-01,SKU_008,Apparel,173
2024-04-02,SKU_008,Apparel,156
2024-04-03,SKU_008,Apparel,144
2024-04-04,SKU_008,Apparel,171
2024-04-05,SKU_008,Apparel,253
2024-04-06,SKU_008,Apparel,243
2024-04-07,SKU_008,Apparel,247
2024-04-08,SKU_008,Apparel,197
2024-04-09,SKU_008,Apparel,138
2024-04-10,SKU_008,Apparel,151
2024-04-11,SKU_008,Apparel,217
2024-04-12,SKU_008,Apparel,230
2024-04-13,SKU_008,Apparel,282
2024-04-14,SKU_008,Apparel,249
2024-04-15,SKU_008,Apparel,187
2024-04-16,SKU_008,Apparel,167
2024-04-17,SKU_008,Apparel,154
2024-04-18,SKU_008,Apparel,212
2024-04-19,SKU_008,Apparel,232
2024-04-20,SKU_008,Apparel,246
2024-04-21,SKU_008,Apparel,260
2024-04-22,SKU_008,Apparel,195
2024-04-23,SKU_008,Apparel,167
2024-04-24,SKU_008,Apparel,159
2024-04-25,SKU_008,Apparel,205
2024-04-26,SKU_008,Apparel,241
2024-04-27,SKU_008,Apparel,276
2024-04-28,SKU_008,Apparel,237
2024-04-29,SKU_008,Apparel,240
2024-04-30,SKU_008,Apparel,176
2024-05-01,SKU_008,Apparel,148
2024-05-02,SKU_008,Apparel,212
2024-05-03,SKU_008,Apparel,256
2024-05-04,SKU_008,Apparel,271
2024-05-05,SKU_008,Apparel,272
2024-05-06,SKU_008,Apparel,220
2024-05-07,SKU_008,Apparel,179
2024-05-08,SKU_008,Apparel,176
2024-05-09,SKU_008,Apparel,204
2024-05-10,SKU_008,Apparel,251
2024-05-11,SKU_008,Apparel,279
2024-05-12,SKU_008,Apparel,251
2024-05-13,SKU_008,Apparel,241
2024-05-14,SKU_008,Apparel,168
2024-05-15,SKU_008,Apparel,162
2024-05-16,SKU_008,Apparel,231
2024-05-17,SKU_008,Apparel,267
2024-05-18,SKU_008,Apparel,294
2024-05-19,SKU_008,Apparel,234
2024-05-20,SKU_008,Apparel,190
2024-05-21,SKU_008,Apparel,195
2024-05-22,SKU_008,Apparel,142
2024-05-23,SKU_008,Apparel,228
2024-05-24,SKU_008,Apparel,251
2024-05-25,SKU_008,Apparel,278
2024-05-26,SKU_008,Apparel,284
2024-05-27,SKU_008,Apparel,217
2024-05-28,SKU_008,Apparel,204
2024-05-29,SKU_008,Apparel,188
2024-05-30,SKU_008,Apparel,222
2024-05-31,SKU_008,Apparel,268
2024-06-01,SKU_008,Apparel,312
2024-06-02,SKU_008,Apparel,297
2024-06-03,SKU_008,Apparel,241
2024-06-04,SKU_008,Apparel,179
2024-06-05,SKU_008,Apparel,196
2024-06-06,SKU_008,Apparel,221
2024-06-07,SKU_008,Apparel,279
2024-06-08,SKU_008,Apparel,311
2024-06-09,SKU_008,Apparel,272
2024-06-10,SKU_008,Apparel,212
2024-06-11,SKU_008,Apparel,192
2024-06-12,SKU_008,Apparel,180
2024-06-13,SKU_008,Apparel,246
2024-06-14,SKU_008,Apparel,280
2024-06-15,SKU_008,Apparel,272
2024-06-16,SKU_008,Apparel,268
2024-06-17,SKU_008,Apparel,213
2024-06-18,SKU_008,Apparel,165
2024-06-19,SKU_008,Apparel,209
2024-06-20,SKU_008,Apparel,202
2024-06-21,SKU_008,Apparel,280
2024-06-22,SKU_008,Apparel,276
2024-06-23,SKU_008,Apparel,254
2024-06-24,SKU_008,Apparel,214
2024-06-25,SKU_008,Apparel,179
2024-06-26,SKU_008,Apparel,175
2024-06-27,SKU_008,Apparel,227
2024-06-28,SKU_008,Apparel,265
2024-06-29,SKU_008,Apparel,310
2024-06-30,SKU_008,Apparel,238
2024-07-01,SKU_008,Apparel,229
2024-07-02,SKU_008,Apparel,184
2024-07-03,SKU_008,Apparel,181
2024-07-04,SKU_008,Apparel,218
2024-07-05,SKU_008,Apparel,259
2024-07-06,SKU_008,Apparel,291
2024-07-07,SKU_008,Apparel,262
2024-07-08,SKU_008,Apparel,238
2024-07-09,SKU_008,Apparel,174
2024-07-10,SKU_008,Apparel,179
2024-07-11,SKU_008,Apparel,213
2024-07-12,SKU_008,Apparel,233
2024-07-13,SKU_008,Apparel,303
2024-07-14,SKU_008,Apparel,220
2024-07-15,SKU_008,Apparel,212
2024-07-16,SKU_008,Apparel,172
2024-07-17,SKU_008,Apparel,193
2024-07-18,SKU_008,Apparel,229
2024-07-19,SKU_008,Apparel,258
2024-07-20,SKU_008,Apparel,246
2024-07-21,SKU_008,Apparel,237
2024-07-22,SKU_008,Apparel,214
2024-07-23,SKU_008,Apparel,175
2024-07-24,SKU_008,Apparel,160
2024-07-25,SKU_008,Apparel,205
2024-07-26,SKU_008,Apparel,287
2024-07-27,SKU_008,Apparel,282
2024-07-28,SKU_008,Apparel,258
2024-07-29,SKU_008,Apparel,214
2024-07-30,SKU_008,Apparel,164
2024-07-31,SKU_008,Apparel,150
2024-08-01,SKU_008,Apparel,197
2024-08-02,SKU_008,Apparel,260
2024-08-03,SKU_008,Apparel,253
2024-08-04,SKU_008,Apparel,244
2024-08-05,SKU_008,Apparel,242
2024-08-06,SKU_008,Apparel,166
2024-08-07,SKU_008,Apparel,174
2024-08-08,SKU_008,Apparel,196
2024-08-09,SKU_008,Apparel,269
2024-08-10,SKU_008,Apparel,258
2024-08-11,SKU_008,Apparel,264
2024-08-12,SKU_008,Apparel,212
2024-08-13,SKU_008,Apparel,152
2024-08-14,SKU_008,Apparel,147
2024-08-15,SKU_008,Apparel,193
2024-08-16,SKU_008,Apparel,255
2024-08-17,SKU_008,Apparel,233
2024-08-18,SKU_008,Apparel,234
2024-08-19,SKU_008,Apparel,189
2024-08-20,SKU_008,Apparel,141
2024-08-21,SKU_008,Apparel,158
2024-08-22,SKU_008,Apparel,174
2024-08-23,SKU_008,Apparel,202
2024-08-24,SKU_008,Apparel,230
2024-08-25,SKU_008,Apparel,221
2024-08-26,SKU_008,Apparel,201
2024-08-27,SKU_008,Apparel,163
2024-08-28,SKU_008,Apparel,150
2024-08-29,SKU_008,Apparel,177
2024-08-30,SKU_008,Apparel,215
2024-08-31,SKU_008,Apparel,238
2024-09-01,SKU_008,Apparel,228
2024-09-02,SKU_008,Apparel,177
2024-09-03,SKU_008,Apparel,157
2024-09-04,SKU_008,Apparel,167
2024-09-05,SKU_008,Apparel,178
2024-09-06,SKU_008,Apparel,214
2024-09-07,SKU_008,Apparel,234
2024-09-08,SKU_008,Apparel,213
2024-09-09,SKU_008,Apparel,175
2024-09-10,SKU_008,Apparel,126
2024-09-11,SKU_008,Apparel,136
2024-09-12,SKU_008,Apparel,173
2024-09-13,SKU_008,Apparel,214
2024-09-14,SKU_008,Apparel,197
2024-09-15,SKU_008,Apparel,189
2024-09-16,SKU_008,Apparel,146
2024-09-17,SKU_008,Apparel,126
2024-09-18,SKU_008,Apparel,163
2024-09-19,SKU_008,Apparel,177
2024-09-20,SKU_008,Apparel,206
2024-09-21,SKU_008,Apparel,205
2024-09-22,SKU_008,Apparel,200
2024-09-23,SKU_008,Apparel,263
2024-09-24,SKU_008,Apparel,210
2024-09-25,SKU_008,Apparel,116
2024-09-26,SKU_008,Apparel,141
2024-09-27,SKU_008,Apparel,191
2024-09-28,SKU_008,Apparel,197
2024-09-29,SKU_008,Apparel,175
2024-09-30,SKU_008,Apparel,167
2024-10-01,SKU_008,Apparel,125
2024-10-02,SKU_008,Apparel,121
2024-10-03,SKU_008,Apparel,139
2024-10-04,SKU_008,Apparel,170
2024-10-05,SKU_008,Apparel,202
2024-10-06,SKU_008,Apparel,181
2024-10-07,SKU_008,Apparel,140
2024-10-08,SKU_008,Apparel,116
2024-10-09,SKU_008,Apparel,120
2024-10-10,SKU_008,Apparel,143
2024-10-11,SKU_008,Apparel,197
2024-10-12,SKU_008,Apparel,166
2024-10-13,SKU_008,Apparel,170
2024-10-14,SKU_008,Apparel,123
2024-10-15,SKU_008,Apparel,105
2024-10-16,SKU_008,Apparel,118
2024-10-17,SKU_008,Apparel,122
2024-10-18,SKU_008,Apparel,168
2024-10-19,SKU_008,Apparel,195
2024-10-20,SKU_008,Apparel,136
2024-10-21,SKU_008,Apparel,121
2024-10-22,SKU_008,Apparel,105
2024-10-23,SKU_008,Apparel,105
2024-10-24,SKU_008,Apparel,111
2024-10-25,SKU_008,Apparel,163
2024-10-26,SKU_008,Apparel,149
2024-10-27,SKU_008,Apparel,128
2024-10-28,SKU_008,Apparel,111
2024-10-29,SKU_008,Apparel,112
2024-10-30,SKU_008,Apparel,104
2024-10-31,SKU_008,Apparel,130
2024-11-01,SKU_008,Apparel,157
2024-11-02,SKU_008,Apparel,172
2024-11-03,SKU_008,Apparel,136
2024-11-04,SKU_008,Apparel,117
2024-11-05,SKU_008,Apparel,87
2024-11-06,SKU_008,Apparel,93
2024-11-07,SKU_008,Apparel,114
2024-11-08,SKU_008,Apparel,149
2024-11-09,SKU_008,Apparel,178
2024-11-10,SKU_008,Apparel,131
2024-11-11,SKU_008,Apparel,125
2024-11-12,SKU_008,Apparel,87
2024-11-13,SKU_008,Apparel,85
2024-11-14,SKU_008,Apparel,119
2024-11-15,SKU_008,Apparel,129
2024-11-16,SKU_008,Apparel,160
2024-11-17,SKU_008,Apparel,147
2024-11-18,SKU_008,Apparel,98
2024-11-19,SKU_008,Apparel,94
2024-11-20,SKU_008,Apparel,83
2024-11-21,SKU_008,Apparel,106
2024-11-22,SKU_008,Apparel,114
2024-11-23,SKU_008,Apparel,132
2024-11-24,SKU_008,Apparel,117
2024-11-25,SKU_008,Apparel,119
2024-11-26,SKU_008,Apparel,96
2024-11-27,SKU_008,Apparel,81
2024-11-28,SKU_008,Apparel,122
2024-11-29,SKU_008,Apparel,123
2024-11-30,SKU_008,Apparel,138
2024-12-01,SKU_008,Apparel,129
2024-12-02,SKU_008,Apparel,134
2024-12-03,SKU_008,Apparel,83
2024-12-04,SKU_008,Apparel,97
2024-12-05,SKU_008,Apparel,101
2024-12-06,SKU_008,Apparel,124
2024-12-07,SKU_008,Apparel,150
2024-12-08,SKU_008,Apparel,126
2024-12-09,SKU_008,Apparel,103
2024-12-10,SKU_008,Apparel,107
2024-12-11,SKU_008,Apparel,100
2024-12-12,SKU_008,Apparel,103
2024-12-13,SKU_008,Apparel,124
2024-12-14,SKU_008,Apparel,128
2024-12-15,SKU_008,Apparel,114
2024-12-16,SKU_008,Apparel,108
2024-12-17,SKU_008,Apparel,66
2024-12-18,SKU_008,Apparel,88
2024-12-19,SKU_008,Apparel,111
2024-12-20,SKU_008,Apparel,118
2024-12-21,SKU_008,Apparel,125
2024-12-22,SKU_008,Apparel,134
2024-12-23,SKU_008,Apparel,83
2024-12-24,SKU_008,Apparel,85
2024-12-25,SKU_008,Apparel,86
2024-12-26,SKU_008,Apparel,101
2024-12-27,SKU_008,Apparel,122
2024-12-28,SKU_008,Apparel,137
2024-12-29,SKU_008,Apparel,125
2024-12-30,SKU_008,Apparel,96
2023-01-01,SKU_009,Apparel,118
2023-01-02,SKU_009,Apparel,91
2023-01-03,SKU_009,Apparel,66
2023-01-04,SKU_009,Apparel,59
2023-01-05,SKU_009,Apparel,99
2023-01-06,SKU_009,Apparel,111
2023-01-07,SKU_009,Apparel,104
2023-01-08,SKU_009,Apparel,96
2023-01-09,SKU_009,Apparel,83
2023-01-10,SKU_009,Apparel,71
2023-01-11,SKU_009,Apparel,81
2023-01-12,SKU_009,Apparel,82
2023-01-13,SKU_009,Apparel,106
2023-01-14,SKU_009,Apparel,118
2023-01-15,SKU_009,Apparel,116
2023-01-16,SKU_009,Apparel,93
2023-01-17,SKU_009,Apparel,70
2023-01-18,SKU_009,Apparel,83
2023-01-19,SKU_009,Apparel,96
2023-01-20,SKU_009,Apparel,125
2023-01-21,SKU_009,Apparel,127
2023-01-22,SKU_009,Apparel,108
2023-01-23,SKU_009,Apparel,84
2023-01-24,SKU_009,Apparel,65
2023-01-25,SKU_009,Apparel,74
2023-01-26,SKU_009,Apparel,85
2023-01-27,SKU_009,Apparel,139
2023-01-28,SKU_009,Apparel,143
2023-01-29,SKU_009,Apparel,131
2023-01-30,SKU_009,Apparel,104
2023-01-31,SKU_009,Apparel,79
2023-02-01,SKU_009,Apparel,79
2023-02-02,SKU_009,Apparel,95
2023-02-03,SKU_009,Apparel,125
2023-02-04,SKU_009,Apparel,132
2023-02-05,SKU_009,Apparel,139
2023-02-06,SKU_009,Apparel,99
2023-02-07,SKU_009,Apparel,89
2023-02-08,SKU_009,Apparel,86
2023-02-09,SKU_009,Apparel,104
2023-02-10,SKU_009,Apparel,134
2023-02-11,SKU_009,Apparel,145
2023-02-12,SKU_009,Apparel,141
2023-02-13,SKU_009,Apparel,102
2023-02-14,SKU_009,Apparel,84
2023-02-15,SKU_009,Apparel,92
2023-02-16,SKU_009,Apparel,107
2023-02-17,SKU_009,Apparel,123
2023-02-18,SKU_009,Apparel,143
2023-02-19,SKU_009,Apparel,156
2023-02-20,SKU_009,Apparel,116
2023-02-21,SKU_009,Apparel,105
2023-02-22,SKU_009,Apparel,96
2023-02-23,SKU_009,Apparel,121
2023-02-24,SKU_009,Apparel,158
2023-02-25,SKU_009,Apparel,139
2023-02-26,SKU_009,Apparel,167
2023-02-27,SKU_009,Apparel,125
2023-02-28,SKU_009,Apparel,109
2023-03-01,SKU_009,Apparel,84
2023-03-02,SKU_009,Apparel,116
2023-03-03,SKU_009,Apparel,137
2023-03-04,SKU_009,Apparel,164
2023-03-05,SKU_009,Apparel,130
2023-03-06,SKU_009,Apparel,133
2023-03-07,SKU_009,Apparel,90
2023-03-08,SKU_009,Apparel,97
2023-03-09,SKU_009,Apparel,151
2023-03-10,SKU_009,Apparel,157
2023-03-11,SKU_009,Apparel,171
2023-03-12,SKU_009,Apparel,179
2023-03-13,SKU_009,Apparel,138
2023-03-14,SKU_009,Apparel,108
2023-03-15,SKU_009,Apparel,110
2023-03-16,SKU_009,Apparel,119
2023-03-17,SKU_009,Apparel,160
2023-03-18,SKU_009,Apparel,175
2023-03-19,SKU_009,Apparel,148
2023-03-20,SKU_009,Apparel,127
2023-03-21,SKU_009,Apparel,110
2023-03-22,SKU_009,Apparel,107
2023-03-23,SKU_009,Apparel,119
2023-03-24,SKU_009,Apparel,154
2023-03-25,SKU_009,Apparel,166
2023-03-26,SKU_009,Apparel,158
2023-03-27,SKU_009,Apparel,154
2023-03-28,SKU_009,Apparel,97
2023-03-29,SKU_009,Apparel,100
2023-03-30,SKU_009,Apparel,117
2023-03-31,SKU_009,Apparel,201
2023-04-01,SKU_009,Apparel,175
2023-04-02,SKU_009,Apparel,181
2023-04-03,SKU_009,Apparel,149
2023-04-04,SKU_009,Apparel,122
2023-04-05,SKU_009,Apparel,120
2023-04-06,SKU_009,Apparel,152
2023-04-07,SKU_009,Apparel,178
2023-04-08,SKU_009,Apparel,200
2023-04-09,SKU_009,Apparel,178
2023-04-10,SKU_009,Apparel,162
2023-04-11,SKU_009,Apparel,123
2023-04-12,SKU_009,Apparel,147
2023-04-13,SKU_009,Apparel,152
2023-04-14,SKU_009,Apparel,190
2023-04-15,SKU_009,Apparel,203
2023-04-16,SKU_009,Apparel,204
2023-04-17,SKU_009,Apparel,140
2023-04-18,SKU_009,Apparel,130
2023-04-19,SKU_009,Apparel,143
2023-04-20,SKU_009,Apparel,147
2023-04-21,SKU_009,Apparel,219
2023-04-22,SKU_009,Apparel,193
2023-04-23,SKU_009,Apparel,191
2023-04-24,SKU_009,Apparel,149
2023-04-25,SKU_009,Apparel,135
2023-04-26,SKU_009,Apparel,136
2023-04-27,SKU_009,Apparel,153
2023-04-28,SKU_009,Apparel,228
2023-04-29,SKU_009,Apparel,217
2023-04-30,SKU_009,Apparel,216
2023-05-01,SKU_009,Apparel,159
2023-05-02,SKU_009,Apparel,120
2023-05-03,SKU_009,Apparel,141
2023-05-04,SKU_009,Apparel,178
2023-05-05,SKU_009,Apparel,203
2023-05-06,SKU_009,Apparel,200
2023-05-07,SKU_009,Apparel,199
2023-05-08,SKU_009,Apparel,156
2023-05-09,SKU_009,Apparel,127
2023-05-10,SKU_009,Apparel,110
2023-05-11,SKU_009,Apparel,153
2023-05-12,SKU_009,Apparel,197
2023-05-13,SKU_009,Apparel,201
2023-05-14,SKU_009,Apparel,209
2023-05-15,SKU_009,Apparel,133
2023-05-16,SKU_009,Apparel,142
2023-05-17,SKU_009,Apparel,120
2023-05-18,SKU_009,Apparel,177
2023-05-19,SKU_009,Apparel,208
2023-05-20,SKU_009,Apparel,225
2023-05-21,SKU_009,Apparel,198
2023-05-22,SKU_009,Apparel,163
2023-05-23,SKU_009,Apparel,122
2023-05-24,SKU_009,Apparel,135
2023-05-25,SKU_009,Apparel,168
2023-05-26,SKU_009,Apparel,198
2023-05-27,SKU_009,Apparel,225
2023-05-28,SKU_009,Apparel,221
2023-05-29,SKU_009,Apparel,186
2023-05-30,SKU_009,Apparel,142
2023-05-31,SKU_009,Apparel,125
2023-06-01,SKU_009,Apparel,182
2023-06-02,SKU_009,Apparel,223
2023-06-03,SKU_009,Apparel,242
2023-06-04,SKU_009,Apparel,232
2023-06-05,SKU_009,Apparel,173
2023-06-06,SKU_009,Apparel,134
2023-06-07,SKU_009,Apparel,131
2023-06-08,SKU_009,Apparel,196
2023-06-09,SKU_009,Apparel,214
2023-06-10,SKU_009,Apparel,229
2023-06-11,SKU_009,Apparel,211
2023-06-12,SKU_009,Apparel,159
2023-06-13,SKU_009,Apparel,147
2023-06-14,SKU_009,Apparel,128
2023-06-15,SKU_009,Apparel,169
2023-06-16,SKU_009,Apparel,235
2023-06-17,SKU_009,Apparel,232
2023-06-18,SKU_009,Apparel,198
2023-06-19,SKU_009,Apparel,186
2023-06-20,SKU_009,Apparel,150
2023-06-21,SKU_009,Apparel,142
2023-06-22,SKU_009,Apparel,174
2023-06-23,SKU_009,Apparel,221
2023-06-24,SKU_009,Apparel,256
2023-06-25,SKU_009,Apparel,233
2023-06-26,SKU_009,Apparel,159
2023-06-27,SKU_009,Apparel,138
2023-06-28,SKU_009,Apparel,138
2023-06-29,SKU_009,Apparel,167
2023-06-30,SKU_009,Apparel,218
2023-07-01,SKU_009,Apparel,225
2023-07-02,SKU_009,Apparel,209
2023-07-03,SKU_009,Apparel,179
2023-07-04,SKU_009,Apparel,157
2023-07-05,SKU_009,Apparel,118
2023-07-06,SKU_009,Apparel,165
2023-07-07,SKU_009,Apparel,221
2023-07-08,SKU_009,Apparel,233
2023-07-09,SKU_009,Apparel,204
2023-07-10,SKU_009,Apparel,178
2023-07-11,SKU_009,Apparel,153
2023-07-12,SKU_009,Apparel,142
2023-07-13,SKU_009,Apparel,180
2023-07-14,SKU_009,Apparel,224
2023-07-15,SKU_009,Apparel,231
2023-07-16,SKU_009,Apparel,218
2023-07-17,SKU_009,Apparel,176
2023-07-18,SKU_009,Apparel,113
2023-07-19,SKU_009,Apparel,148
2023-07-20,SKU_009,Apparel,195
2023-07-21,SKU_009,Apparel,225
2023-07-22,SKU_009,Apparel,241
2023-07-23,SKU_009,Apparel,190
2023-07-24,SKU_009,Apparel,174
2023-07-25,SKU_009,Apparel,156
2023-07-26,SKU_009,Apparel,150
2023-07-27,SKU_009,Apparel,160
2023-07-28,SKU_009,Apparel,187
2023-07-29,SKU_009,Apparel,229
2023-07-30,SKU_009,Apparel,182
2023-07-31,SKU_009,Apparel,164
2023-08-01,SKU_009,Apparel,143
2023-08-02,SKU_009,Apparel,144
2023-08-03,SKU_009,Apparel,168
2023-08-04,SKU_009,Apparel,196
2023-08-05,SKU_009,Apparel,204
2023-08-06,SKU_009,Apparel,183
2023-08-07,SKU_009,Apparel,147
2023-08-08,SKU_009,Apparel,130
2023-08-09,SKU_009,Apparel,133
2023-08-10,SKU_009,Apparel,173
2023-08-11,SKU_009,Apparel,201
2023-08-12,SKU_009,Apparel,198
2023-08-13,SKU_009,Apparel,182
2023-08-14,SKU_009,Apparel,159
2023-08-15,SKU_009,Apparel,131
2023-08-16,SKU_009,Apparel,125
2023-08-17,SKU_009,Apparel,151
2023-08-18,SKU_009,Apparel,192
2023-08-19,SKU_009,Apparel,192
2023-08-20,SKU_009,Apparel,170
2023-08-21,SKU_009,Apparel,150
2023-08-22,SKU_009,Apparel,138
2023-08-23,SKU_009,Apparel,132
2023-08-24,SKU_009,Apparel,147
2023-08-25,SKU_009,Apparel,186
2023-08-26,SKU_009,Apparel,204
2023-08-27,SKU_009,Apparel,172
2023-08-28,SKU_009,Apparel,135
2023-08-29,SKU_009,Apparel,113
2023-08-30,SKU_009,Apparel,116
2023-08-31,SKU_009,Apparel,124
2023-09-01,SKU_009,Apparel,155
2023-09-02,SKU_009,Apparel,194
2023-09-03,SKU_009,Apparel,166
2023-09-04,SKU_009,Apparel,142
2023-09-05,SKU_009,Apparel,118
2023-09-06,SKU_009,Apparel,111
2023-09-07,SKU_009,Apparel,133
2023-09-08,SKU_009,Apparel,155
2023-09-09,SKU_009,Apparel,173
2023-09-10,SKU_009,Apparel,162
2023-09-11,SKU_009,Apparel,126
2023-09-12,SKU_009,Apparel,113
2023-09-13,SKU_009,Apparel,106
2023-09-14,SKU_009,Apparel,129
2023-09-15,SKU_009,Apparel,181
2023-09-16,SKU_009,Apparel,181
2023-09-17,SKU_009,Apparel,177
2023-09-18,SKU_009,Apparel,108
2023-09-19,SKU_009,Apparel,115
2023-09-20,SKU_009,Apparel,110
2023-09-21,SKU_009,Apparel,120
2023-09-22,SKU_009,Apparel,150
2023-09-23,SKU_009,Apparel,158
2023-09-24,SKU_009,Apparel,163
2023-09-25,SKU_009,Apparel,126
2023-09-26,SKU_009,Apparel,97
2023-09-27,SKU_009,Apparel,94
2023-09-28,SKU_009,Apparel,122
2023-09-29,SKU_009,Apparel,137
2023-09-30,SKU_009,Apparel,173
2023-10-01,SKU_009,Apparel,156
2023-10-02,SKU_009,Apparel,122
2023-10-03,SKU_009,Apparel,86
2023-10-04,SKU_009,Apparel,93
2023-10-05,SKU_009,Apparel,117
2023-10-06,SKU_009,Apparel,139
2023-10-07,SKU_009,Apparel,142
2023-10-08,SKU_009,Apparel,140
2023-10-09,SKU_009,Apparel,102
2023-10-10,SKU_009,Apparel,105
2023-10-11,SKU_009,Apparel,86
2023-10-12,SKU_009,Apparel,115
2023-10-13,SKU_009,Apparel,131
2023-10-14,SKU_009,Apparel,155
2023-10-15,SKU_009,Apparel,112
2023-10-16,SKU_009,Apparel,106
2023-10-17,SKU_009,Apparel,87
2023-10-18,SKU_009,Apparel,95
2023-10-19,SKU_009,Apparel,106
2023-10-20,SKU_009,Apparel,115
2023-10-21,SKU_009,Apparel,136
2023-10-22,SKU_009,Apparel,122
2023-10-23,SKU_009,Apparel,100
2023-10-24,SKU_009,Apparel,84
2023-10-25,SKU_009,Apparel,97
2023-10-26,SKU_009,Apparel,93
2023-10-27,SKU_009,Apparel,128
2023-10-28,SKU_009,Apparel,136
2023-10-29,SKU_009,Apparel,135
2023-10-30,SKU_009,Apparel,86
2023-10-31,SKU_009,Apparel,96
2023-11-01,SKU_009,Apparel,79
2023-11-02,SKU_009,Apparel,107
2023-11-03,SKU_009,Apparel,130
2023-11-04,SKU_009,Apparel,98
2023-11-05,SKU_009,Apparel,124
2023-11-06,SKU_009,Apparel,76
2023-11-07,SKU_009,Apparel,71
2023-11-08,SKU_009,Apparel,87
2023-11-09,SKU_009,Apparel,98
2023-11-10,SKU_009,Apparel,108
2023-11-11,SKU_009,Apparel,117
2023-11-12,SKU_009,Apparel,119
2023-11-13,SKU_009,Apparel,105
2023-11-14,SKU_009,Apparel,81
2023-11-15,SKU_009,Apparel,64
2023-11-16,SKU_009,Apparel,108
2023-11-17,SKU_009,Apparel,111
2023-11-18,SKU_009,Apparel,93
2023-11-19,SKU_009,Apparel,117
2023-11-20,SKU_009,Apparel,82
2023-11-21,SKU_009,Apparel,73
2023-11-22,SKU_009,Apparel,77
2023-11-23,SKU_009,Apparel,91
2023-11-24,SKU_009,Apparel,102
2023-11-25,SKU_009,Apparel,114
2023-11-26,SKU_009,Apparel,94
2023-11-27,SKU_009,Apparel,90
2023-11-28,SKU_009,Apparel,78
2023-11-29,SKU_009,Apparel,72
2023-11-30,SKU_009,Apparel,99
2023-12-01,SKU_009,Apparel,99
2023-12-02,SKU_009,Apparel,116
2023-12-03,SKU_009,Apparel,106
2023-12-04,SKU_009,Apparel,82
2023-12-05,SKU_009,Apparel,74
2023-12-06,SKU_009,Apparel,68
2023-12-07,SKU_009,Apparel,84
2023-12-08,SKU_009,Apparel,96
2023-12-09,SKU_009,Apparel,123
2023-12-10,SKU_009,Apparel,103
2023-12-11,SKU_009,Apparel,80
2023-12-12,SKU_009,Apparel,57
2023-12-13,SKU_009,Apparel,54
2023-12-14,SKU_009,Apparel,104
2023-12-15,SKU_009,Apparel,104
2023-12-16,SKU_009,Apparel,128
2023-12-17,SKU_009,Apparel,98
2023-12-18,SKU_009,Apparel,57
2023-12-19,SKU_009,Apparel,75
2023-12-20,SKU_009,Apparel,87
2023-12-21,SKU_009,Apparel,85
2023-12-22,SKU_009,Apparel,104
2023-12-23,SKU_009,Apparel,111
2023-12-24,SKU_009,Apparel,113
2023-12-25,SKU_009,Apparel,81
2023-12-26,SKU_009,Apparel,63
2023-12-27,SKU_009,Apparel,91
2023-12-28,SKU_009,Apparel,75
2023-12-29,SKU_009,Apparel,84
2023-12-30,SKU_009,Apparel,89
2023-12-31,SKU_009,Apparel,100
2024-01-01,SKU_009,Apparel,79
2024-01-02,SKU_009,Apparel,71
2024-01-03,SKU_009,Apparel,67
2024-01-04,SKU_009,Apparel,80
2024-01-05,SKU_009,Apparel,105
2024-01-06,SKU_009,Apparel,132
2024-01-07,SKU_009,Apparel,90
2024-01-08,SKU_009,Apparel,51
2024-01-09,SKU_009,Apparel,44
2024-01-10,SKU_009,Apparel,62
2024-01-11,SKU_009,Apparel,63
2024-01-12,SKU_009,Apparel,124
2024-01-13,SKU_009,Apparel,103
2024-01-14,SKU_009,Apparel,100
2024-01-15,SKU_009,Apparel,102
2024-01-16,SKU_009,Apparel,73
2024-01-17,SKU_009,Apparel,78
2024-01-18,SKU_009,Apparel,89
2024-01-19,SKU_009,Apparel,103
2024-01-20,SKU_009,Apparel,124
2024-01-21,SKU_009,Apparel,108
2024-01-22,SKU_009,Apparel,97
2024-01-23,SKU_009,Apparel,78
2024-01-24,SKU_009,Apparel,66
2024-01-25,SKU_009,Apparel,79
2024-01-26,SKU_009,Apparel,128
2024-01-27,SKU_009,Apparel,116
2024-01-28,SKU_009,Apparel,110
2024-01-29,SKU_009,Apparel,89
2024-01-30,SKU_009,Apparel,63
2024-01-31,SKU_009,Apparel,63
2024-02-01,SKU_009,Apparel,107
2024-02-02,SKU_009,Apparel,114
2024-02-03,SKU_009,Apparel,147
2024-02-04,SKU_009,Apparel,115
2024-02-05,SKU_009,Apparel,88
2024-02-06,SKU_009,Apparel,67
2024-02-07,SKU_009,Apparel,78
2024-02-08,SKU_009,Apparel,94
2024-02-09,SKU_009,Apparel,108
2024-02-10,SKU_009,Apparel,128
2024-02-11,SKU_009,Apparel,113
2024-02-12,SKU_009,Apparel,88
2024-02-13,SKU_009,Apparel,87
2024-02-14,SKU_009,Apparel,90
2024-02-15,SKU_009,Apparel,107
2024-02-16,SKU_009,Apparel,108
2024-02-17,SKU_009,Apparel,147
2024-02-18,SKU_009,Apparel,120
2024-02-19,SKU_009,Apparel,108
2024-02-20,SKU_009,Apparel,92
2024-02-21,SKU_009,Apparel,92
2024-02-22,SKU_009,Apparel,116
2024-02-23,SKU_009,Apparel,118
2024-02-24,SKU_009,Apparel,137
2024-02-25,SKU_009,Apparel,128
2024-02-26,SKU_009,Apparel,97
2024-02-27,SKU_009,Apparel,88
2024-02-28,SKU_009,Apparel,90
2024-02-29,SKU_009,Apparel,88
2024-03-01,SKU_009,Apparel,149
2024-03-02,SKU_009,Apparel,166
2024-03-03,SKU_009,Apparel,140
2024-03-04,SKU_009,Apparel,104
2024-03-05,SKU_009,Apparel,90
2024-03-06,SKU_009,Apparel,104
2024-03-07,SKU_009,Apparel,110
2024-03-08,SKU_009,Apparel,144
2024-03-09,SKU_009,Apparel,139
2024-03-10,SKU_009,Apparel,146
2024-03-11,SKU_009,Apparel,124
2024-03-12,SKU_009,Apparel,108
2024-03-13,SKU_009,Apparel,104
2024-03-14,SKU_009,Apparel,127
2024-03-15,SKU_009,Apparel,153
2024-03-16,SKU_009,Apparel,168
2024-03-17,SKU_009,Apparel,133
2024-03-18,SKU_009,Apparel,119
2024-03-19,SKU_009,Apparel,94
2024-03-20,SKU_009,Apparel,95
2024-03-21,SKU_009,Apparel,117
2024-03-22,SKU_009,Apparel,160
2024-03-23,SKU_009,Apparel,193
2024-03-24,SKU_009,Apparel,163
2024-03-25,SKU_009,Apparel,108
2024-03-26,SKU_009,Apparel,108
2024-03-27,SKU_009,Apparel,91
2024-03-28,SKU_009,Apparel,126
2024-03-29,SKU_009,Apparel,161
2024-03-30,SKU_009,Apparel,182
2024-03-31,SKU_009,Apparel,150
2024-04-01,SKU_009,Apparel,136
2024-04-02,SKU_009,Apparel,119
2024-04-03,SKU_009,Apparel,118
2024-04-04,SKU_009,Apparel,128
2024-04-05,SKU_009,Apparel,169
2024-04-06,SKU_009,Apparel,190
2024-04-07,SKU_009,Apparel,152
2024-04-08,SKU_009,Apparel,151
2024-04-09,SKU_009,Apparel,115
2024-04-10,SKU_009,Apparel,126
2024-04-11,SKU_009,Apparel,151
2024-04-12,SKU_009,Apparel,181
2024-04-13,SKU_009,Apparel,173
2024-04-14,SKU_009,Apparel,164
2024-04-15,SKU_009,Apparel,146
2024-04-16,SKU_009,Apparel,127
2024-04-17,SKU_009,Apparel,122
2024-04-18,SKU_009,Apparel,164
2024-04-19,SKU_009,Apparel,169
2024-04-20,SKU_009,Apparel,189
2024-04-21,SKU_009,Apparel,196
2024-04-22,SKU_009,Apparel,144
2024-04-23,SKU_009,Apparel,120
2024-04-24,SKU_009,Apparel,127
2024-04-25,SKU_009,Apparel,161
2024-04-26,SKU_009,Apparel,194
2024-04-27,SKU_009,Apparel,188
2024-04-28,SKU_009,Apparel,202
2024-04-29,SKU_009,Apparel,139
2024-04-30,SKU_009,Apparel,134
2024-05-01,SKU_009,Apparel,120
2024-05-02,SKU_009,Apparel,160
2024-05-03,SKU_009,Apparel,196
2024-05-04,SKU_009,Apparel,197
2024-05-05,SKU_009,Apparel,211
2024-05-06,SKU_009,Apparel,160
2024-05-07,SKU_009,Apparel,127
2024-05-08,SKU_009,Apparel,110
2024-05-09,SKU_009,Apparel,152
2024-05-10,SKU_009,Apparel,200
2024-05-11,SKU_009,Apparel,223
2024-05-12,SKU_009,Apparel,175
2024-05-13,SKU_009,Apparel,158
2024-05-14,SKU_009,Apparel,132
2024-05-15,SKU_009,Apparel,158
2024-05-16,SKU_009,Apparel,163
2024-05-17,SKU_009,Apparel,178
2024-05-18,SKU_009,Apparel,232
2024-05-19,SKU_009,Apparel,225
2024-05-20,SKU_009,Apparel,158
2024-05-21,SKU_009,Apparel,123
2024-05-22,SKU_009,Apparel,153
2024-05-23,SKU_009,Apparel,171
2024-05-24,SKU_009,Apparel,212
2024-05-25,SKU_009,Apparel,201
2024-05-26,SKU_009,Apparel,198
2024-05-27,SKU_009,Apparel,167
2024-05-28,SKU_009,Apparel,123
2024-05-29,SKU_009,Apparel,129
2024-05-30,SKU_009,Apparel,165
2024-05-31,SKU_009,Apparel,186
2024-06-01,SKU_009,Apparel,243
2024-06-02,SKU_009,Apparel,208
2024-06-03,SKU_009,Apparel,166
2024-06-04,SKU_009,Apparel,151
2024-06-05,SKU_009,Apparel,143
2024-06-06,SKU_009,Apparel,151
2024-06-07,SKU_009,Apparel,204
2024-06-08,SKU_009,Apparel,252
2024-06-09,SKU_009,Apparel,213
2024-06-10,SKU_009,Apparel,149
2024-06-11,SKU_009,Apparel,142
2024-06-12,SKU_009,Apparel,145
2024-06-13,SKU_009,Apparel,160
2024-06-14,SKU_009,Apparel,207
2024-06-15,SKU_009,Apparel,232
2024-06-16,SKU_009,Apparel,231
2024-06-17,SKU_009,Apparel,160
2024-06-18,SKU_009,Apparel,124
2024-06-19,SKU_009,Apparel,131
2024-06-20,SKU_009,Apparel,189
2024-06-21,SKU_009,Apparel,192
2024-06-22,SKU_009,Apparel,213
2024-06-23,SKU_009,Apparel,204
2024-06-24,SKU_009,Apparel,153
2024-06-25,SKU_009,Apparel,114
2024-06-26,SKU_009,Apparel,123
2024-06-27,SKU_009,Apparel,156
2024-06-28,SKU_009,Apparel,199
2024-06-29,SKU_009,Apparel,233
2024-06-30,SKU_009,Apparel,212
2024-07-01,SKU_009,Apparel,185
2024-07-02,SKU_009,Apparel,136
2024-07-03,SKU_009,Apparel,136
2024-07-04,SKU_009,Apparel,145
2024-07-05,SKU_009,Apparel,199
2024-07-06,SKU_009,Apparel,227
2024-07-07,SKU_009,Apparel,218
2024-07-08,SKU_009,Apparel,159
2024-07-09,SKU_009,Apparel,132
2024-07-10,SKU_009,Apparel,144
2024-07-11,SKU_009,Apparel,135
2024-07-12,SKU_009,Apparel,187
2024-07-13,SKU_009,Apparel,216
2024-07-14,SKU_009,Apparel,196
2024-07-15,SKU_009,Apparel,162
2024-07-16,SKU_009,Apparel,151
2024-07-17,SKU_009,Apparel,145
2024-07-18,SKU_009,Apparel,139
2024-07-19,SKU_009,Apparel,194
2024-07-20,SKU_009,Apparel,203
2024-07-21,SKU_009,Apparel,191
2024-07-22,SKU_009,Apparel,171
2024-07-23,SKU_009,Apparel,126
2024-07-24,SKU_009,Apparel,125
2024-07-25,SKU_009,Apparel,171
2024-07-26,SKU_009,Apparel,209
2024-07-27,SKU_009,Apparel,208
2024-07-28,SKU_009,Apparel,189
2024-07-29,SKU_009,Apparel,129
2024-07-30,SKU_009,Apparel,120
2024-07-31,SKU_009,Apparel,95
2024-08-01,SKU_009,Apparel,140
2024-08-02,SKU_009,Apparel,174
2024-08-03,SKU_009,Apparel,203
2024-08-04,SKU_009,Apparel,191
2024-08-05,SKU_009,Apparel,164
2024-08-06,SKU_009,Apparel,125
2024-08-07,SKU_009,Apparel,112
2024-08-08,SKU_009,Apparel,137
2024-08-09,SKU_009,Apparel,172
2024-08-10,SKU_009,Apparel,177
2024-08-11,SKU_009,Apparel,176
2024-08-12,SKU_009,Apparel,146
2024-08-13,SKU_009,Apparel,120
2024-08-14,SKU_009,Apparel,132
2024-08-15,SKU_009,Apparel,140
2024-08-16,SKU_009,Apparel,197
2024-08-17,SKU_009,Apparel,166
2024-08-18,SKU_009,Apparel,151
2024-08-19,SKU_009,Apparel,151
2024-08-20,SKU_009,Apparel,116
2024-08-21,SKU_009,Apparel,127
2024-08-22,SKU_009,Apparel,125
2024-08-23,SKU_009,Apparel,165
2024-08-24,SKU_009,Apparel,154
2024-08-25,SKU_009,Apparel,181
2024-08-26,SKU_009,Apparel,117
2024-08-27,SKU_009,Apparel,106
2024-08-28,SKU_009,Apparel,115
2024-08-29,SKU_009,Apparel,131
2024-08-30,SKU_009,Apparel,153
2024-08-31,SKU_009,Apparel,179
2024-09-01,SKU_009,Apparel,171
2024-09-02,SKU_009,Apparel,142
2024-09-03,SKU_009,Apparel,105
2024-09-04,SKU_009,Apparel,102
2024-09-05,SKU_009,Apparel,111
2024-09-06,SKU_009,Apparel,155
2024-09-07,SKU_009,Apparel,166
2024-09-08,SKU_009,Apparel,147
2024-09-09,SKU_009,Apparel,137
2024-09-10,SKU_009,Apparel,118
2024-09-11,SKU_009,Apparel,102
2024-09-12,SKU_009,Apparel,133
2024-09-13,SKU_009,Apparel,152
2024-09-14,SKU_009,Apparel,166
2024-09-15,SKU_009,Apparel,159
2024-09-16,SKU_009,Apparel,131
2024-09-17,SKU_009,Apparel,106
2024-09-18,SKU_009,Apparel,96
2024-09-19,SKU_009,Apparel,125
2024-09-20,SKU_009,Apparel,130
2024-09-21,SKU_009,Apparel,171
2024-09-22,SKU_009,Apparel,132
2024-09-23,SKU_009,Apparel,116
2024-09-24,SKU_009,Apparel,102
2024-09-25,SKU_009,Apparel,100
2024-09-26,SKU_009,Apparel,110
2024-09-27,SKU_009,Apparel,118
2024-09-28,SKU_009,Apparel,142
2024-09-29,SKU_009,Apparel,152
2024-09-30,SKU_009,Apparel,129
2024-10-01,SKU_009,Apparel,101
2024-10-02,SKU_009,Apparel,101
2024-10-03,SKU_009,Apparel,107
2024-10-04,SKU_009,Apparel,149
2024-10-05,SKU_009,Apparel,128
2024-10-06,SKU_009,Apparel,132
2024-10-07,SKU_009,Apparel,99
2024-10-08,SKU_009,Apparel,81
2024-10-09,SKU_009,Apparel,79
2024-10-10,SKU_009,Apparel,102
2024-10-11,SKU_009,Apparel,119
2024-10-12,SKU_009,Apparel,132
2024-10-13,SKU_009,Apparel,110
2024-10-14,SKU_009,Apparel,110
2024-10-15,SKU_009,Apparel,80
2024-10-16,SKU_009,Apparel,78
2024-10-17,SKU_009,Apparel,106
2024-10-18,SKU_009,Apparel,131
2024-10-19,SKU_009,Apparel,120
2024-10-20,SKU_009,Apparel,123
2024-10-21,SKU_009,Apparel,109
2024-10-22,SKU_009,Apparel,69
2024-10-23,SKU_009,Apparel,88
2024-10-24,SKU_009,Apparel,106
2024-10-25,SKU_009,Apparel,111
2024-10-26,SKU_009,Apparel,120
2024-10-27,SKU_009,Apparel,97
2024-10-28,SKU_009,Apparel,94
2024-10-29,SKU_009,Apparel,61
2024-10-30,SKU_009,Apparel,84
2024-10-31,SKU_009,Apparel,90
2024-11-01,SKU_009,Apparel,120
2024-11-02,SKU_009,Apparel,133
2024-11-03,SKU_009,Apparel,110
2024-11-04,SKU_009,Apparel,88
2024-11-05,SKU_009,Apparel,81
2024-11-06,SKU_009,Apparel,52
2024-11-07,SKU_009,Apparel,77
2024-11-08,SKU_009,Apparel,108
2024-11-09,SKU_009,Apparel,115
2024-11-10,SKU_009,Apparel,108
2024-11-11,SKU_009,Apparel,81
2024-11-12,SKU_009,Apparel,65
2024-11-13,SKU_009,Apparel,64
2024-11-14,SKU_009,Apparel,73
2024-11-15,SKU_009,Apparel,92
2024-11-16,SKU_009,Apparel,104
2024-11-17,SKU_009,Apparel,92
2024-11-18,SKU_009,Apparel,84
2024-11-19,SKU_009,Apparel,72
2024-11-20,SKU_009,Apparel,76
2024-11-21,SKU_009,Apparel,85
2024-11-22,SKU_009,Apparel,107
2024-11-23,SKU_009,Apparel,105
2024-11-24,SKU_009,Apparel,97
2024-11-25,SKU_009,Apparel,79
2024-11-26,SKU_009,Apparel,58
2024-11-27,SKU_009,Apparel,64
2024-11-28,SKU_009,Apparel,73
2024-11-29,SKU_009,Apparel,85
2024-11-30,SKU_009,Apparel,104
2024-12-01,SKU_009,Apparel,108
2024-12-02,SKU_009,Apparel,69
2024-12-03,SKU_009,Apparel,72
2024-12-04,SKU_009,Apparel,72
2024-12-05,SKU_009,Apparel,80
2024-12-06,SKU_009,Apparel,75
2024-12-07,SKU_009,Apparel,111
2024-12-08,SKU_009,Apparel,97
2024-12-09,SKU_009,Apparel,57
2024-12-10,SKU_009,Apparel,60
2024-12-11,SKU_009,Apparel,73
2024-12-12,SKU_009,Apparel,80
2024-12-13,SKU_009,Apparel,90
2024-12-14,SKU_009,Apparel,106
2024-12-15,SKU_009,Apparel,81
2024-12-16,SKU_009,Apparel,84
2024-12-17,SKU_009,Apparel,64
2024-12-18,SKU_009,Apparel,56
2024-12-19,SKU_009,Apparel,65
2024-12-20,SKU_009,Apparel,92
2024-12-21,SKU_009,Apparel,99
2024-12-22,SKU_009,Apparel,88
2024-12-23,SKU_009,Apparel,79
2024-12-24,SKU_009,Apparel,63
2024-12-25,SKU_009,Apparel,71
2024-12-26,SKU_009,Apparel,70
2024-12-27,SKU_009,Apparel,78
2024-12-28,SKU_009,Apparel,98
2024-12-29,SKU_009,Apparel,99
2024-12-30,SKU_009,Apparel,96
2023-01-01,SKU_010,Home,113
2023-01-02,SKU_010,Home,103
2023-01-03,SKU_010,Home,108
2023-01-04,SKU_010,Home,82
2023-01-05,SKU_010,Home,95
2023-01-06,SKU_010,Home,99
2023-01-07,SKU_010,Home,131
2023-01-08,SKU_010,Home,134
2023-01-09,SKU_010,Home,116
2023-01-10,SKU_010,Home,105
2023-01-11,SKU_010,Home,84
2023-01-12,SKU_010,Home,99
2023-01-13,SKU_010,Home,110
2023-01-14,SKU_010,Home,120
2023-01-15,SKU_010,Home,119
2023-01-16,SKU_010,Home,132
2023-01-17,SKU_010,Home,102
2023-01-18,SKU_010,Home,102
2023-01-19,SKU_010,Home,104
2023-01-20,SKU_010,Home,115
2023-01-21,SKU_010,Home,112
2023-01-22,SKU_010,Home,150
2023-01-23,SKU_010,Home,134
2023-01-24,SKU_010,Home,122
2023-01-25,SKU_010,Home,113
2023-01-26,SKU_010,Home,89
2023-01-27,SKU_010,Home,122
2023-01-28,SKU_010,Home,123
2023-01-29,SKU_010,Home,136
2023-01-30,SKU_010,Home,135
2023-01-31,SKU_010,Home,105
2023-02-01,SKU_010,Home,99
2023-02-02,SKU_010,Home,98
2023-02-03,SKU_010,Home,98
2023-02-04,SKU_010,Home,143
2023-02-05,SKU_010,Home,135
2023-02-06,SKU_010,Home,152
2023-02-07,SKU_010,Home,145
2023-02-08,SKU_010,Home,97
2023-02-09,SKU_010,Home,127
2023-02-10,SKU_010,Home,132
2023-02-11,SKU_010,Home,151
2023-02-12,SKU_010,Home,161
2023-02-13,SKU_010,Home,162
2023-02-14,SKU_010,Home,109
2023-02-15,SKU_010,Home,95
2023-02-16,SKU_010,Home,121
2023-02-17,SKU_010,Home,117
2023-02-18,SKU_010,Home,144
2023-02-19,SKU_010,Home,162
2023-02-20,SKU_010,Home,152
2023-02-21,SKU_010,Home,124
2023-02-22,SKU_010,Home,110
2023-02-23,SKU_010,Home,121
2023-02-24,SKU_010,Home,129
2023-02-25,SKU_010,Home,160
2023-02-26,SKU_010,Home,155
2023-02-27,SKU_010,Home,175
2023-02-28,SKU_010,Home,125
2023-03-01,SKU_010,Home,119
2023-03-02,SKU_010,Home,129
2023-03-03,SKU_010,Home,125
2023-03-04,SKU_010,Home,161
2023-03-05,SKU_010,Home,186
2023-03-06,SKU_010,Home,159
2023-03-07,SKU_010,Home,137
2023-03-08,SKU_010,Home,117
2023-03-09,SKU_010,Home,119
2023-03-10,SKU_010,Home,125
2023-03-11,SKU_010,Home,179
2023-03-12,SKU_010,Home,150
2023-03-13,SKU_010,Home,168
2023-03-14,SKU_010,Home,153
2023-03-15,SKU_010,Home,128
2023-03-16,SKU_010,Home,129
2023-03-17,SKU_010,Home,153
2023-03-18,SKU_010,Home,157
2023-03-19,SKU_010,Home,193
2023-03-20,SKU_010,Home,192
2023-03-21,SKU_010,Home,152
2023-03-22,SKU_010,Home,152
2023-03-23,SKU_010,Home,121
2023-03-24,SKU_010,Home,136
2023-03-25,SKU_010,Home,188
2023-03-26,SKU_010,Home,159
2023-03-27,SKU_010,Home,158
2023-03-28,SKU_010,Home,151
2023-03-29,SKU_010,Home,127
2023-03-30,SKU_010,Home,142
2023-03-31,SKU_010,Home,137
2023-04-01,SKU_010,Home,185
2023-04-02,SKU_010,Home,218
2023-04-03,SKU_010,Home,164
2023-04-04,SKU_010,Home,136
2023-04-05,SKU_010,Home,133
2023-04-06,SKU_010,Home,122
2023-04-07,SKU_010,Home,145
2023-04-08,SKU_010,Home,203
2023-04-09,SKU_010,Home,199
2023-04-10,SKU_010,Home,165
2023-04-11,SKU_010,Home,149
2023-04-12,SKU_010,Home,127
2023-04-13,SKU_010,Home,138
2023-04-14,SKU_010,Home,154
2023-04-15,SKU_010,Home,178
2023-04-16,SKU_010,Home,207
2023-04-17,SKU_010,Home,190
2023-04-18,SKU_010,Home,177
2023-04-19,SKU_010,Home,124
2023-04-20,SKU_010,Home,130
2023-04-21,SKU_010,Home,184
2023-04-22,SKU_010,Home,172
2023-04-23,SKU_010,Home,199
2023-04-24,SKU_010,Home,201
2023-04-25,SKU_010,Home,156
2023-04-26,SKU_010,Home,157
2023-04-27,SKU_010,Home,130
2023-04-28,SKU_010,Home,174
2023-04-29,SKU_010,Home,193
2023-04-30,SKU_010,Home,187
2023-05-01,SKU_010,Home,189
2023-05-02,SKU_010,Home,168
2023-05-03,SKU_010,Home,149
2023-05-04,SKU_010,Home,153
2023-05-05,SKU_010,Home,141
2023-05-06,SKU_010,Home,171
2023-05-07,SKU_010,Home,200
2023-05-08,SKU_010,Home,184
2023-05-09,SKU_010,Home,151
2023-05-10,SKU_010,Home,121
2023-05-11,SKU_010,Home,120
2023-05-12,SKU_010,Home,161
2023-05-13,SKU_010,Home,163
2023-05-14,SKU_010,Home,175
2023-05-15,SKU_010,Home,277
2023-05-16,SKU_010,Home,166
2023-05-17,SKU_010,Home,156
2023-05-18,SKU_010,Home,131
2023-05-19,SKU_010,Home,167
2023-05-20,SKU_010,Home,177
2023-05-21,SKU_010,Home,198
2023-05-22,SKU_010,Home,169
2023-05-23,SKU_010,Home,181
2023-05-24,SKU_010,Home,121
2023-05-25,SKU_010,Home,118
2023-05-26,SKU_010,Home,144
2023-05-27,SKU_010,Home,186
2023-05-28,SKU_010,Home,182
2023-05-29,SKU_010,Home,161
2023-05-30,SKU_010,Home,155
2023-05-31,SKU_010,Home,142
2023-06-01,SKU_010,Home,135
2023-06-02,SKU_010,Home,158
2023-06-03,SKU_010,Home,194
2023-06-04,SKU_010,Home,194
2023-06-05,SKU_010,Home,185
2023-06-06,SKU_010,Home,152
2023-06-07,SKU_010,Home,127
2023-06-08,SKU_010,Home,148
2023-06-09,SKU_010,Home,158
2023-06-10,SKU_010,Home,191
2023-06-11,SKU_010,Home,200
2023-06-12,SKU_010,Home,184
2023-06-13,SKU_010,Home,162
2023-06-14,SKU_010,Home,150
2023-06-15,SKU_010,Home,139
2023-06-16,SKU_010,Home,157
2023-06-17,SKU_010,Home,188
2023-06-18,SKU_010,Home,184
2023-06-19,SKU_010,Home,169
2023-06-20,SKU_010,Home,154
2023-06-21,SKU_010,Home,136
2023-06-22,SKU_010,Home,113
2023-06-23,SKU_010,Home,160
2023-06-24,SKU_010,Home,189
2023-06-25,SKU_010,Home,166
2023-06-26,SKU_010,Home,159
2023-06-27,SKU_010,Home,153
2023-06-28,SKU_010,Home,133
2023-06-29,SKU_010,Home,136
2023-06-30,SKU_010,Home,157
2023-07-01,SKU_010,Home,165
2023-07-02,SKU_010,Home,191
2023-07-03,SKU_010,Home,175
2023-07-04,SKU_010,Home,139
2023-07-05,SKU_010,Home,119
2023-07-06,SKU_010,Home,116
2023-07-07,SKU_010,Home,148
2023-07-08,SKU_010,Home,175
2023-07-09,SKU_010,Home,213
2023-07-10,SKU_010,Home,158
2023-07-11,SKU_010,Home,163
2023-07-12,SKU_010,Home,120
2023-07-13,SKU_010,Home,125
2023-07-14,SKU_010,Home,153
2023-07-15,SKU_010,Home,172
2023-07-16,SKU_010,Home,160
2023-07-17,SKU_010,Home,175
2023-07-18,SKU_010,Home,140
2023-07-19,SKU_010,Home,119
2023-07-20,SKU_010,Home,137
2023-07-21,SKU_010,Home,141
2023-07-22,SKU_010,Home,167
2023-07-23,SKU_010,Home,177
2023-07-24,SKU_010,Home,178
2023-07-25,SKU_010,Home,129
2023-07-26,SKU_010,Home,127
2023-07-27,SKU_010,Home,138
2023-07-28,SKU_010,Home,126
2023-07-29,SKU_010,Home,149
2023-07-30,SKU_010,Home,182
2023-07-31,SKU_010,Home,163
2023-08-01,SKU_010,Home,123
2023-08-02,SKU_010,Home,129
2023-08-03,SKU_010,Home,126
2023-08-04,SKU_010,Home,139
2023-08-05,SKU_010,Home,138
2023-08-06,SKU_010,Home,192
2023-08-07,SKU_010,Home,133
2023-08-08,SKU_010,Home,130
2023-08-09,SKU_010,Home,130
2023-08-10,SKU_010,Home,153
2023-08-11,SKU_010,Home,135
2023-08-12,SKU_010,Home,144
2023-08-13,SKU_010,Home,164
2023-08-14,SKU_010,Home,143
2023-08-15,SKU_010,Home,126
2023-08-16,SKU_010,Home,115
2023-08-17,SKU_010,Home,95
2023-08-18,SKU_010,Home,126
2023-08-19,SKU_010,Home,162
2023-08-20,SKU_010,Home,170
2023-08-21,SKU_010,Home,171
2023-08-22,SKU_010,Home,119
2023-08-23,SKU_010,Home,106
2023-08-24,SKU_010,Home,97
2023-08-25,SKU_010,Home,136
2023-08-26,SKU_010,Home,137
2023-08-27,SKU_010,Home,133
2023-08-28,SKU_010,Home,143
2023-08-29,SKU_010,Home,130
2023-08-30,SKU_010,Home,87
2023-08-31,SKU_010,Home,106
2023-09-01,SKU_010,Home,120
2023-09-02,SKU_010,Home,138
2023-09-03,SKU_010,Home,145
2023-09-04,SKU_010,Home,129
2023-09-05,SKU_010,Home,124
2023-09-06,SKU_010,Home,99
2023-09-07,SKU_010,Home,98
2023-09-08,SKU_010,Home,115
2023-09-09,SKU_010,Home,163
2023-09-10,SKU_010,Home,148
2023-09-11,SKU_010,Home,131
2023-09-12,SKU_010,Home,116
2023-09-13,SKU_010,Home,99
2023-09-14,SKU_010,Home,98
2023-09-15,SKU_010,Home,112
2023-09-16,SKU_010,Home,137
2023-09-17,SKU_010,Home,161
2023-09-18,SKU_010,Home,125
2023-09-19,SKU_010,Home,118
2023-09-20,SKU_010,Home,103
2023-09-21,SKU_010,Home,106
2023-09-22,SKU_010,Home,87
2023-09-23,SKU_010,Home,131
2023-09-24,SKU_010,Home,115
2023-09-25,SKU_010,Home,125
2023-09-26,SKU_010,Home,117
2023-09-27,SKU_010,Home,94
2023-09-28,SKU_010,Home,90
2023-09-29,SKU_010,Home,105
2023-09-30,SKU_010,Home,130
2023-10-01,SKU_010,Home,141
2023-10-02,SKU_010,Home,144
2023-10-03,SKU_010,Home,92
2023-10-04,SKU_010,Home,112
2023-10-05,SKU_010,Home,92
2023-10-06,SKU_010,Home,102
2023-10-07,SKU_010,Home,140
2023-10-08,SKU_010,Home,121
2023-10-09,SKU_010,Home,114
2023-10-10,SKU_010,Home,113
2023-10-11,SKU_010,Home,97
2023-10-12,SKU_010,Home,85
2023-10-13,SKU_010,Home,99
2023-10-14,SKU_010,Home,122
2023-10-15,SKU_010,Home,124
2023-10-16,SKU_010,Home,114
2023-10-17,SKU_010,Home,85
2023-10-18,SKU_010,Home,91
2023-10-19,SKU_010,Home,81
2023-10-20,SKU_010,Home,105
2023-10-21,SKU_010,Home,136
2023-10-22,SKU_010,Home,148
2023-10-23,SKU_010,Home,110
2023-10-24,SKU_010,Home,94
2023-10-25,SKU_010,Home,94
2023-10-26,SKU_010,Home,76
2023-10-27,SKU_010,Home,77
2023-10-28,SKU_010,Home,100
2023-10-29,SKU_010,Home,132
2023-10-30,SKU_010,Home,116
2023-10-31,SKU_010,Home,94
2023-11-01,SKU_010,Home,104
2023-11-02,SKU_010,Home,79
2023-11-03,SKU_010,Home,120
2023-11-04,SKU_010,Home,124
2023-11-05,SKU_010,Home,107
2023-11-06,SKU_010,Home,95
2023-11-07,SKU_010,Home,101
2023-11-08,SKU_010,Home,94
2023-11-09,SKU_010,Home,81
2023-11-10,SKU_010,Home,101
2023-11-11,SKU_010,Home,106
2023-11-12,SKU_010,Home,136
2023-11-13,SKU_010,Home,120
2023-11-14,SKU_010,Home,94
2023-11-15,SKU_010,Home,77
2023-11-16,SKU_010,Home,77
2023-11-17,SKU_010,Home,89
2023-11-18,SKU_010,Home,114
2023-11-19,SKU_010,Home,121
2023-11-20,SKU_010,Home,110
2023-11-21,SKU_010,Home,104
2023-11-22,SKU_010,Home,79
2023-11-23,SKU_010,Home,92
2023-11-24,SKU_010,Home,93
2023-11-25,SKU_010,Home,115
2023-11-26,SKU_010,Home,96
2023-11-27,SKU_010,Home,107
2023-11-28,SKU_010,Home,104
2023-11-29,SKU_010,Home,86
2023-11-30,SKU_010,Home,85
2023-12-01,SKU_010,Home,70
2023-12-02,SKU_010,Home,121
2023-12-03,SKU_010,Home,113
2023-12-04,SKU_010,Home,122
2023-12-05,SKU_010,Home,79
2023-12-06,SKU_010,Home,73
2023-12-07,SKU_010,Home,86
2023-12-08,SKU_010,Home,124
2023-12-09,SKU_010,Home,124
2023-12-10,SKU_010,Home,128
2023-12-11,SKU_010,Home,107
2023-12-12,SKU_010,Home,110
2023-12-13,SKU_010,Home,89
2023-12-14,SKU_010,Home,84
2023-12-15,SKU_010,Home,108
2023-12-16,SKU_010,Home,118
2023-12-17,SKU_010,Home,113
2023-12-18,SKU_010,Home,142
2023-12-19,SKU_010,Home,106
2023-12-20,SKU_010,Home,106
2023-12-21,SKU_010,Home,76
2023-12-22,SKU_010,Home,96
2023-12-23,SKU_010,Home,111
2023-12-24,SKU_010,Home,128
2023-12-25,SKU_010,Home,150
2023-12-26,SKU_010,Home,94
2023-12-27,SKU_010,Home,101
2023-12-28,SKU_010,Home,91
2023-12-29,SKU_010,Home,122
2023-12-30,SKU_010,Home,130
2023-12-31,SKU_010,Home,129
2024-01-01,SKU_010,Home,141
2024-01-02,SKU_010,Home,116
2024-01-03,SKU_010,Home,94
2024-01-04,SKU_010,Home,97
2024-01-05,SKU_010,Home,104
2024-01-06,SKU_010,Home,114
2024-01-07,SKU_010,Home,127
2024-01-08,SKU_010,Home,99
2024-01-09,SKU_010,Home,109
2024-01-10,SKU_010,Home,102
2024-01-11,SKU_010,Home,80
2024-01-12,SKU_010,Home,96
2024-01-13,SKU_010,Home,120
2024-01-14,SKU_010,Home,146
2024-01-15,SKU_010,Home,141
2024-01-16,SKU_010,Home,108
2024-01-17,SKU_010,Home,104
2024-01-18,SKU_010,Home,90
2024-01-19,SKU_010,Home,140
2024-01-20,SKU_010,Home,131
2024-01-21,SKU_010,Home,140
2024-01-22,SKU_010,Home,143
2024-01-23,SKU_010,Home,111
2024-01-24,SKU_010,Home,106
2024-01-25,SKU_010,Home,92
2024-01-26,SKU_010,Home,133
2024-01-27,SKU_010,Home,152
2024-01-28,SKU_010,Home,170
2024-01-29,SKU_010,Home,133
2024-01-30,SKU_010,Home,125
2024-01-31,SKU_010,Home,121
2024-02-01,SKU_010,Home,104
2024-02-02,SKU_010,Home,118
2024-02-03,SKU_010,Home,140
2024-02-04,SKU_010,Home,169
2024-02-05,SKU_010,Home,146
2024-02-06,SKU_010,Home,133
2024-02-07,SKU_010,Home,93
2024-02-08,SKU_010,Home,102
2024-02-09,SKU_010,Home,118
2024-02-10,SKU_010,Home,144
2024-02-11,SKU_010,Home,156
2024-02-12,SKU_010,Home,140
2024-02-13,SKU_010,Home,117
2024-02-14,SKU_010,Home,117
2024-02-15,SKU_010,Home,96
2024-02-16,SKU_010,Home,135
2024-02-17,SKU_010,Home,164
2024-02-18,SKU_010,Home,159
2024-02-19,SKU_010,Home,175
2024-02-20,SKU_010,Home,140
2024-02-21,SKU_010,Home,110
2024-02-22,SKU_010,Home,136
2024-02-23,SKU_010,Home,134
2024-02-24,SKU_010,Home,161
2024-02-25,SKU_010,Home,196
2024-02-26,SKU_010,Home,150
2024-02-27,SKU_010,Home,137
2024-02-28,SKU_010,Home,122
2024-02-29,SKU_010,Home,110
2024-03-01,SKU_010,Home,130
2024-03-02,SKU_010,Home,154
2024-03-03,SKU_010,Home,175
2024-03-04,SKU_010,Home,192
2024-03-05,SKU_010,Home,146
2024-03-06,SKU_010,Home,132
2024-03-07,SKU_010,Home,114
2024-03-08,SKU_010,Home,150
2024-03-09,SKU_010,Home,172
2024-03-10,SKU_010,Home,182
2024-03-11,SKU_010,Home,157
2024-03-12,SKU_010,Home,145
2024-03-13,SKU_010,Home,125
2024-03-14,SKU_010,Home,113
2024-03-15,SKU_010,Home,134
2024-03-16,SKU_010,Home,185
2024-03-17,SKU_010,Home,183
2024-03-18,SKU_010,Home,189
2024-03-19,SKU_010,Home,140
2024-03-20,SKU_010,Home,131
2024-03-21,SKU_010,Home,127
2024-03-22,SKU_010,Home,137
2024-03-23,SKU_010,Home,173
2024-03-24,SKU_010,Home,171
2024-03-25,SKU_010,Home,180
2024-03-26,SKU_010,Home,165
2024-03-27,SKU_010,Home,113
2024-03-28,SKU_010,Home,163
2024-03-29,SKU_010,Home,181
2024-03-30,SKU_010,Home,184
2024-03-31,SKU_010,Home,165
2024-04-01,SKU_010,Home,170
2024-04-02,SKU_010,Home,162
2024-04-03,SKU_010,Home,129
2024-04-04,SKU_010,Home,144
2024-04-05,SKU_010,Home,155
2024-04-06,SKU_010,Home,148
2024-04-07,SKU_010,Home,186
2024-04-08,SKU_010,Home,173
2024-04-09,SKU_010,Home,155
2024-04-10,SKU_010,Home,128
2024-04-11,SKU_010,Home,126
2024-04-12,SKU_010,Home,156
2024-04-13,SKU_010,Home,202
2024-04-14,SKU_010,Home,196
2024-04-15,SKU_010,Home,193
2024-04-16,SKU_010,Home,167
2024-04-17,SKU_010,Home,137
2024-04-18,SKU_010,Home,151
2024-04-19,SKU_010,Home,148
2024-04-20,SKU_010,Home,169
2024-04-21,SKU_010,Home,201
2024-04-22,SKU_010,Home,170
2024-04-23,SKU_010,Home,152
2024-04-24,SKU_010,Home,164
2024-04-25,SKU_010,Home,150
2024-04-26,SKU_010,Home,144
2024-04-27,SKU_010,Home,188
2024-04-28,SKU_010,Home,201
2024-04-29,SKU_010,Home,181
2024-04-30,SKU_010,Home,168
2024-05-01,SKU_010,Home,140
2024-05-02,SKU_010,Home,134
2024-05-03,SKU_010,Home,172
2024-05-04,SKU_010,Home,201
2024-05-05,SKU_010,Home,202
2024-05-06,SKU_010,Home,177
2024-05-07,SKU_010,Home,182
2024-05-08,SKU_010,Home,137
2024-05-09,SKU_010,Home,140
2024-05-10,SKU_010,Home,161
2024-05-11,SKU_010,Home,185
2024-05-12,SKU_010,Home,223
2024-05-13,SKU_010,Home,196
2024-05-14,SKU_010,Home,150
2024-05-15,SKU_010,Home,117
2024-05-16,SKU_010,Home,158
2024-05-17,SKU_010,Home,163
2024-05-18,SKU_010,Home,177
2024-05-19,SKU_010,Home,209
2024-05-20,SKU_010,Home,190
2024-05-21,SKU_010,Home,141
2024-05-22,SKU_010,Home,141
2024-05-23,SKU_010,Home,145
2024-05-24,SKU_010,Home,183
2024-05-25,SKU_010,Home,205
2024-05-26,SKU_010,Home,201
2024-05-27,SKU_010,Home,182
2024-05-28,SKU_010,Home,174
2024-05-29,SKU_010,Home,129
2024-05-30,SKU_010,Home,144
2024-05-31,SKU_010,Home,163
2024-06-01,SKU_010,Home,187
2024-06-02,SKU_010,Home,205
2024-06-03,SKU_010,Home,198
2024-06-04,SKU_010,Home,156
2024-06-05,SKU_010,Home,126
2024-06-06,SKU_010,Home,151
2024-06-07,SKU_010,Home,149
2024-06-08,SKU_010,Home,187
2024-06-09,SKU_010,Home,199
2024-06-10,SKU_010,Home,179
2024-06-11,SKU_010,Home,151
2024-06-12,SKU_010,Home,129
2024-06-13,SKU_010,Home,139
2024-06-14,SKU_010,Home,144
2024-06-15,SKU_010,Home,198
2024-06-16,SKU_010,Home,184
2024-06-17,SKU_010,Home,164
2024-06-18,SKU_010,Home,178
2024-06-19,SKU_010,Home,130
2024-06-20,SKU_010,Home,125
2024-06-21,SKU_010,Home,152
2024-06-22,SKU_010,Home,178
2024-06-23,SKU_010,Home,190
2024-06-24,SKU_010,Home,184
2024-06-25,SKU_010,Home,171
2024-06-26,SKU_010,Home,146
2024-06-27,SKU_010,Home,149
2024-06-28,SKU_010,Home,159
2024-06-29,SKU_010,Home,181
2024-06-30,SKU_010,Home,190
2024-07-01,SKU_010,Home,182
2024-07-02,SKU_010,Home,137
2024-07-03,SKU_010,Home,143
2024-07-04,SKU_010,Home,239
2024-07-05,SKU_010,Home,138
2024-07-06,SKU_010,Home,176
2024-07-07,SKU_010,Home,179
2024-07-08,SKU_010,Home,179
2024-07-09,SKU_010,Home,144
2024-07-10,SKU_010,Home,126
2024-07-11,SKU_010,Home,116
2024-07-12,SKU_010,Home,154
2024-07-13,SKU_010,Home,174
2024-07-14,SKU_010,Home,200
2024-07-15,SKU_010,Home,186
2024-07-16,SKU_010,Home,148
2024-07-17,SKU_010,Home,118
2024-07-18,SKU_010,Home,109
2024-07-19,SKU_010,Home,150
2024-07-20,SKU_010,Home,162
2024-07-21,SKU_010,Home,177
2024-07-22,SKU_010,Home,165
2024-07-23,SKU_010,Home,140
2024-07-24,SKU_010,Home,147
2024-07-25,SKU_010,Home,120
2024-07-26,SKU_010,Home,133
2024-07-27,SKU_010,Home,155
2024-07-28,SKU_010,Home,191
2024-07-29,SKU_010,Home,153
2024-07-30,SKU_010,Home,133
2024-07-31,SKU_010,Home,132
2024-08-01,SKU_010,Home,102
2024-08-02,SKU_010,Home,127
2024-08-03,SKU_010,Home,181
2024-08-04,SKU_010,Home,176
2024-08-05,SKU_010,Home,168
2024-08-06,SKU_010,Home,157
2024-08-07,SKU_010,Home,96
2024-08-08,SKU_010,Home,118
2024-08-09,SKU_010,Home,147
2024-08-10,SKU_010,Home,175
2024-08-11,SKU_010,Home,158
2024-08-12,SKU_010,Home,156
2024-08-13,SKU_010,Home,128
2024-08-14,SKU_010,Home,129
2024-08-15,SKU_010,Home,111
2024-08-16,SKU_010,Home,117
2024-08-17,SKU_010,Home,157
2024-08-18,SKU_010,Home,194
2024-08-19,SKU_010,Home,147
2024-08-20,SKU_010,Home,114
2024-08-21,SKU_010,Home,109
2024-08-22,SKU_010,Home,117
2024-08-23,SKU_010,Home,133
2024-08-24,SKU_010,Home,155
2024-08-25,SKU_010,Home,164
2024-08-26,SKU_010,Home,138
2024-08-27,SKU_010,Home,110
2024-08-28,SKU_010,Home,112
2024-08-29,SKU_010,Home,97
2024-08-30,SKU_010,Home,122
2024-08-31,SKU_010,Home,144
2024-09-01,SKU_010,Home,157
2024-09-02,SKU_010,Home,150
2024-09-03,SKU_010,Home,116
2024-09-04,SKU_010,Home,117
2024-09-05,SKU_010,Home,89
2024-09-06,SKU_010,Home,118
2024-09-07,SKU_010,Home,144
2024-09-08,SKU_010,Home,128
2024-09-09,SKU_010,Home,129
2024-09-10,SKU_010,Home,124
2024-09-11,SKU_010,Home,111
2024-09-12,SKU_010,Home,103
2024-09-13,SKU_010,Home,102
2024-09-14,SKU_010,Home,136
2024-09-15,SKU_010,Home,155
2024-09-16,SKU_010,Home,151
2024-09-17,SKU_010,Home,108
2024-09-18,SKU_010,Home,96
2024-09-19,SKU_010,Home,97
2024-09-20,SKU_010,Home,139
2024-09-21,SKU_010,Home,132
2024-09-22,SKU_010,Home,126
2024-09-23,SKU_010,Home,133
2024-09-24,SKU_010,Home,126
2024-09-25,SKU_010,Home,87
2024-09-26,SKU_010,Home,94
2024-09-27,SKU_010,Home,95
2024-09-28,SKU_010,Home,124
2024-09-29,SKU_010,Home,130
2024-09-30,SKU_010,Home,132
2024-10-01,SKU_010,Home,98
2024-10-02,SKU_010,Home,94
2024-10-03,SKU_010,Home,81
2024-10-04,SKU_010,Home,109
2024-10-05,SKU_010,Home,129
2024-10-06,SKU_010,Home,122
2024-10-07,SKU_010,Home,121
2024-10-08,SKU_010,Home,117
2024-10-09,SKU_010,Home,109
2024-10-10,SKU_010,Home,106
2024-10-11,SKU_010,Home,91
2024-10-12,SKU_010,Home,127
2024-10-13,SKU_010,Home,126
2024-10-14,SKU_010,Home,135
2024-10-15,SKU_010,Home,112
2024-10-16,SKU_010,Home,105
2024-10-17,SKU_010,Home,74
2024-10-18,SKU_010,Home,89
2024-10-19,SKU_010,Home,125
2024-10-20,SKU_010,Home,116
2024-10-21,SKU_010,Home,115
2024-10-22,SKU_010,Home,106
2024-10-23,SKU_010,Home,82
2024-10-24,SKU_010,Home,88
2024-10-25,SKU_010,Home,117
2024-10-26,SKU_010,Home,113
2024-10-27,SKU_010,Home,111
2024-10-28,SKU_010,Home,116
2024-10-29,SKU_010,Home,101
2024-10-30,SKU_010,Home,94
2024-10-31,SKU_010,Home,89
2024-11-01,SKU_010,Home,105
2024-11-02,SKU_010,Home,118
2024-11-03,SKU_010,Home,119
2024-11-04,SKU_010,Home,125
2024-11-05,SKU_010,Home,105
2024-11-06,SKU_010,Home,86
2024-11-07,SKU_010,Home,93
2024-11-08,SKU_010,Home,102
2024-11-09,SKU_010,Home,114
2024-11-10,SKU_010,Home,122
2024-11-11,SKU_010,Home,107
2024-11-12,SKU_010,Home,88
2024-11-13,SKU_010,Home,91
2024-11-14,SKU_010,Home,92
2024-11-15,SKU_010,Home,112
2024-11-16,SKU_010,Home,135
2024-11-17,SKU_010,Home,139
2024-11-18,SKU_010,Home,133
2024-11-19,SKU_010,Home,106
2024-11-20,SKU_010,Home,94
2024-11-21,SKU_010,Home,96
2024-11-22,SKU_010,Home,94
2024-11-23,SKU_010,Home,103
2024-11-24,SKU_010,Home,139
2024-11-25,SKU_010,Home,117
2024-11-26,SKU_010,Home,97
2024-11-27,SKU_010,Home,83
2024-11-28,SKU_010,Home,83
2024-11-29,SKU_010,Home,112
2024-11-30,SKU_010,Home,110
2024-12-01,SKU_010,Home,113
2024-12-02,SKU_010,Home,128
2024-12-03,SKU_010,Home,80
2024-12-04,SKU_010,Home,98
2024-12-05,SKU_010,Home,82
2024-12-06,SKU_010,Home,87
2024-12-07,SKU_010,Home,134
2024-12-08,SKU_010,Home,124
2024-12-09,SKU_010,Home,98
2024-12-10,SKU_010,Home,126
2024-12-11,SKU_010,Home,90
2024-12-12,SKU_010,Home,97
2024-12-13,SKU_010,Home,110
2024-12-14,SKU_010,Home,115
2024-12-15,SKU_010,Home,119
2024-12-16,SKU_010,Home,126
2024-12-17,SKU_010,Home,107
2024-12-18,SKU_010,Home,98
2024-12-19,SKU_010,Home,77
2024-12-20,SKU_010,Home,95
2024-12-21,SKU_010,Home,120
2024-12-22,SKU_010,Home,112
2024-12-23,SKU_010,Home,147
2024-12-24,SKU_010,Home,95
2024-12-25,SKU_010,Home,96
2024-12-26,SKU_010,Home,88
2024-12-27,SKU_010,Home,108
2024-12-28,SKU_010,Home,126
2024-12-29,SKU_010,Home,134
2024-12-30,SKU_010,Home,126
2023-01-01,SKU_011,Home,115
2023-01-02,SKU_011,Home,94
2023-01-03,SKU_011,Home,77
2023-01-04,SKU_011,Home,86
2023-01-05,SKU_011,Home,101
2023-01-06,SKU_011,Home,77
2023-01-07,SKU_011,Home,119
2023-01-08,SKU_011,Home,105
2023-01-09,SKU_011,Home,108
2023-01-10,SKU_011,Home,99
2023-01-11,SKU_011,Home,90
2023-01-12,SKU_011,Home,91
2023-01-13,SKU_011,Home,111
2023-01-14,SKU_011,Home,123
2023-01-15,SKU_011,Home,104
2023-01-16,SKU_011,Home,121
2023-01-17,SKU_011,Home,97
2023-01-18,SKU_011,Home,72
2023-01-19,SKU_011,Home,90
2023-01-20,SKU_011,Home,111
2023-01-21,SKU_011,Home,104
2023-01-22,SKU_011,Home,120
2023-01-23,SKU_011,Home,107
2023-01-24,SKU_011,Home,110
2023-01-25,SKU_011,Home,94
2023-01-26,SKU_011,Home,74
2023-01-27,SKU_011,Home,100
2023-01-28,SKU_011,Home,98
2023-01-29,SKU_011,Home,123
2023-01-30,SKU_011,Home,112
2023-01-31,SKU_011,Home,104
2023-02-01,SKU_011,Home,80
2023-02-02,SKU_011,Home,107
2023-02-03,SKU_011,Home,91
2023-02-04,SKU_011,Home,120
2023-02-05,SKU_011,Home,125
2023-02-06,SKU_011,Home,129
2023-02-07,SKU_011,Home,107
2023-02-08,SKU_011,Home,70
2023-02-09,SKU_011,Home,101
2023-02-10,SKU_011,Home,112
2023-02-11,SKU_011,Home,126
2023-02-12,SKU_011,Home,133
2023-02-13,SKU_011,Home,107
2023-02-14,SKU_011,Home,123
2023-02-15,SKU_011,Home,95
2023-02-16,SKU_011,Home,100
2023-02-17,SKU_011,Home,109
2023-02-18,SKU_011,Home,120
2023-02-19,SKU_011,Home,165
2023-02-20,SKU_011,Home,112
2023-02-21,SKU_011,Home,108
2023-02-22,SKU_011,Home,83
2023-02-23,SKU_011,Home,81
2023-02-24,SKU_011,Home,107
2023-02-25,SKU_011,Home,129
2023-02-26,SKU_011,Home,144
2023-02-27,SKU_011,Home,129
2023-02-28,SKU_011,Home,109
2023-03-01,SKU_011,Home,108
2023-03-02,SKU_011,Home,112
2023-03-03,SKU_011,Home,107
2023-03-04,SKU_011,Home,129
2023-03-05,SKU_011,Home,118
2023-03-06,SKU_011,Home,146
2023-03-07,SKU_011,Home,126
2023-03-08,SKU_011,Home,99
2023-03-09,SKU_011,Home,116
2023-03-10,SKU_011,Home,116
2023-03-11,SKU_011,Home,136
2023-03-12,SKU_011,Home,153
2023-03-13,SKU_011,Home,152
2023-03-14,SKU_011,Home,112
2023-03-15,SKU_011,Home,97
2023-03-16,SKU_011,Home,85
2023-03-17,SKU_011,Home,134
2023-03-18,SKU_011,Home,137
2023-03-19,SKU_011,Home,149
2023-03-20,SKU_011,Home,117
2023-03-21,SKU_011,Home,114
2023-03-22,SKU_011,Home,104
2023-03-23,SKU_011,Home,102
2023-03-24,SKU_011,Home,117
2023-03-25,SKU_011,Home,138
2023-03-26,SKU_011,Home,176
2023-03-27,SKU_011,Home,169
2023-03-28,SKU_011,Home,116
2023-03-29,SKU_011,Home,113
2023-03-30,SKU_011,Home,112
2023-03-31,SKU_011,Home,140
2023-04-01,SKU_011,Home,146
2023-04-02,SKU_011,Home,168
2023-04-03,SKU_011,Home,136
2023-04-04,SKU_011,Home,141
2023-04-05,SKU_011,Home,114
2023-04-06,SKU_011,Home,112
2023-04-07,SKU_011,Home,138
2023-04-08,SKU_011,Home,145
2023-04-09,SKU_011,Home,165
2023-04-10,SKU_011,Home,132
2023-04-11,SKU_011,Home,136
2023-04-12,SKU_011,Home,118
2023-04-13,SKU_011,Home,108
2023-04-14,SKU_011,Home,125
2023-04-15,SKU_011,Home,154
2023-04-16,SKU_011,Home,175
2023-04-17,SKU_011,Home,159
2023-04-18,SKU_011,Home,143
2023-04-19,SKU_011,Home,115
2023-04-20,SKU_011,Home,109
2023-04-21,SKU_011,Home,114
2023-04-22,SKU_011,Home,157
2023-04-23,SKU_011,Home,152
2023-04-24,SKU_011,Home,138
2023-04-25,SKU_011,Home,134
2023-04-26,SKU_011,Home,112
2023-04-27,SKU_011,Home,130
2023-04-28,SKU_011,Home,137
2023-04-29,SKU_011,Home,142
2023-04-30,SKU_011,Home,182
2023-05-01,SKU_011,Home,170
2023-05-02,SKU_011,Home,143
2023-05-03,SKU_011,Home,116
2023-05-04,SKU_011,Home,106
2023-05-05,SKU_011,Home,127
2023-05-06,SKU_011,Home,133
2023-05-07,SKU_011,Home,175
2023-05-08,SKU_011,Home,145
2023-05-09,SKU_011,Home,141
2023-05-10,SKU_011,Home,114
2023-05-11,SKU_011,Home,139
2023-05-12,SKU_011,Home,122
2023-05-13,SKU_011,Home,169
2023-05-14,SKU_011,Home,165
2023-05-15,SKU_011,Home,163
2023-05-16,SKU_011,Home,127
2023-05-17,SKU_011,Home,108
2023-05-18,SKU_011,Home,101
2023-05-19,SKU_011,Home,146
2023-05-20,SKU_011,Home,134
2023-05-21,SKU_011,Home,159
2023-05-22,SKU_011,Home,160
2023-05-23,SKU_011,Home,141
2023-05-24,SKU_011,Home,117
2023-05-25,SKU_011,Home,112
2023-05-26,SKU_011,Home,138
2023-05-27,SKU_011,Home,138
2023-05-28,SKU_011,Home,174
2023-05-29,SKU_011,Home,166
2023-05-30,SKU_011,Home,131
2023-05-31,SKU_011,Home,102
2023-06-01,SKU_011,Home,140
2023-06-02,SKU_011,Home,128
2023-06-03,SKU_011,Home,198
2023-06-04,SKU_011,Home,183
2023-06-05,SKU_011,Home,156
2023-06-06,SKU_011,Home,128
2023-06-07,SKU_011,Home,120
2023-06-08,SKU_011,Home,113
2023-06-09,SKU_011,Home,124
2023-06-10,SKU_011,Home,144
2023-06-11,SKU_011,Home,163
2023-06-12,SKU_011,Home,169
2023-06-13,SKU_011,Home,139
2023-06-14,SKU_011,Home,115
2023-06-15,SKU_011,Home,122
2023-06-16,SKU_011,Home,127
2023-06-17,SKU_011,Home,143
2023-06-18,SKU_011,Home,175
2023-06-19,SKU_011,Home,126
2023-06-20,SKU_011,Home,126
2023-06-21,SKU_011,Home,104
2023-06-22,SKU_011,Home,131
2023-06-23,SKU_011,Home,133
2023-06-24,SKU_011,Home,152
2023-06-25,SKU_011,Home,147
2023-06-26,SKU_011,Home,154
2023-06-27,SKU_011,Home,114
2023-06-28,SKU_011,Home,104
2023-06-29,SKU_011,Home,112
2023-06-30,SKU_011,Home,130
2023-07-01,SKU_011,Home,151
2023-07-02,SKU_011,Home,182
2023-07-03,SKU_011,Home,135
2023-07-04,SKU_011,Home,135
2023-07-05,SKU_011,Home,126
2023-07-06,SKU_011,Home,112
2023-07-07,SKU_011,Home,124
2023-07-08,SKU_011,Home,154
2023-07-09,SKU_011,Home,150
2023-07-10,SKU_011,Home,165
2023-07-11,SKU_011,Home,132
2023-07-12,SKU_011,Home,123
2023-07-13,SKU_011,Home,126
2023-07-14,SKU_011,Home,109
2023-07-15,SKU_011,Home,150
2023-07-16,SKU_011,Home,151
2023-07-17,SKU_011,Home,143
2023-07-18,SKU_011,Home,123
2023-07-19,SKU_011,Home,115
2023-07-20,SKU_011,Home,117
2023-07-21,SKU_011,Home,119
2023-07-22,SKU_011,Home,131
2023-07-23,SKU_011,Home,137
2023-07-24,SKU_011,Home,159
2023-07-25,SKU_011,Home,123
2023-07-26,SKU_011,Home,88
2023-07-27,SKU_011,Home,79
2023-07-28,SKU_011,Home,119
2023-07-29,SKU_011,Home,128
2023-07-30,SKU_011,Home,142
2023-07-31,SKU_011,Home,136
2023-08-01,SKU_011,Home,104
2023-08-02,SKU_011,Home,89
2023-08-03,SKU_011,Home,93
2023-08-04,SKU_011,Home,114
2023-08-05,SKU_011,Home,107
2023-08-06,SKU_011,Home,143
2023-08-07,SKU_011,Home,141
2023-08-08,SKU_011,Home,107
2023-08-09,SKU_011,Home,99
2023-08-10,SKU_011,Home,92
2023-08-11,SKU_011,Home,134
2023-08-12,SKU_011,Home,120
2023-08-13,SKU_011,Home,143
2023-08-14,SKU_011,Home,132
2023-08-15,SKU_011,Home,119
2023-08-16,SKU_011,Home,118
2023-08-17,SKU_011,Home,98
2023-08-18,SKU_011,Home,95
2023-08-19,SKU_011,Home,134
2023-08-20,SKU_011,Home,162
2023-08-21,SKU_011,Home,127
2023-08-22,SKU_011,Home,105
2023-08-23,SKU_011,Home,99
2023-08-24,SKU_011,Home,93
2023-08-25,SKU_011,Home,101
2023-08-26,SKU_011,Home,108
2023-08-27,SKU_011,Home,147
2023-08-28,SKU_011,Home,121
2023-08-29,SKU_011,Home,104
2023-08-30,SKU_011,Home,96
2023-08-31,SKU_011,Home,97
2023-09-01,SKU_011,Home,101
2023-09-02,SKU_011,Home,135
2023-09-03,SKU_011,Home,107
2023-09-04,SKU_011,Home,114
2023-09-05,SKU_011,Home,85
2023-09-06,SKU_011,Home,82
2023-09-07,SKU_011,Home,90
2023-09-08,SKU_011,Home,107
2023-09-09,SKU_011,Home,124
2023-09-10,SKU_011,Home,122
2023-09-11,SKU_011,Home,116
2023-09-12,SKU_011,Home,98
2023-09-13,SKU_011,Home,80
2023-09-14,SKU_011,Home,82
2023-09-15,SKU_011,Home,99
2023-09-16,SKU_011,Home,123
2023-09-17,SKU_011,Home,138
2023-09-18,SKU_011,Home,107
2023-09-19,SKU_011,Home,99
2023-09-20,SKU_011,Home,72
2023-09-21,SKU_011,Home,70
2023-09-22,SKU_011,Home,99
2023-09-23,SKU_011,Home,108
2023-09-24,SKU_011,Home,136
2023-09-25,SKU_011,Home,100
2023-09-26,SKU_011,Home,95
2023-09-27,SKU_011,Home,70
2023-09-28,SKU_011,Home,80
2023-09-29,SKU_011,Home,87
2023-09-30,SKU_011,Home,100
2023-10-01,SKU_011,Home,95
2023-10-02,SKU_011,Home,117
2023-10-03,SKU_011,Home,74
2023-10-04,SKU_011,Home,89
2023-10-05,SKU_011,Home,48
2023-10-06,SKU_011,Home,47
2023-10-07,SKU_011,Home,51
2023-10-08,SKU_011,Home,64
2023-10-09,SKU_011,Home,63
2023-10-10,SKU_011,Home,89
2023-10-11,SKU_011,Home,86
2023-10-12,SKU_011,Home,78
2023-10-13,SKU_011,Home,83
2023-10-14,SKU_011,Home,112
2023-10-15,SKU_011,Home,107
2023-10-16,SKU_011,Home,105
2023-10-17,SKU_011,Home,72
2023-10-18,SKU_011,Home,88
2023-10-19,SKU_011,Home,63
2023-10-20,SKU_011,Home,86
2023-10-21,SKU_011,Home,87
2023-10-22,SKU_011,Home,84
2023-10-23,SKU_011,Home,109
2023-10-24,SKU_011,Home,89
2023-10-25,SKU_011,Home,66
2023-10-26,SKU_011,Home,69
2023-10-27,SKU_011,Home,99
2023-10-28,SKU_011,Home,116
2023-10-29,SKU_011,Home,83
2023-10-30,SKU_011,Home,106
2023-10-31,SKU_011,Home,80
2023-11-01,SKU_011,Home,73
2023-11-02,SKU_011,Home,64
2023-11-03,SKU_011,Home,83
2023-11-04,SKU_011,Home,84
2023-11-05,SKU_011,Home,101
2023-11-06,SKU_011,Home,93
2023-11-07,SKU_011,Home,63
2023-11-08,SKU_011,Home,58
2023-11-09,SKU_011,Home,63
2023-11-10,SKU_011,Home,84
2023-11-11,SKU_011,Home,88
2023-11-12,SKU_011,Home,96
2023-11-13,SKU_011,Home,82
2023-11-14,SKU_011,Home,74
2023-11-15,SKU_011,Home,67
2023-11-16,SKU_011,Home,72
2023-11-17,SKU_011,Home,84
2023-11-18,SKU_011,Home,92
2023-11-19,SKU_011,Home,107
2023-11-20,SKU_011,Home,107
2023-11-21,SKU_011,Home,86
2023-11-22,SKU_011,Home,87
2023-11-23,SKU_011,Home,70
2023-11-24,SKU_011,Home,85
2023-11-25,SKU_011,Home,88
2023-11-26,SKU_011,Home,111
2023-11-27,SKU_011,Home,95
2023-11-28,SKU_011,Home,79
2023-11-29,SKU_011,Home,78
2023-11-30,SKU_011,Home,64
2023-12-01,SKU_011,Home,93
2023-12-02,SKU_011,Home,98
2023-12-03,SKU_011,Home,114
2023-12-04,SKU_011,Home,120
2023-12-05,SKU_011,Home,87
2023-12-06,SKU_011,Home,73
2023-12-07,SKU_011,Home,66
2023-12-08,SKU_011,Home,90
2023-12-09,SKU_011,Home,104
2023-12-10,SKU_011,Home,97
2023-12-11,SKU_011,Home,95
2023-12-12,SKU_011,Home,93
2023-12-13,SKU_011,Home,63
2023-12-14,SKU_011,Home,74
2023-12-15,SKU_011,Home,76
2023-12-16,SKU_011,Home,98
2023-12-17,SKU_011,Home,124
2023-12-18,SKU_011,Home,101
2023-12-19,SKU_011,Home,86
2023-12-20,SKU_011,Home,95
2023-12-21,SKU_011,Home,74
2023-12-22,SKU_011,Home,84
2023-12-23,SKU_011,Home,94
2023-12-24,SKU_011,Home,112
2023-12-25,SKU_011,Home,122
2023-12-26,SKU_011,Home,77
2023-12-27,SKU_011,Home,75
2023-12-28,SKU_011,Home,72
2023-12-29,SKU_011,Home,105
2023-12-30,SKU_011,Home,109
2023-12-31,SKU_011,Home,121
2024-01-01,SKU_011,Home,107
2024-01-02,SKU_011,Home,73
2024-01-03,SKU_011,Home,72
2024-01-04,SKU_011,Home,80
2024-01-05,SKU_011,Home,89
2024-01-06,SKU_011,Home,119
2024-01-07,SKU_011,Home,128
2024-01-08,SKU_011,Home,102
2024-01-09,SKU_011,Home,99
2024-01-10,SKU_011,Home,100
2024-01-11,SKU_011,Home,85
2024-01-12,SKU_011,Home,93
2024-01-13,SKU_011,Home,99
2024-01-14,SKU_011,Home,108
2024-01-15,SKU_011,Home,111
2024-01-16,SKU_011,Home,107
2024-01-17,SKU_011,Home,88
2024-01-18,SKU_011,Home,84
2024-01-19,SKU_011,Home,103
2024-01-20,SKU_011,Home,111
2024-01-21,SKU_011,Home,123
2024-01-22,SKU_011,Home,106
2024-01-23,SKU_011,Home,100
2024-01-24,SKU_011,Home,92
2024-01-25,SKU_011,Home,88
2024-01-26,SKU_011,Home,105
2024-01-27,SKU_011,Home,117
2024-01-28,SKU_011,Home,105
2024-01-29,SKU_011,Home,128
2024-01-30,SKU_011,Home,111
2024-01-31,SKU_011,Home,106
2024-02-01,SKU_011,Home,75
2024-02-02,SKU_011,Home,103
2024-02-03,SKU_011,Home,112
2024-02-04,SKU_011,Home,138
2024-02-05,SKU_011,Home,130
2024-02-06,SKU_011,Home,89
2024-02-07,SKU_011,Home,106
2024-02-08,SKU_011,Home,109
2024-02-09,SKU_011,Home,101
2024-02-10,SKU_011,Home,131
2024-02-11,SKU_011,Home,152
2024-02-12,SKU_011,Home,121
2024-02-13,SKU_011,Home,94
2024-02-14,SKU_011,Home,84
2024-02-15,SKU_011,Home,94
2024-02-16,SKU_011,Home,112
2024-02-17,SKU_011,Home,125
2024-02-18,SKU_011,Home,149
2024-02-19,SKU_011,Home,144
2024-02-20,SKU_011,Home,100
2024-02-21,SKU_011,Home,126
2024-02-22,SKU_011,Home,122
2024-02-23,SKU_011,Home,123
2024-02-24,SKU_011,Home,133
2024-02-25,SKU_011,Home,177
2024-02-26,SKU_011,Home,144
2024-02-27,SKU_011,Home,120
2024-02-28,SKU_011,Home,110
2024-02-29,SKU_011,Home,101
2024-03-01,SKU_011,Home,118
2024-03-02,SKU_011,Home,140
2024-03-03,SKU_011,Home,168
2024-03-04,SKU_011,Home,169
2024-03-05,SKU_011,Home,116
2024-03-06,SKU_011,Home,109
2024-03-07,SKU_011,Home,102
2024-03-08,SKU_011,Home,112
2024-03-09,SKU_011,Home,124
2024-03-10,SKU_011,Home,146
2024-03-11,SKU_011,Home,143
2024-03-12,SKU_011,Home,130
2024-03-13,SKU_011,Home,103
2024-03-14,SKU_011,Home,99
2024-03-15,SKU_011,Home,106
2024-03-16,SKU_011,Home,150
2024-03-17,SKU_011,Home,164
2024-03-18,SKU_011,Home,145
2024-03-19,SKU_011,Home,122
2024-03-20,SKU_011,Home,108
2024-03-21,SKU_011,Home,128
2024-03-22,SKU_011,Home,120
2024-03-23,SKU_011,Home,160
2024-03-24,SKU_011,Home,148
2024-03-25,SKU_011,Home,169
2024-03-26,SKU_011,Home,144
2024-03-27,SKU_011,Home,131
2024-03-28,SKU_011,Home,117
2024-03-29,SKU_011,Home,136
2024-03-30,SKU_011,Home,157
2024-03-31,SKU_011,Home,145
2024-04-01,SKU_011,Home,156
2024-04-02,SKU_011,Home,145
2024-04-03,SKU_011,Home,101
2024-04-04,SKU_011,Home,129
2024-04-05,SKU_011,Home,151
2024-04-06,SKU_011,Home,135
2024-04-07,SKU_011,Home,173
2024-04-08,SKU_011,Home,152
2024-04-09,SKU_011,Home,111
2024-04-10,SKU_011,Home,135
2024-04-11,SKU_011,Home,122
2024-04-12,SKU_011,Home,151
2024-04-13,SKU_011,Home,144
2024-04-14,SKU_011,Home,169
2024-04-15,SKU_011,Home,158
2024-04-16,SKU_011,Home,133
2024-04-17,SKU_011,Home,119
2024-04-18,SKU_011,Home,133
2024-04-19,SKU_011,Home,138
2024-04-20,SKU_011,Home,177
2024-04-21,SKU_011,Home,148
2024-04-22,SKU_011,Home,163
2024-04-23,SKU_011,Home,158
2024-04-24,SKU_011,Home,104
2024-04-25,SKU_011,Home,101
2024-04-26,SKU_011,Home,152
2024-04-27,SKU_011,Home,169
2024-04-28,SKU_011,Home,186
2024-04-29,SKU_011,Home,169
2024-04-30,SKU_011,Home,125
2024-05-01,SKU_011,Home,140
2024-05-02,SKU_011,Home,116
2024-05-03,SKU_011,Home,137
2024-05-04,SKU_011,Home,158
2024-05-05,SKU_011,Home,189
2024-05-06,SKU_011,Home,193
2024-05-07,SKU_011,Home,129
2024-05-08,SKU_011,Home,119
2024-05-09,SKU_011,Home,130
2024-05-10,SKU_011,Home,133
2024-05-11,SKU_011,Home,158
2024-05-12,SKU_011,Home,160
2024-05-13,SKU_011,Home,172
2024-05-14,SKU_011,Home,135
2024-05-15,SKU_011,Home,109
2024-05-16,SKU_011,Home,111
2024-05-17,SKU_011,Home,122
2024-05-18,SKU_011,Home,165
2024-05-19,SKU_011,Home,178
2024-05-20,SKU_011,Home,151
2024-05-21,SKU_011,Home,131
2024-05-22,SKU_011,Home,117
2024-05-23,SKU_011,Home,128
2024-05-24,SKU_011,Home,139
2024-05-25,SKU_011,Home,161
2024-05-26,SKU_011,Home,163
2024-05-27,SKU_011,Home,163
2024-05-28,SKU_011,Home,126
2024-05-29,SKU_011,Home,152
2024-05-30,SKU_011,Home,120
2024-05-31,SKU_011,Home,143
2024-06-01,SKU_011,Home,192
2024-06-02,SKU_011,Home,182
2024-06-03,SKU_011,Home,175
2024-06-04,SKU_011,Home,146
2024-06-05,SKU_011,Home,96
2024-06-06,SKU_011,Home,120
2024-06-07,SKU_011,Home,146
2024-06-08,SKU_011,Home,171
2024-06-09,SKU_011,Home,160
2024-06-10,SKU_011,Home,171
2024-06-11,SKU_011,Home,145
2024-06-12,SKU_011,Home,139
2024-06-13,SKU_011,Home,115
2024-06-14,SKU_011,Home,149
2024-06-15,SKU_011,Home,154
2024-06-16,SKU_011,Home,167
2024-06-17,SKU_011,Home,162
2024-06-18,SKU_011,Home,131
2024-06-19,SKU_011,Home,119
2024-06-20,SKU_011,Home,138
2024-06-21,SKU_011,Home,124
2024-06-22,SKU_011,Home,148
2024-06-23,SKU_011,Home,132
2024-06-24,SKU_011,Home,169
2024-06-25,SKU_011,Home,146
2024-06-26,SKU_011,Home,110
2024-06-27,SKU_011,Home,94
2024-06-28,SKU_011,Home,119
2024-06-29,SKU_011,Home,141
2024-06-30,SKU_011,Home,180
2024-07-01,SKU_011,Home,159
2024-07-02,SKU_011,Home,127
2024-07-03,SKU_011,Home,120
2024-07-04,SKU_011,Home,101
2024-07-05,SKU_011,Home,129
2024-07-06,SKU_011,Home,123
2024-07-07,SKU_011,Home,137
2024-07-08,SKU_011,Home,160
2024-07-09,SKU_011,Home,133
2024-07-10,SKU_011,Home,117
2024-07-11,SKU_011,Home,107
2024-07-12,SKU_011,Home,126
2024-07-13,SKU_011,Home,146
2024-07-14,SKU_011,Home,143
2024-07-15,SKU_011,Home,154
2024-07-16,SKU_011,Home,146
2024-07-17,SKU_011,Home,102
2024-07-18,SKU_011,Home,111
2024-07-19,SKU_011,Home,139
2024-07-20,SKU_011,Home,144
2024-07-21,SKU_011,Home,145
2024-07-22,SKU_011,Home,150
2024-07-23,SKU_011,Home,126
2024-07-24,SKU_011,Home,105
2024-07-25,SKU_011,Home,103
2024-07-26,SKU_011,Home,109
2024-07-27,SKU_011,Home,126
2024-07-28,SKU_011,Home,139
2024-07-29,SKU_011,Home,133
2024-07-30,SKU_011,Home,108
2024-07-31,SKU_011,Home,89
2024-08-01,SKU_011,Home,125
2024-08-02,SKU_011,Home,128
2024-08-03,SKU_011,Home,135
2024-08-04,SKU_011,Home,144
2024-08-05,SKU_011,Home,154
2024-08-06,SKU_011,Home,109
2024-08-07,SKU_011,Home,112
2024-08-08,SKU_011,Home,108
2024-08-09,SKU_011,Home,105
2024-08-10,SKU_011,Home,142
2024-08-11,SKU_011,Home,144
2024-08-12,SKU_011,Home,129
2024-08-13,SKU_011,Home,106
2024-08-14,SKU_011,Home,101
2024-08-15,SKU_011,Home,94
2024-08-16,SKU_011,Home,127
2024-08-17,SKU_011,Home,141
2024-08-18,SKU_011,Home,132
2024-08-19,SKU_011,Home,125
2024-08-20,SKU_011,Home,103
2024-08-21,SKU_011,Home,79
2024-08-22,SKU_011,Home,91
2024-08-23,SKU_011,Home,101
2024-08-24,SKU_011,Home,119
2024-08-25,SKU_011,Home,144
2024-08-26,SKU_011,Home,120
2024-08-27,SKU_011,Home,97
2024-08-28,SKU_011,Home,100
2024-08-29,SKU_011,Home,97
2024-08-30,SKU_011,Home,91
2024-08-31,SKU_011,Home,119
2024-09-01,SKU_011,Home,131
2024-09-02,SKU_011,Home,115
2024-09-03,SKU_011,Home,89
2024-09-04,SKU_011,Home,93
2024-09-05,SKU_011,Home,78
2024-09-06,SKU_011,Home,107
2024-09-07,SKU_011,Home,148
2024-09-08,SKU_011,Home,131
2024-09-09,SKU_011,Home,137
2024-09-10,SKU_011,Home,88
2024-09-11,SKU_011,Home,82
2024-09-12,SKU_011,Home,90
2024-09-13,SKU_011,Home,122
2024-09-14,SKU_011,Home,125
2024-09-15,SKU_011,Home,104
2024-09-16,SKU_011,Home,109
2024-09-17,SKU_011,Home,97
2024-09-18,SKU_011,Home,99
2024-09-19,SKU_011,Home,92
2024-09-20,SKU_011,Home,82
2024-09-21,SKU_011,Home,102
2024-09-22,SKU_011,Home,114
2024-09-23,SKU_011,Home,95
2024-09-24,SKU_011,Home,105
2024-09-25,SKU_011,Home,76
2024-09-26,SKU_011,Home,91
2024-09-27,SKU_011,Home,110
2024-09-28,SKU_011,Home,114
2024-09-29,SKU_011,Home,120
2024-09-30,SKU_011,Home,108
2024-10-01,SKU_011,Home,96
2024-10-02,SKU_011,Home,82
2024-10-03,SKU_011,Home,91
2024-10-04,SKU_011,Home,83
2024-10-05,SKU_011,Home,90
2024-10-06,SKU_011,Home,123
2024-10-07,SKU_011,Home,105
2024-10-08,SKU_011,Home,88
2024-10-09,SKU_011,Home,82
2024-10-10,SKU_011,Home,92
2024-10-11,SKU_011,Home,97
2024-10-12,SKU_011,Home,115
2024-10-13,SKU_011,Home,102
2024-10-14,SKU_011,Home,97
2024-10-15,SKU_011,Home,97
2024-10-16,SKU_011,Home,71
2024-10-17,SKU_011,Home,88
2024-10-18,SKU_011,Home,86
2024-10-19,SKU_011,Home,114
2024-10-20,SKU_011,Home,112
2024-10-21,SKU_011,Home,121
2024-10-22,SKU_011,Home,93
2024-10-23,SKU_011,Home,79
2024-10-24,SKU_011,Home,74
2024-10-25,SKU_011,Home,95
2024-10-26,SKU_011,Home,114
2024-10-27,SKU_011,Home,108
2024-10-28,SKU_011,Home,93
2024-10-29,SKU_011,Home,81
2024-10-30,SKU_011,Home,61
2024-10-31,SKU_011,Home,89
2024-11-01,SKU_011,Home,82
2024-11-02,SKU_011,Home,106
2024-11-03,SKU_011,Home,110
2024-11-04,SKU_011,Home,107
2024-11-05,SKU_011,Home,83
2024-11-06,SKU_011,Home,76
2024-11-07,SKU_011,Home,72
2024-11-08,SKU_011,Home,89
2024-11-09,SKU_011,Home,96
2024-11-10,SKU_011,Home,123
2024-11-11,SKU_011,Home,100
2024-11-12,SKU_011,Home,73
2024-11-13,SKU_011,Home,78
2024-11-14,SKU_011,Home,60
2024-11-15,SKU_011,Home,80
2024-11-16,SKU_011,Home,93
2024-11-17,SKU_011,Home,110
2024-11-18,SKU_011,Home,105
2024-11-19,SKU_011,Home,92
2024-11-20,SKU_011,Home,83
2024-11-21,SKU_011,Home,63
2024-11-22,SKU_011,Home,80
2024-11-23,SKU_011,Home,104
2024-11-24,SKU_011,Home,93
2024-11-25,SKU_011,Home,111
2024-11-26,SKU_011,Home,89
2024-11-27,SKU_011,Home,70
2024-11-28,SKU_011,Home,73
2024-11-29,SKU_011,Home,81
2024-11-30,SKU_011,Home,103
2024-12-01,SKU_011,Home,110
2024-12-02,SKU_011,Home,110
2024-12-03,SKU_011,Home,94
2024-12-04,SKU_011,Home,74
2024-12-05,SKU_011,Home,78
2024-12-06,SKU_011,Home,91
2024-12-07,SKU_011,Home,117
2024-12-08,SKU_011,Home,99
2024-12-09,SKU_011,Home,99
2024-12-10,SKU_011,Home,69
2024-12-11,SKU_011,Home,63
2024-12-12,SKU_011,Home,73
2024-12-13,SKU_011,Home,87
2024-12-14,SKU_011,Home,83
2024-12-15,SKU_011,Home,32
2024-12-16,SKU_011,Home,29
2024-12-17,SKU_011,Home,41
2024-12-18,SKU_011,Home,69
2024-12-19,SKU_011,Home,78
2024-12-20,SKU_011,Home,99
2024-12-21,SKU_011,Home,108
2024-12-22,SKU_011,Home,109
2024-12-23,SKU_011,Home,107
2024-12-24,SKU_011,Home,92
2024-12-25,SKU_011,Home,71
2024-12-26,SKU_011,Home,78
2024-12-27,SKU_011,Home,91
2024-12-28,SKU_011,Home,97
2024-12-29,SKU_011,Home,106
2024-12-30,SKU_011,Home,115
2023-01-01,SKU_012,Home,101
2023-01-02,SKU_012,Home,92
2023-01-03,SKU_012,Home,63
2023-01-04,SKU_012,Home,68
2023-01-05,SKU_012,Home,66
2023-01-06,SKU_012,Home,68
2023-01-07,SKU_012,Home,73
2023-01-08,SKU_012,Home,95
2023-01-09,SKU_012,Home,96
2023-01-10,SKU_012,Home,86
2023-01-11,SKU_012,Home,73
2023-01-12,SKU_012,Home,62
2023-01-13,SKU_012,Home,77
2023-01-14,SKU_012,Home,88
2023-01-15,SKU_012,Home,89
2023-01-16,SKU_012,Home,82
2023-01-17,SKU_012,Home,79
2023-01-18,SKU_012,Home,84
2023-01-19,SKU_012,Home,62
2023-01-20,SKU_012,Home,100
2023-01-21,SKU_012,Home,93
2023-01-22,SKU_012,Home,106
2023-01-23,SKU_012,Home,109
2023-01-24,SKU_012,Home,92
2023-01-25,SKU_012,Home,55
2023-01-26,SKU_012,Home,69
2023-01-27,SKU_012,Home,74
2023-01-28,SKU_012,Home,98
2023-01-29,SKU_012,Home,99
2023-01-30,SKU_012,Home,87
2023-01-31,SKU_012,Home,78
2023-02-01,SKU_012,Home,73
2023-02-02,SKU_012,Home,90
2023-02-03,SKU_012,Home,69
2023-02-04,SKU_012,Home,97
2023-02-05,SKU_012,Home,117
2023-02-06,SKU_012,Home,97
2023-02-07,SKU_012,Home,86
2023-02-08,SKU_012,Home,74
2023-02-09,SKU_012,Home,65
2023-02-10,SKU_012,Home,103
2023-02-11,SKU_012,Home,83
2023-02-12,SKU_012,Home,112
2023-02-13,SKU_012,Home,100
2023-02-14,SKU_012,Home,100
2023-02-15,SKU_012,Home,91
2023-02-16,SKU_012,Home,68
2023-02-17,SKU_012,Home,83
2023-02-18,SKU_012,Home,110
2023-02-19,SKU_012,Home,107
2023-02-20,SKU_012,Home,101
2023-02-21,SKU_012,Home,87
2023-02-22,SKU_012,Home,65
2023-02-23,SKU_012,Home,74
2023-02-24,SKU_012,Home,107
2023-02-25,SKU_012,Home,89
2023-02-26,SKU_012,Home,111
2023-02-27,SKU_012,Home,98
2023-02-28,SKU_012,Home,93
2023-03-01,SKU_012,Home,87
2023-03-02,SKU_012,Home,79
2023-03-03,SKU_012,Home,84
2023-03-04,SKU_012,Home,114
2023-03-05,SKU_012,Home,114
2023-03-06,SKU_012,Home,100
2023-03-07,SKU_012,Home,97
2023-03-08,SKU_012,Home,72
2023-03-09,SKU_012,Home,85
2023-03-10,SKU_012,Home,85
2023-03-11,SKU_012,Home,105
2023-03-12,SKU_012,Home,125
2023-03-13,SKU_012,Home,112
2023-03-14,SKU_012,Home,87
2023-03-15,SKU_012,Home,103
2023-03-16,SKU_012,Home,77
2023-03-17,SKU_012,Home,86
2023-03-18,SKU_012,Home,111
2023-03-19,SKU_012,Home,132
2023-03-20,SKU_012,Home,127
2023-03-21,SKU_012,Home,107
2023-03-22,SKU_012,Home,101
2023-03-23,SKU_012,Home,89
2023-03-24,SKU_012,Home,107
2023-03-25,SKU_012,Home,120
2023-03-26,SKU_012,Home,116
2023-03-27,SKU_012,Home,130
2023-03-28,SKU_012,Home,91
2023-03-29,SKU_012,Home,91
2023-03-30,SKU_012,Home,94
2023-03-31,SKU_012,Home,116
2023-04-01,SKU_012,Home,130
2023-04-02,SKU_012,Home,115
2023-04-03,SKU_012,Home,99
2023-04-04,SKU_012,Home,81
2023-04-05,SKU_012,Home,96
2023-04-06,SKU_012,Home,88
2023-04-07,SKU_012,Home,98
2023-04-08,SKU_012,Home,147
2023-04-09,SKU_012,Home,122
2023-04-10,SKU_012,Home,126
2023-04-11,SKU_012,Home,114
2023-04-12,SKU_012,Home,93
2023-04-13,SKU_012,Home,84
2023-04-14,SKU_012,Home,112
2023-04-15,SKU_012,Home,143
2023-04-16,SKU_012,Home,141
2023-04-17,SKU_012,Home,109
2023-04-18,SKU_012,Home,91
2023-04-19,SKU_012,Home,90
2023-04-20,SKU_012,Home,100
2023-04-21,SKU_012,Home,89
2023-04-22,SKU_012,Home,100
2023-04-23,SKU_012,Home,132
2023-04-24,SKU_012,Home,119
2023-04-25,SKU_012,Home,104
2023-04-26,SKU_012,Home,90
2023-04-27,SKU_012,Home,97
2023-04-28,SKU_012,Home,114
2023-04-29,SKU_012,Home,104
2023-04-30,SKU_012,Home,144
2023-05-01,SKU_012,Home,143
2023-05-02,SKU_012,Home,116
2023-05-03,SKU_012,Home,101
2023-05-04,SKU_012,Home,89
2023-05-05,SKU_012,Home,106
2023-05-06,SKU_012,Home,101
2023-05-07,SKU_012,Home,121
2023-05-08,SKU_012,Home,107
2023-05-09,SKU_012,Home,118
2023-05-10,SKU_012,Home,91
2023-05-11,SKU_012,Home,113
2023-05-12,SKU_012,Home,126
2023-05-13,SKU_012,Home,115
2023-05-14,SKU_012,Home,156
2023-05-15,SKU_012,Home,136
2023-05-16,SKU_012,Home,123
2023-05-17,SKU_012,Home,98
2023-05-18,SKU_012,Home,104
2023-05-19,SKU_012,Home,95
2023-05-20,SKU_012,Home,123
2023-05-21,SKU_012,Home,128
2023-05-22,SKU_012,Home,123
2023-05-23,SKU_012,Home,115
2023-05-24,SKU_012,Home,97
2023-05-25,SKU_012,Home,110
2023-05-26,SKU_012,Home,128
2023-05-27,SKU_012,Home,133
2023-05-28,SKU_012,Home,132
2023-05-29,SKU_012,Home,133
2023-05-30,SKU_012,Home,97
2023-05-31,SKU_012,Home,103
2023-06-01,SKU_012,Home,95
2023-06-02,SKU_012,Home,117
2023-06-03,SKU_012,Home,127
2023-06-04,SKU_012,Home,132
2023-06-05,SKU_012,Home,107
2023-06-06,SKU_012,Home,112
2023-06-07,SKU_012,Home,83
2023-06-08,SKU_012,Home,81
2023-06-09,SKU_012,Home,106
2023-06-10,SKU_012,Home,84
2023-06-11,SKU_012,Home,144
2023-06-12,SKU_012,Home,104
2023-06-13,SKU_012,Home,108
2023-06-14,SKU_012,Home,95
2023-06-15,SKU_012,Home,96
2023-06-16,SKU_012,Home,104
2023-06-17,SKU_012,Home,123
2023-06-18,SKU_012,Home,136
2023-06-19,SKU_012,Home,146
2023-06-20,SKU_012,Home,108
2023-06-21,SKU_012,Home,109
2023-06-22,SKU_012,Home,77
2023-06-23,SKU_012,Home,108
2023-06-24,SKU_012,Home,111
2023-06-25,SKU_012,Home,133
2023-06-26,SKU_012,Home,110
2023-06-27,SKU_012,Home,117
2023-06-28,SKU_012,Home,96
2023-06-29,SKU_012,Home,102
2023-06-30,SKU_012,Home,88
2023-07-01,SKU_012,Home,126
2023-07-02,SKU_012,Home,135
2023-07-03,SKU_012,Home,111
2023-07-04,SKU_012,Home,106
2023-07-05,SKU_012,Home,91
2023-07-06,SKU_012,Home,96
2023-07-07,SKU_012,Home,96
2023-07-08,SKU_012,Home,120
2023-07-09,SKU_012,Home,119
2023-07-10,SKU_012,Home,115
2023-07-11,SKU_012,Home,104
2023-07-12,SKU_012,Home,90
2023-07-13,SKU_012,Home,83
2023-07-14,SKU_012,Home,99
2023-07-15,SKU_012,Home,112
2023-07-16,SKU_012,Home,124
2023-07-17,SKU_012,Home,130
2023-07-18,SKU_012,Home,99
2023-07-19,SKU_012,Home,75
2023-07-20,SKU_012,Home,84
2023-07-21,SKU_012,Home,80
2023-07-22,SKU_012,Home,116
2023-07-23,SKU_012,Home,127
2023-07-24,SKU_012,Home,124
2023-07-25,SKU_012,Home,99
2023-07-26,SKU_012,Home,78
2023-07-27,SKU_012,Home,94
2023-07-28,SKU_012,Home,75
2023-07-29,SKU_012,Home,99
2023-07-30,SKU_012,Home,116
2023-07-31,SKU_012,Home,86
2023-08-01,SKU_012,Home,98
2023-08-02,SKU_012,Home,64
2023-08-03,SKU_012,Home,86
2023-08-04,SKU_012,Home,104
2023-08-05,SKU_012,Home,93
2023-08-06,SKU_012,Home,118
2023-08-07,SKU_012,Home,91
2023-08-08,SKU_012,Home,97
2023-08-09,SKU_012,Home,84
2023-08-10,SKU_012,Home,74
2023-08-11,SKU_012,Home,78
2023-08-12,SKU_012,Home,91
2023-08-13,SKU_012,Home,103
2023-08-14,SKU_012,Home,101
2023-08-15,SKU_012,Home,96
2023-08-16,SKU_012,Home,70
2023-08-17,SKU_012,Home,88
2023-08-18,SKU_012,Home,81
2023-08-19,SKU_012,Home,107
2023-08-20,SKU_012,Home,113
2023-08-21,SKU_012,Home,96
2023-08-22,SKU_012,Home,83
2023-08-23,SKU_012,Home,64
2023-08-24,SKU_012,Home,79
2023-08-25,SKU_012,Home,72
2023-08-26,SKU_012,Home,99
2023-08-27,SKU_012,Home,97
2023-08-28,SKU_012,Home,103
2023-08-29,SKU_012,Home,94
2023-08-30,SKU_012,Home,83
2023-08-31,SKU_012,Home,80
2023-09-01,SKU_012,Home,76
2023-09-02,SKU_012,Home,110
2023-09-03,SKU_012,Home,107
2023-09-04,SKU_012,Home,102
2023-09-05,SKU_012,Home,84
2023-09-06,SKU_012,Home,63
2023-09-07,SKU_012,Home,82
2023-09-08,SKU_012,Home,84
2023-09-09,SKU_012,Home,112
2023-09-10,SKU_012,Home,95
2023-09-11,SKU_012,Home,111
2023-09-12,SKU_012,Home,68
2023-09-13,SKU_012,Home,75
2023-09-14,SKU_012,Home,75
2023-09-15,SKU_012,Home,73
2023-09-16,SKU_012,Home,87
2023-09-17,SKU_012,Home,103
2023-09-18,SKU_012,Home,90
2023-09-19,SKU_012,Home,92
2023-09-20,SKU_012,Home,60
2023-09-21,SKU_012,Home,63
2023-09-22,SKU_012,Home,71
2023-09-23,SKU_012,Home,66
2023-09-24,SKU_012,Home,100
2023-09-25,SKU_012,Home,93
2023-09-26,SKU_012,Home,76
2023-09-27,SKU_012,Home,84
2023-09-28,SKU_012,Home,69
2023-09-29,SKU_012,Home,71
2023-09-30,SKU_012,Home,91
2023-10-01,SKU_012,Home,96
2023-10-02,SKU_012,Home,87
2023-10-03,SKU_012,Home,78
2023-10-04,SKU_012,Home,62
2023-10-05,SKU_012,Home,65
2023-10-06,SKU_012,Home,64
2023-10-07,SKU_012,Home,78
2023-10-08,SKU_012,Home,105
2023-10-09,SKU_012,Home,83
2023-10-10,SKU_012,Home,75
2023-10-11,SKU_012,Home,50
2023-10-12,SKU_012,Home,80
2023-10-13,SKU_012,Home,72
2023-10-14,SKU_012,Home,60
2023-10-15,SKU_012,Home,93
2023-10-16,SKU_012,Home,72
2023-10-17,SKU_012,Home,71
2023-10-18,SKU_012,Home,60
2023-10-19,SKU_012,Home,67
2023-10-20,SKU_012,Home,62
2023-10-21,SKU_012,Home,85
2023-10-22,SKU_012,Home,78
2023-10-23,SKU_012,Home,82
2023-10-24,SKU_012,Home,59
2023-10-25,SKU_012,Home,54
2023-10-26,SKU_012,Home,57
2023-10-27,SKU_012,Home,60
2023-10-28,SKU_012,Home,82
2023-10-29,SKU_012,Home,68
2023-10-30,SKU_012,Home,87
2023-10-31,SKU_012,Home,66
2023-11-01,SKU_012,Home,59
2023-11-02,SKU_012,Home,61
2023-11-03,SKU_012,Home,61
2023-11-04,SKU_012,Home,80
2023-11-05,SKU_012,Home,107
2023-11-06,SKU_012,Home,92
2023-11-07,SKU_012,Home,73
2023-11-08,SKU_012,Home,64
2023-11-09,SKU_012,Home,65
2023-11-10,SKU_012,Home,77
2023-11-11,SKU_012,Home,82
2023-11-12,SKU_012,Home,80
2023-11-13,SKU_012,Home,81
2023-11-14,SKU_012,Home,74
2023-11-15,SKU_012,Home,66
2023-11-16,SKU_012,Home,52
2023-11-17,SKU_012,Home,72
2023-11-18,SKU_012,Home,70
2023-11-19,SKU_012,Home,91
2023-11-20,SKU_012,Home,81
2023-11-21,SKU_012,Home,54
2023-11-22,SKU_012,Home,53
2023-11-23,SKU_012,Home,69
2023-11-24,SKU_012,Home,74
2023-11-25,SKU_012,Home,76
2023-11-26,SKU_012,Home,80
2023-11-27,SKU_012,Home,82
2023-11-28,SKU_012,Home,66
2023-11-29,SKU_012,Home,63
2023-11-30,SKU_012,Home,55
2023-12-01,SKU_012,Home,63
2023-12-02,SKU_012,Home,78
2023-12-03,SKU_012,Home,81
2023-12-04,SKU_012,Home,77
2023-12-05,SKU_012,Home,78
2023-12-06,SKU_012,Home,63
2023-12-07,SKU_012,Home,66
2023-12-08,SKU_012,Home,70
2023-12-09,SKU_012,Home,89
2023-12-10,SKU_012,Home,88
2023-12-11,SKU_012,Home,89
2023-12-12,SKU_012,Home,68
2023-12-13,SKU_012,Home,55
2023-12-14,SKU_012,Home,60
2023-12-15,SKU_012,Home,66
2023-12-16,SKU_012,Home,93
2023-12-17,SKU_012,Home,86
2023-12-18,SKU_012,Home,91
2023-12-19,SKU_012,Home,68
2023-12-20,SKU_012,Home,58
2023-12-21,SKU_012,Home,64
2023-12-22,SKU_012,Home,82
2023-12-23,SKU_012,Home,87
2023-12-24,SKU_012,Home,80
2023-12-25,SKU_012,Home,79
2023-12-26,SKU_012,Home,61
2023-12-27,SKU_012,Home,58
2023-12-28,SKU_012,Home,72
2023-12-29,SKU_012,Home,79
2023-12-30,SKU_012,Home,87
2023-12-31,SKU_012,Home,87
2024-01-01,SKU_012,Home,92
2024-01-02,SKU_012,Home,61
2024-01-03,SKU_012,Home,64
2024-01-04,SKU_012,Home,70
2024-01-05,SKU_012,Home,72
2024-01-06,SKU_012,Home,86
2024-01-07,SKU_012,Home,85
2024-01-08,SKU_012,Home,94
2024-01-09,SKU_012,Home,70
2024-01-10,SKU_012,Home,75
2024-01-11,SKU_012,Home,63
2024-01-12,SKU_012,Home,82
2024-01-13,SKU_012,Home,89
2024-01-14,SKU_012,Home,90
2024-01-15,SKU_012,Home,83
2024-01-16,SKU_012,Home,94
2024-01-17,SKU_012,Home,85
2024-01-18,SKU_012,Home,74
2024-01-19,SKU_012,Home,71
2024-01-20,SKU_012,Home,88
2024-01-21,SKU_012,Home,97
2024-01-22,SKU_012,Home,86
2024-01-23,SKU_012,Home,90
2024-01-24,SKU_012,Home,63
2024-01-25,SKU_012,Home,75
2024-01-26,SKU_012,Home,76
2024-01-27,SKU_012,Home,98
2024-01-28,SKU_012,Home,111
2024-01-29,SKU_012,Home,76
2024-01-30,SKU_012,Home,91
2024-01-31,SKU_012,Home,76
2024-02-01,SKU_012,Home,76
2024-02-02,SKU_012,Home,92
2024-02-03,SKU_012,Home,101
2024-02-04,SKU_012,Home,96
2024-02-05,SKU_012,Home,110
2024-02-06,SKU_012,Home,73
2024-02-07,SKU_012,Home,87
2024-02-08,SKU_012,Home,88
2024-02-09,SKU_012,Home,95
2024-02-10,SKU_012,Home,82
2024-02-11,SKU_012,Home,100
2024-02-12,SKU_012,Home,93
2024-02-13,SKU_012,Home,84
2024-02-14,SKU_012,Home,67
2024-02-15,SKU_012,Home,74
2024-02-16,SKU_012,Home,85
2024-02-17,SKU_012,Home,107
2024-02-18,SKU_012,Home,111
2024-02-19,SKU_012,Home,108
2024-02-20,SKU_012,Home,159
2024-02-21,SKU_012,Home,119
2024-02-22,SKU_012,Home,73
2024-02-23,SKU_012,Home,82
2024-02-24,SKU_012,Home,109
2024-02-25,SKU_012,Home,110
2024-02-26,SKU_012,Home,124
2024-02-27,SKU_012,Home,87
2024-02-28,SKU_012,Home,87
2024-02-29,SKU_012,Home,93
2024-03-01,SKU_012,Home,91
2024-03-02,SKU_012,Home,111
2024-03-03,SKU_012,Home,128
2024-03-04,SKU_012,Home,120
2024-03-05,SKU_012,Home,94
2024-03-06,SKU_012,Home,79
2024-03-07,SKU_012,Home,79
2024-03-08,SKU_012,Home,112
2024-03-09,SKU_012,Home,113
2024-03-10,SKU_012,Home,120
2024-03-11,SKU_012,Home,118
2024-03-12,SKU_012,Home,101
2024-03-13,SKU_012,Home,94
2024-03-14,SKU_012,Home,84
2024-03-15,SKU_012,Home,100
2024-03-16,SKU_012,Home,117
2024-03-17,SKU_012,Home,115
2024-03-18,SKU_012,Home,140
2024-03-19,SKU_012,Home,110
2024-03-20,SKU_012,Home,77
2024-03-21,SKU_012,Home,105
2024-03-22,SKU_012,Home,111
2024-03-23,SKU_012,Home,124
2024-03-24,SKU_012,Home,132
2024-03-25,SKU_012,Home,109
2024-03-26,SKU_012,Home,107
2024-03-27,SKU_012,Home,90
2024-03-28,SKU_012,Home,92
2024-03-29,SKU_012,Home,93
2024-03-30,SKU_012,Home,128
2024-03-31,SKU_012,Home,138
2024-04-01,SKU_012,Home,133
2024-04-02,SKU_012,Home,112
2024-04-03,SKU_012,Home,76
2024-04-04,SKU_012,Home,84
2024-04-05,SKU_012,Home,112
2024-04-06,SKU_012,Home,122
2024-04-07,SKU_012,Home,141
2024-04-08,SKU_012,Home,120
2024-04-09,SKU_012,Home,104
2024-04-10,SKU_012,Home,98
2024-04-11,SKU_012,Home,82
2024-04-12,SKU_012,Home,137
2024-04-13,SKU_012,Home,126
2024-04-14,SKU_012,Home,129
2024-04-15,SKU_012,Home,119
2024-04-16,SKU_012,Home,116
2024-04-17,SKU_012,Home,100
2024-04-18,SKU_012,Home,101
2024-04-19,SKU_012,Home,115
2024-04-20,SKU_012,Home,124
2024-04-21,SKU_012,Home,133
2024-04-22,SKU_012,Home,114
2024-04-23,SKU_012,Home,103
2024-04-24,SKU_012,Home,102
2024-04-25,SKU_012,Home,91
2024-04-26,SKU_012,Home,103
2024-04-27,SKU_012,Home,127
2024-04-28,SKU_012,Home,122
2024-04-29,SKU_012,Home,137
2024-04-30,SKU_012,Home,122
2024-05-01,SKU_012,Home,101
2024-05-02,SKU_012,Home,96
2024-05-03,SKU_012,Home,109
2024-05-04,SKU_012,Home,141
2024-05-05,SKU_012,Home,127
2024-05-06,SKU_012,Home,132
2024-05-07,SKU_012,Home,107
2024-05-08,SKU_012,Home,84
2024-05-09,SKU_012,Home,111
2024-05-10,SKU_012,Home,107
2024-05-11,SKU_012,Home,112
2024-05-12,SKU_012,Home,136
2024-05-13,SKU_012,Home,140
2024-05-14,SKU_012,Home,100
2024-05-15,SKU_012,Home,119
2024-05-16,SKU_012,Home,111
2024-05-17,SKU_012,Home,120
2024-05-18,SKU_012,Home,135
2024-05-19,SKU_012,Home,141
2024-05-20,SKU_012,Home,136
2024-05-21,SKU_012,Home,94
2024-05-22,SKU_012,Home,88
2024-05-23,SKU_012,Home,86
2024-05-24,SKU_012,Home,110
2024-05-25,SKU_012,Home,136
2024-05-26,SKU_012,Home,147
2024-05-27,SKU_012,Home,124
2024-05-28,SKU_012,Home,132
2024-05-29,SKU_012,Home,93
2024-05-30,SKU_012,Home,95
2024-05-31,SKU_012,Home,118
2024-06-01,SKU_012,Home,136
2024-06-02,SKU_012,Home,151
2024-06-03,SKU_012,Home,153
2024-06-04,SKU_012,Home,113
2024-06-05,SKU_012,Home,122
2024-06-06,SKU_012,Home,110
2024-06-07,SKU_012,Home,119
2024-06-08,SKU_012,Home,135
2024-06-09,SKU_012,Home,134
2024-06-10,SKU_012,Home,118
2024-06-11,SKU_012,Home,119
2024-06-12,SKU_012,Home,113
2024-06-13,SKU_012,Home,77
2024-06-14,SKU_012,Home,124
2024-06-15,SKU_012,Home,143
2024-06-16,SKU_012,Home,157
2024-06-17,SKU_012,Home,125
2024-06-18,SKU_012,Home,120
2024-06-19,SKU_012,Home,82
2024-06-20,SKU_012,Home,119
2024-06-21,SKU_012,Home,97
2024-06-22,SKU_012,Home,112
2024-06-23,SKU_012,Home,129
2024-06-24,SKU_012,Home,120
2024-06-25,SKU_012,Home,102
2024-06-26,SKU_012,Home,96
2024-06-27,SKU_012,Home,105
2024-06-28,SKU_012,Home,115
2024-06-29,SKU_012,Home,131
2024-06-30,SKU_012,Home,109
2024-07-01,SKU_012,Home,119
2024-07-02,SKU_012,Home,131
2024-07-03,SKU_012,Home,97
2024-07-04,SKU_012,Home,118
2024-07-05,SKU_012,Home,83
2024-07-06,SKU_012,Home,114
2024-07-07,SKU_012,Home,120
2024-07-08,SKU_012,Home,135
2024-07-09,SKU_012,Home,109
2024-07-10,SKU_012,Home,76
2024-07-11,SKU_012,Home,90
2024-07-12,SKU_012,Home,100
2024-07-13,SKU_012,Home,105
2024-07-14,SKU_012,Home,102
2024-07-15,SKU_012,Home,125
2024-07-16,SKU_012,Home,98
2024-07-17,SKU_012,Home,100
2024-07-18,SKU_012,Home,72
2024-07-19,SKU_012,Home,108
2024-07-20,SKU_012,Home,108
2024-07-21,SKU_012,Home,130
2024-07-22,SKU_012,Home,123
2024-07-23,SKU_012,Home,116
2024-07-24,SKU_012,Home,102
2024-07-25,SKU_012,Home,77
2024-07-26,SKU_012,Home,106
2024-07-27,SKU_012,Home,122
2024-07-28,SKU_012,Home,110
2024-07-29,SKU_012,Home,120
2024-07-30,SKU_012,Home,102
2024-07-31,SKU_012,Home,93
2024-08-01,SKU_012,Home,87
2024-08-02,SKU_012,Home,98
2024-08-03,SKU_012,Home,117
2024-08-04,SKU_012,Home,132
2024-08-05,SKU_012,Home,112
2024-08-06,SKU_012,Home,100
2024-08-07,SKU_012,Home,60
2024-08-08,SKU_012,Home,85
2024-08-09,SKU_012,Home,98
2024-08-10,SKU_012,Home,118
2024-08-11,SKU_012,Home,113
2024-08-12,SKU_012,Home,104
2024-08-13,SKU_012,Home,92
2024-08-14,SKU_012,Home,87
2024-08-15,SKU_012,Home,73
2024-08-16,SKU_012,Home,103
2024-08-17,SKU_012,Home,101
2024-08-18,SKU_012,Home,118
2024-08-19,SKU_012,Home,94
2024-08-20,SKU_012,Home,97
2024-08-21,SKU_012,Home,84
2024-08-22,SKU_012,Home,75
2024-08-23,SKU_012,Home,77
2024-08-24,SKU_012,Home,116
2024-08-25,SKU_012,Home,135
2024-08-26,SKU_012,Home,98
2024-08-27,SKU_012,Home,98
2024-08-28,SKU_012,Home,65
2024-08-29,SKU_012,Home,70
2024-08-30,SKU_012,Home,96
2024-08-31,SKU_012,Home,111
2024-09-01,SKU_012,Home,116
2024-09-02,SKU_012,Home,97
2024-09-03,SKU_012,Home,84
2024-09-04,SKU_012,Home,72
2024-09-05,SKU_012,Home,69
2024-09-06,SKU_012,Home,76
2024-09-07,SKU_012,Home,72
2024-09-08,SKU_012,Home,109
2024-09-09,SKU_012,Home,101
2024-09-10,SKU_012,Home,110
2024-09-11,SKU_012,Home,69
2024-09-12,SKU_012,Home,78
2024-09-13,SKU_012,Home,81
2024-09-14,SKU_012,Home,83
2024-09-15,SKU_012,Home,111
2024-09-16,SKU_012,Home,80
2024-09-17,SKU_012,Home,75
2024-09-18,SKU_012,Home,74
2024-09-19,SKU_012,Home,69
2024-09-20,SKU_012,Home,84
2024-09-21,SKU_012,Home,106
2024-09-22,SKU_012,Home,92
2024-09-23,SKU_012,Home,96
2024-09-24,SKU_012,Home,74
2024-09-25,SKU_012,Home,66
2024-09-26,SKU_012,Home,77
2024-09-27,SKU_012,Home,70
2024-09-28,SKU_012,Home,65
2024-09-29,SKU_012,Home,90
2024-09-30,SKU_012,Home,98
2024-10-01,SKU_012,Home,82
2024-10-02,SKU_012,Home,68
2024-10-03,SKU_012,Home,60
2024-10-04,SKU_012,Home,77
2024-10-05,SKU_012,Home,69
2024-10-06,SKU_012,Home,95
2024-10-07,SKU_012,Home,85
2024-10-08,SKU_012,Home,80
2024-10-09,SKU_012,Home,54
2024-10-10,SKU_012,Home,60
2024-10-11,SKU_012,Home,70
2024-10-12,SKU_012,Home,82
2024-10-13,SKU_012,Home,90
2024-10-14,SKU_012,Home,59
2024-10-15,SKU_012,Home,74
2024-10-16,SKU_012,Home,67
2024-10-17,SKU_012,Home,64
2024-10-18,SKU_012,Home,76
2024-10-19,SKU_012,Home,78
2024-10-20,SKU_012,Home,76
2024-10-21,SKU_012,Home,95
2024-10-22,SKU_012,Home,59
2024-10-23,SKU_012,Home,66
2024-10-24,SKU_012,Home,58
2024-10-25,SKU_012,Home,75
2024-10-26,SKU_012,Home,83
2024-10-27,SKU_012,Home,84
2024-10-28,SKU_012,Home,83
2024-10-29,SKU_012,Home,65
2024-10-30,SKU_012,Home,74
2024-10-31,SKU_012,Home,64
2024-11-01,SKU_012,Home,63
2024-11-02,SKU_012,Home,96
2024-11-03,SKU_012,Home,93
2024-11-04,SKU_012,Home,78
2024-11-05,SKU_012,Home,81
2024-11-06,SKU_012,Home,68
2024-11-07,SKU_012,Home,56
2024-11-08,SKU_012,Home,58
2024-11-09,SKU_012,Home,85
2024-11-10,SKU_012,Home,78
2024-11-11,SKU_012,Home,92
2024-11-12,SKU_012,Home,78
2024-11-13,SKU_012,Home,49
2024-11-14,SKU_012,Home,66
2024-11-15,SKU_012,Home,62
2024-11-16,SKU_012,Home,63
2024-11-17,SKU_012,Home,85
2024-11-18,SKU_012,Home,76
2024-11-19,SKU_012,Home,76
2024-11-20,SKU_012,Home,68
2024-11-21,SKU_012,Home,55
2024-11-22,SKU_012,Home,55
2024-11-23,SKU_012,Home,65
2024-11-24,SKU_012,Home,93
2024-11-25,SKU_012,Home,89
2024-11-26,SKU_012,Home,66
2024-11-27,SKU_012,Home,50
2024-11-28,SKU_012,Home,46
2024-11-29,SKU_012,Home,75
2024-11-30,SKU_012,Home,85
2024-12-01,SKU_012,Home,97
2024-12-02,SKU_012,Home,90
2024-12-03,SKU_012,Home,80
2024-12-04,SKU_012,Home,59
2024-12-05,SKU_012,Home,47
2024-12-06,SKU_012,Home,66
2024-12-07,SKU_012,Home,102
2024-12-08,SKU_012,Home,88
2024-12-09,SKU_012,Home,89
2024-12-10,SKU_012,Home,64
2024-12-11,SKU_012,Home,76
2024-12-12,SKU_012,Home,63
2024-12-13,SKU_012,Home,89
2024-12-14,SKU_012,Home,97
2024-12-15,SKU_012,Home,90
2024-12-16,SKU_012,Home,78
2024-12-17,SKU_012,Home,81
2024-12-18,SKU_012,Home,77
2024-12-19,SKU_012,Home,53
2024-12-20,SKU_012,Home,82
2024-12-21,SKU_012,Home,71
2024-12-22,SKU_012,Home,89
2024-12-23,SKU_012,Home,73
2024-12-24,SKU_012,Home,75
2024-12-25,SKU_012,Home,68
2024-12-26,SKU_012,Home,63
2024-12-27,SKU_012,Home,88
2024-12-28,SKU_012,Home,81
2024-12-29,SKU_012,Home,105
2024-12-30,SKU_012,Home,85
2023-01-01,SKU_013,Beauty,159
2023-01-02,SKU_013,Beauty,148
2023-01-03,SKU_013,Beauty,177
2023-01-04,SKU_013,Beauty,178
2023-01-05,SKU_013,Beauty,204
2023-01-06,SKU_013,Beauty,248
2023-01-07,SKU_013,Beauty,212
2023-01-08,SKU_013,Beauty,196
2023-01-09,SKU_013,Beauty,177
2023-01-10,SKU_013,Beauty,162
2023-01-11,SKU_013,Beauty,195
2023-01-12,SKU_013,Beauty,209
2023-01-13,SKU_013,Beauty,245
2023-01-14,SKU_013,Beauty,266
2023-01-15,SKU_013,Beauty,187
2023-01-16,SKU_013,Beauty,164
2023-01-17,SKU_013,Beauty,147
2023-01-18,SKU_013,Beauty,175
2023-01-19,SKU_013,Beauty,220
2023-01-20,SKU_013,Beauty,206
2023-01-21,SKU_013,Beauty,224
2023-01-22,SKU_013,Beauty,198
2023-01-23,SKU_013,Beauty,171
2023-01-24,SKU_013,Beauty,163
2023-01-25,SKU_013,Beauty,185
2023-01-26,SKU_013,Beauty,225
2023-01-27,SKU_013,Beauty,257
2023-01-28,SKU_013,Beauty,249
2023-01-29,SKU_013,Beauty,211
2023-01-30,SKU_013,Beauty,171
2023-01-31,SKU_013,Beauty,159
2023-02-01,SKU_013,Beauty,203
2023-02-02,SKU_013,Beauty,232
2023-02-03,SKU_013,Beauty,274
2023-02-04,SKU_013,Beauty,232
2023-02-05,SKU_013,Beauty,218
2023-02-06,SKU_013,Beauty,166
2023-02-07,SKU_013,Beauty,156
2023-02-08,SKU_013,Beauty,183
2023-02-09,SKU_013,Beauty,256
2023-02-10,SKU_013,Beauty,272
2023-02-11,SKU_013,Beauty,210
2023-02-12,SKU_013,Beauty,183
2023-02-13,SKU_013,Beauty,189
2023-02-14,SKU_013,Beauty,180
2023-02-15,SKU_013,Beauty,209
2023-02-16,SKU_013,Beauty,210
2023-02-17,SKU_013,Beauty,267
2023-02-18,SKU_013,Beauty,275
2023-02-19,SKU_013,Beauty,192
2023-02-20,SKU_013,Beauty,182
2023-02-21,SKU_013,Beauty,199
2023-02-22,SKU_013,Beauty,199
2023-02-23,SKU_013,Beauty,235
2023-02-24,SKU_013,Beauty,229
2023-02-25,SKU_013,Beauty,242
2023-02-26,SKU_013,Beauty,184
2023-02-27,SKU_013,Beauty,163
2023-02-28,SKU_013,Beauty,158
2023-03-01,SKU_013,Beauty,220
2023-03-02,SKU_013,Beauty,224
2023-03-03,SKU_013,Beauty,306
2023-03-04,SKU_013,Beauty,251
2023-03-05,SKU_013,Beauty,182
2023-03-06,SKU_013,Beauty,182
2023-03-07,SKU_013,Beauty,154
2023-03-08,SKU_013,Beauty,203
2023-03-09,SKU_013,Beauty,255
2023-03-10,SKU_013,Beauty,282
2023-03-11,SKU_013,Beauty,234
2023-03-12,SKU_013,Beauty,196
2023-03-13,SKU_013,Beauty,180
2023-03-14,SKU_013,Beauty,168
2023-03-15,SKU_013,Beauty,191
2023-03-16,SKU_013,Beauty,231
2023-03-17,SKU_013,Beauty,250
2023-03-18,SKU_013,Beauty,233
2023-03-19,SKU_013,Beauty,164
2023-03-20,SKU_013,Beauty,181
2023-03-21,SKU_013,Beauty,145
2023-03-22,SKU_013,Beauty,197
2023-03-23,SKU_013,Beauty,207
2023-03-24,SKU_013,Beauty,247
2023-03-25,SKU_013,Beauty,212
2023-03-26,SKU_013,Beauty,198
2023-03-27,SKU_013,Beauty,175
2023-03-28,SKU_013,Beauty,164
2023-03-29,SKU_013,Beauty,196
2023-03-30,SKU_013,Beauty,226
2023-03-31,SKU_013,Beauty,241
2023-04-01,SKU_013,Beauty,219
2023-04-02,SKU_013,Beauty,180
2023-04-03,SKU_013,Beauty,137
2023-04-04,SKU_013,Beauty,141
2023-04-05,SKU_013,Beauty,169
2023-04-06,SKU_013,Beauty,231
2023-04-07,SKU_013,Beauty,219
2023-04-08,SKU_013,Beauty,184
2023-04-09,SKU_013,Beauty,181
2023-04-10,SKU_013,Beauty,152
2023-04-11,SKU_013,Beauty,175
2023-04-12,SKU_013,Beauty,194
2023-04-13,SKU_013,Beauty,223
2023-04-14,SKU_013,Beauty,232
2023-04-15,SKU_013,Beauty,213
2023-04-16,SKU_013,Beauty,184
2023-04-17,SKU_013,Beauty,143
2023-04-18,SKU_013,Beauty,144
2023-04-19,SKU_013,Beauty,177
2023-04-20,SKU_013,Beauty,231
2023-04-21,SKU_013,Beauty,219
2023-04-22,SKU_013,Beauty,214
2023-04-23,SKU_013,Beauty,176
2023-04-24,SKU_013,Beauty,141
2023-04-25,SKU_013,Beauty,140
2023-04-26,SKU_013,Beauty,164
2023-04-27,SKU_013,Beauty,190
2023-04-28,SKU_013,Beauty,202
2023-04-29,SKU_013,Beauty,209
2023-04-30,SKU_013,Beauty,181
2023-05-01,SKU_013,Beauty,154
2023-05-02,SKU_013,Beauty,143
2023-05-03,SKU_013,Beauty,155
2023-05-04,SKU_013,Beauty,228
2023-05-05,SKU_013,Beauty,213
2023-05-06,SKU_013,Beauty,210
2023-05-07,SKU_013,Beauty,144
2023-05-08,SKU_013,Beauty,132
2023-05-09,SKU_013,Beauty,136
2023-05-10,SKU_013,Beauty,184
2023-05-11,SKU_013,Beauty,185
2023-05-12,SKU_013,Beauty,214
2023-05-13,SKU_013,Beauty,192
2023-05-14,SKU_013,Beauty,180
2023-05-15,SKU_013,Beauty,137
2023-05-16,SKU_013,Beauty,136
2023-05-17,SKU_013,Beauty,157
2023-05-18,SKU_013,Beauty,161
2023-05-19,SKU_013,Beauty,235
2023-05-20,SKU_013,Beauty,189
2023-05-21,SKU_013,Beauty,178
2023-05-22,SKU_013,Beauty,122
2023-05-23,SKU_013,Beauty,134
2023-05-24,SKU_013,Beauty,147
2023-05-25,SKU_013,Beauty,206
2023-05-26,SKU_013,Beauty,194
2023-05-27,SKU_013,Beauty,184
2023-05-28,SKU_013,Beauty,154
2023-05-29,SKU_013,Beauty,147
2023-05-30,SKU_013,Beauty,138
2023-05-31,SKU_013,Beauty,145
2023-06-01,SKU_013,Beauty,77
2023-06-02,SKU_013,Beauty,72
2023-06-03,SKU_013,Beauty,63
2023-06-04,SKU_013,Beauty,132
2023-06-05,SKU_013,Beauty,121
2023-06-06,SKU_013,Beauty,116
2023-06-07,SKU_013,Beauty,152
2023-06-08,SKU_013,Beauty,181
2023-06-09,SKU_013,Beauty,169
2023-06-10,SKU_013,Beauty,173
2023-06-11,SKU_013,Beauty,148
2023-06-12,SKU_013,Beauty,104
2023-06-13,SKU_013,Beauty,103
2023-06-14,SKU_013,Beauty,142
2023-06-15,SKU_013,Beauty,165
2023-06-16,SKU_013,Beauty,192
2023-06-17,SKU_013,Beauty,150
2023-06-18,SKU_013,Beauty,116
2023-06-19,SKU_013,Beauty,123
2023-06-20,SKU_013,Beauty,93
2023-06-21,SKU_013,Beauty,111
2023-06-22,SKU_013,Beauty,166
2023-06-23,SKU_013,Beauty,169
2023-06-24,SKU_013,Beauty,149
2023-06-25,SKU_013,Beauty,135
2023-06-26,SKU_013,Beauty,111
2023-06-27,SKU_013,Beauty,100
2023-06-28,SKU_013,Beauty,133
2023-06-29,SKU_013,Beauty,168
2023-06-30,SKU_013,Beauty,139
2023-07-01,SKU_013,Beauty,157
2023-07-02,SKU_013,Beauty,124
2023-07-03,SKU_013,Beauty,123
2023-07-04,SKU_013,Beauty,79
2023-07-05,SKU_013,Beauty,129
2023-07-06,SKU_013,Beauty,133
2023-07-07,SKU_013,Beauty,163
2023-07-08,SKU_013,Beauty,145
2023-07-09,SKU_013,Beauty,128
2023-07-10,SKU_013,Beauty,101
2023-07-11,SKU_013,Beauty,110
2023-07-12,SKU_013,Beauty,115
2023-07-13,SKU_013,Beauty,138
2023-07-14,SKU_013,Beauty,138
2023-07-15,SKU_013,Beauty,121
2023-07-16,SKU_013,Beauty,128
2023-07-17,SKU_013,Beauty,97
2023-07-18,SKU_013,Beauty,90
2023-07-19,SKU_013,Beauty,114
2023-07-20,SKU_013,Beauty,145
2023-07-21,SKU_013,Beauty,135
2023-07-22,SKU_013,Beauty,134
2023-07-23,SKU_013,Beauty,121
2023-07-24,SKU_013,Beauty,102
2023-07-25,SKU_013,Beauty,71
2023-07-26,SKU_013,Beauty,101
2023-07-27,SKU_013,Beauty,130
2023-07-28,SKU_013,Beauty,129
2023-07-29,SKU_013,Beauty,120
2023-07-30,SKU_013,Beauty,103
2023-07-31,SKU_013,Beauty,91
2023-08-01,SKU_013,Beauty,95
2023-08-02,SKU_013,Beauty,115
2023-08-03,SKU_013,Beauty,142
2023-08-04,SKU_013,Beauty,143
2023-08-05,SKU_013,Beauty,145
2023-08-06,SKU_013,Beauty,117
2023-08-07,SKU_013,Beauty,94
2023-08-08,SKU_013,Beauty,91
2023-08-09,SKU_013,Beauty,115
2023-08-10,SKU_013,Beauty,134
2023-08-11,SKU_013,Beauty,143
2023-08-12,SKU_013,Beauty,138
2023-08-13,SKU_013,Beauty,113
2023-08-14,SKU_013,Beauty,79
2023-08-15,SKU_013,Beauty,86
2023-08-16,SKU_013,Beauty,103
2023-08-17,SKU_013,Beauty,132
2023-08-18,SKU_013,Beauty,140
2023-08-19,SKU_013,Beauty,147
2023-08-20,SKU_013,Beauty,101
2023-08-21,SKU_013,Beauty,97
2023-08-22,SKU_013,Beauty,97
2023-08-23,SKU_013,Beauty,116
2023-08-24,SKU_013,Beauty,132
2023-08-25,SKU_013,Beauty,143
2023-08-26,SKU_013,Beauty,134
2023-08-27,SKU_013,Beauty,115
2023-08-28,SKU_013,Beauty,105
2023-08-29,SKU_013,Beauty,117
2023-08-30,SKU_013,Beauty,128
2023-08-31,SKU_013,Beauty,136
2023-09-01,SKU_013,Beauty,128
2023-09-02,SKU_013,Beauty,165
2023-09-03,SKU_013,Beauty,107
2023-09-04,SKU_013,Beauty,81
2023-09-05,SKU_013,Beauty,92
2023-09-06,SKU_013,Beauty,116
2023-09-07,SKU_013,Beauty,139
2023-09-08,SKU_013,Beauty,157
2023-09-09,SKU_013,Beauty,142
2023-09-10,SKU_013,Beauty,110
2023-09-11,SKU_013,Beauty,120
2023-09-12,SKU_013,Beauty,99
2023-09-13,SKU_013,Beauty,101
2023-09-14,SKU_013,Beauty,141
2023-09-15,SKU_013,Beauty,168
2023-09-16,SKU_013,Beauty,138
2023-09-17,SKU_013,Beauty,128
2023-09-18,SKU_013,Beauty,101
2023-09-19,SKU_013,Beauty,89
2023-09-20,SKU_013,Beauty,117
2023-09-21,SKU_013,Beauty,165
2023-09-22,SKU_013,Beauty,170
2023-09-23,SKU_013,Beauty,142
2023-09-24,SKU_013,Beauty,133
2023-09-25,SKU_013,Beauty,112
2023-09-26,SKU_013,Beauty,98
2023-09-27,SKU_013,Beauty,126
2023-09-28,SKU_013,Beauty,153
2023-09-29,SKU_013,Beauty,178
2023-09-30,SKU_013,Beauty,168
2023-10-01,SKU_013,Beauty,125
2023-10-02,SKU_013,Beauty,102
2023-10-03,SKU_013,Beauty,95
2023-10-04,SKU_013,Beauty,130
2023-10-05,SKU_013,Beauty,165
2023-10-06,SKU_013,Beauty,179
2023-10-07,SKU_013,Beauty,133
2023-10-08,SKU_013,Beauty,137
2023-10-09,SKU_013,Beauty,115
2023-10-10,SKU_013,Beauty,102
2023-10-11,SKU_013,Beauty,135
2023-10-12,SKU_013,Beauty,178
2023-10-13,SKU_013,Beauty,185
2023-10-14,SKU_013,Beauty,161
2023-10-15,SKU_013,Beauty,123
2023-10-16,SKU_013,Beauty,117
2023-10-17,SKU_013,Beauty,127
2023-10-18,SKU_013,Beauty,114
2023-10-19,SKU_013,Beauty,183
2023-10-20,SKU_013,Beauty,189
2023-10-21,SKU_013,Beauty,193
2023-10-22,SKU_013,Beauty,142
2023-10-23,SKU_013,Beauty,116
2023-10-24,SKU_013,Beauty,110
2023-10-25,SKU_013,Beauty,162
2023-10-26,SKU_013,Beauty,189
2023-10-27,SKU_013,Beauty,163
2023-10-28,SKU_013,Beauty,170
2023-10-29,SKU_013,Beauty,157
2023-10-30,SKU_013,Beauty,122
2023-10-31,SKU_013,Beauty,119
2023-11-01,SKU_013,Beauty,156
2023-11-02,SKU_013,Beauty,182
2023-11-03,SKU_013,Beauty,196
2023-11-04,SKU_013,Beauty,185
2023-11-05,SKU_013,Beauty,182
2023-11-06,SKU_013,Beauty,147
2023-11-07,SKU_013,Beauty,114
2023-11-08,SKU_013,Beauty,144
2023-11-09,SKU_013,Beauty,197
2023-11-10,SKU_013,Beauty,202
2023-11-11,SKU_013,Beauty,167
2023-11-12,SKU_013,Beauty,154
2023-11-13,SKU_013,Beauty,137
2023-11-14,SKU_013,Beauty,135
2023-11-15,SKU_013,Beauty,152
2023-11-16,SKU_013,Beauty,196
2023-11-17,SKU_013,Beauty,240
2023-11-18,SKU_013,Beauty,208
2023-11-19,SKU_013,Beauty,163
2023-11-20,SKU_013,Beauty,153
2023-11-21,SKU_013,Beauty,135
2023-11-22,SKU_013,Beauty,178
2023-11-23,SKU_013,Beauty,200
2023-11-24,SKU_013,Beauty,243
2023-11-25,SKU_013,Beauty,218
2023-11-26,SKU_013,Beauty,150
2023-11-27,SKU_013,Beauty,149
2023-11-28,SKU_013,Beauty,147
2023-11-29,SKU_013,Beauty,191
2023-11-30,SKU_013,Beauty,211
2023-12-01,SKU_013,Beauty,215
2023-12-02,SKU_013,Beauty,198
2023-12-03,SKU_013,Beauty,176
2023-12-04,SKU_013,Beauty,136
2023-12-05,SKU_013,Beauty,141
2023-12-06,SKU_013,Beauty,191
2023-12-07,SKU_013,Beauty,214
2023-12-08,SKU_013,Beauty,214
2023-12-09,SKU_013,Beauty,222
2023-12-10,SKU_013,Beauty,195
2023-12-11,SKU_013,Beauty,157
2023-12-12,SKU_013,Beauty,166
2023-12-13,SKU_013,Beauty,185
2023-12-14,SKU_013,Beauty,248
2023-12-15,SKU_013,Beauty,232
2023-12-16,SKU_013,Beauty,213
2023-12-17,SKU_013,Beauty,178
2023-12-18,SKU_013,Beauty,164
2023-12-19,SKU_013,Beauty,142
2023-12-20,SKU_013,Beauty,204
2023-12-21,SKU_013,Beauty,258
2023-12-22,SKU_013,Beauty,233
2023-12-23,SKU_013,Beauty,241
2023-12-24,SKU_013,Beauty,202
2023-12-25,SKU_013,Beauty,155
2023-12-26,SKU_013,Beauty,170
2023-12-27,SKU_013,Beauty,185
2023-12-28,SKU_013,Beauty,248
2023-12-29,SKU_013,Beauty,224
2023-12-30,SKU_013,Beauty,253
2023-12-31,SKU_013,Beauty,199
2024-01-01,SKU_013,Beauty,151
2024-01-02,SKU_013,Beauty,162
2024-01-03,SKU_013,Beauty,200
2024-01-04,SKU_013,Beauty,235
2024-01-05,SKU_013,Beauty,256
2024-01-06,SKU_013,Beauty,213
2024-01-07,SKU_013,Beauty,189
2024-01-08,SKU_013,Beauty,174
2024-01-09,SKU_013,Beauty,163
2024-01-10,SKU_013,Beauty,192
2024-01-11,SKU_013,Beauty,264
2024-01-12,SKU_013,Beauty,267
2024-01-13,SKU_013,Beauty,230
2024-01-14,SKU_013,Beauty,207
2024-01-15,SKU_013,Beauty,154
2024-01-16,SKU_013,Beauty,175
2024-01-17,SKU_013,Beauty,222
2024-01-18,SKU_013,Beauty,282
2024-01-19,SKU_013,Beauty,260
2024-01-20,SKU_013,Beauty,269
2024-01-21,SKU_013,Beauty,206
2024-01-22,SKU_013,Beauty,155
2024-01-23,SKU_013,Beauty,179
2024-01-24,SKU_013,Beauty,214
2024-01-25,SKU_013,Beauty,295
2024-01-26,SKU_013,Beauty,286
2024-01-27,SKU_013,Beauty,265
2024-01-28,SKU_013,Beauty,202
2024-01-29,SKU_013,Beauty,198
2024-01-30,SKU_013,Beauty,185
2024-01-31,SKU_013,Beauty,209
2024-02-01,SKU_013,Beauty,266
2024-02-02,SKU_013,Beauty,244
2024-02-03,SKU_013,Beauty,258
2024-02-04,SKU_013,Beauty,218
2024-02-05,SKU_013,Beauty,196
2024-02-06,SKU_013,Beauty,215
2024-02-07,SKU_013,Beauty,238
2024-02-08,SKU_013,Beauty,277
2024-02-09,SKU_013,Beauty,296
2024-02-10,SKU_013,Beauty,249
2024-02-11,SKU_013,Beauty,221
2024-02-12,SKU_013,Beauty,193
2024-02-13,SKU_013,Beauty,187
2024-02-14,SKU_013,Beauty,212
2024-02-15,SKU_013,Beauty,263
2024-02-16,SKU_013,Beauty,277
2024-02-17,SKU_013,Beauty,270
2024-02-18,SKU_013,Beauty,216
2024-02-19,SKU_013,Beauty,196
2024-02-20,SKU_013,Beauty,198
2024-02-21,SKU_013,Beauty,235
2024-02-22,SKU_013,Beauty,276
2024-02-23,SKU_013,Beauty,281
2024-02-24,SKU_013,Beauty,254
2024-02-25,SKU_013,Beauty,192
2024-02-26,SKU_013,Beauty,186
2024-02-27,SKU_013,Beauty,145
2024-02-28,SKU_013,Beauty,236
2024-02-29,SKU_013,Beauty,234
2024-03-01,SKU_013,Beauty,256
2024-03-02,SKU_013,Beauty,267
2024-03-03,SKU_013,Beauty,220
2024-03-04,SKU_013,Beauty,174
2024-03-05,SKU_013,Beauty,182
2024-03-06,SKU_013,Beauty,228
2024-03-07,SKU_013,Beauty,250
2024-03-08,SKU_013,Beauty,271
2024-03-09,SKU_013,Beauty,265
2024-03-10,SKU_013,Beauty,201
2024-03-11,SKU_013,Beauty,174
2024-03-12,SKU_013,Beauty,192
2024-03-13,SKU_013,Beauty,227
2024-03-14,SKU_013,Beauty,243
2024-03-15,SKU_013,Beauty,252
2024-03-16,SKU_013,Beauty,246
2024-03-17,SKU_013,Beauty,185
2024-03-18,SKU_013,Beauty,194
2024-03-19,SKU_013,Beauty,179
2024-03-20,SKU_013,Beauty,210
2024-03-21,SKU_013,Beauty,249
2024-03-22,SKU_013,Beauty,262
2024-03-23,SKU_013,Beauty,261
2024-03-24,SKU_013,Beauty,228
2024-03-25,SKU_013,Beauty,180
2024-03-26,SKU_013,Beauty,170
2024-03-27,SKU_013,Beauty,193
2024-03-28,SKU_013,Beauty,236
2024-03-29,SKU_013,Beauty,235
2024-03-30,SKU_013,Beauty,283
2024-03-31,SKU_013,Beauty,213
2024-04-01,SKU_013,Beauty,152
2024-04-02,SKU_013,Beauty,166
2024-04-03,SKU_013,Beauty,201
2024-04-04,SKU_013,Beauty,228
2024-04-05,SKU_013,Beauty,268
2024-04-06,SKU_013,Beauty,221
2024-04-07,SKU_013,Beauty,211
2024-04-08,SKU_013,Beauty,150
2024-04-09,SKU_013,Beauty,170
2024-04-10,SKU_013,Beauty,223
2024-04-11,SKU_013,Beauty,243
2024-04-12,SKU_013,Beauty,223
2024-04-13,SKU_013,Beauty,227
2024-04-14,SKU_013,Beauty,175
2024-04-15,SKU_013,Beauty,174
2024-04-16,SKU_013,Beauty,179
2024-04-17,SKU_013,Beauty,187
2024-04-18,SKU_013,Beauty,254
2024-04-19,SKU_013,Beauty,249
2024-04-20,SKU_013,Beauty,238
2024-04-21,SKU_013,Beauty,197
2024-04-22,SKU_013,Beauty,149
2024-04-23,SKU_013,Beauty,162
2024-04-24,SKU_013,Beauty,196
2024-04-25,SKU_013,Beauty,206
2024-04-26,SKU_013,Beauty,264
2024-04-27,SKU_013,Beauty,204
2024-04-28,SKU_013,Beauty,188
2024-04-29,SKU_013,Beauty,163
2024-04-30,SKU_013,Beauty,145
2024-05-01,SKU_013,Beauty,189
2024-05-02,SKU_013,Beauty,210
2024-05-03,SKU_013,Beauty,224
2024-05-04,SKU_013,Beauty,225
2024-05-05,SKU_013,Beauty,213
2024-05-06,SKU_013,Beauty,166
2024-05-07,SKU_013,Beauty,151
2024-05-08,SKU_013,Beauty,187
2024-05-09,SKU_013,Beauty,199
2024-05-10,SKU_013,Beauty,221
2024-05-11,SKU_013,Beauty,220
2024-05-12,SKU_013,Beauty,170
2024-05-13,SKU_013,Beauty,154
2024-05-14,SKU_013,Beauty,149
2024-05-15,SKU_013,Beauty,168
2024-05-16,SKU_013,Beauty,195
2024-05-17,SKU_013,Beauty,185
2024-05-18,SKU_013,Beauty,209
2024-05-19,SKU_013,Beauty,154
2024-05-20,SKU_013,Beauty,165
2024-05-21,SKU_013,Beauty,135
2024-05-22,SKU_013,Beauty,146
2024-05-23,SKU_013,Beauty,238
2024-05-24,SKU_013,Beauty,191
2024-05-25,SKU_013,Beauty,176
2024-05-26,SKU_013,Beauty,167
2024-05-27,SKU_013,Beauty,124
2024-05-28,SKU_013,Beauty,117
2024-05-29,SKU_013,Beauty,167
2024-05-30,SKU_013,Beauty,192
2024-05-31,SKU_013,Beauty,207
2024-06-01,SKU_013,Beauty,189
2024-06-02,SKU_013,Beauty,165
2024-06-03,SKU_013,Beauty,139
2024-06-04,SKU_013,Beauty,128
2024-06-05,SKU_013,Beauty,157
2024-06-06,SKU_013,Beauty,179
2024-06-07,SKU_013,Beauty,170
2024-06-08,SKU_013,Beauty,179
2024-06-09,SKU_013,Beauty,165
2024-06-10,SKU_013,Beauty,122
2024-06-11,SKU_013,Beauty,124
2024-06-12,SKU_013,Beauty,153
2024-06-13,SKU_013,Beauty,177
2024-06-14,SKU_013,Beauty,181
2024-06-15,SKU_013,Beauty,190
2024-06-16,SKU_013,Beauty,142
2024-06-17,SKU_013,Beauty,124
2024-06-18,SKU_013,Beauty,119
2024-06-19,SKU_013,Beauty,112
2024-06-20,SKU_013,Beauty,170
2024-06-21,SKU_013,Beauty,178
2024-06-22,SKU_013,Beauty,173
2024-06-23,SKU_013,Beauty,149
2024-06-24,SKU_013,Beauty,135
2024-06-25,SKU_013,Beauty,114
2024-06-26,SKU_013,Beauty,138
2024-06-27,SKU_013,Beauty,145
2024-06-28,SKU_013,Beauty,186
2024-06-29,SKU_013,Beauty,154
2024-06-30,SKU_013,Beauty,119
2024-07-01,SKU_013,Beauty,128
2024-07-02,SKU_013,Beauty,122
2024-07-03,SKU_013,Beauty,136
2024-07-04,SKU_013,Beauty,138
2024-07-05,SKU_013,Beauty,184
2024-07-06,SKU_013,Beauty,156
2024-07-07,SKU_013,Beauty,141
2024-07-08,SKU_013,Beauty,98
2024-07-09,SKU_013,Beauty,97
2024-07-10,SKU_013,Beauty,114
2024-07-11,SKU_013,Beauty,158
2024-07-12,SKU_013,Beauty,163
2024-07-13,SKU_013,Beauty,156
2024-07-14,SKU_013,Beauty,115
2024-07-15,SKU_013,Beauty,109
2024-07-16,SKU_013,Beauty,97
2024-07-17,SKU_013,Beauty,121
2024-07-18,SKU_013,Beauty,139
2024-07-19,SKU_013,Beauty,154
2024-07-20,SKU_013,Beauty,161
2024-07-21,SKU_013,Beauty,106
2024-07-22,SKU_013,Beauty,98
2024-07-23,SKU_013,Beauty,104
2024-07-24,SKU_013,Beauty,133
2024-07-25,SKU_013,Beauty,172
2024-07-26,SKU_013,Beauty,143
2024-07-27,SKU_013,Beauty,159
2024-07-28,SKU_013,Beauty,122
2024-07-29,SKU_013,Beauty,95
2024-07-30,SKU_013,Beauty,105
2024-07-31,SKU_013,Beauty,109
2024-08-01,SKU_013,Beauty,146
2024-08-02,SKU_013,Beauty,143
2024-08-03,SKU_013,Beauty,152
2024-08-04,SKU_013,Beauty,109
2024-08-05,SKU_013,Beauty,111
2024-08-06,SKU_013,Beauty,104
2024-08-07,SKU_013,Beauty,130
2024-08-08,SKU_013,Beauty,134
2024-08-09,SKU_013,Beauty,153
2024-08-10,SKU_013,Beauty,162
2024-08-11,SKU_013,Beauty,112
2024-08-12,SKU_013,Beauty,107
2024-08-13,SKU_013,Beauty,103
2024-08-14,SKU_013,Beauty,136
2024-08-15,SKU_013,Beauty,91
2024-08-16,SKU_013,Beauty,58
2024-08-17,SKU_013,Beauty,77
2024-08-18,SKU_013,Beauty,66
2024-08-19,SKU_013,Beauty,102
2024-08-20,SKU_013,Beauty,105
2024-08-21,SKU_013,Beauty,145
2024-08-22,SKU_013,Beauty,162
2024-08-23,SKU_013,Beauty,161
2024-08-24,SKU_013,Beauty,163
2024-08-25,SKU_013,Beauty,120
2024-08-26,SKU_013,Beauty,97
2024-08-27,SKU_013,Beauty,95
2024-08-28,SKU_013,Beauty,131
2024-08-29,SKU_013,Beauty,141
2024-08-30,SKU_013,Beauty,154
2024-08-31,SKU_013,Beauty,144
2024-09-01,SKU_013,Beauty,131
2024-09-02,SKU_013,Beauty,104
2024-09-03,SKU_013,Beauty,105
2024-09-04,SKU_013,Beauty,114
2024-09-05,SKU_013,Beauty,150
2024-09-06,SKU_013,Beauty,157
2024-09-07,SKU_013,Beauty,163
2024-09-08,SKU_013,Beauty,111
2024-09-09,SKU_013,Beauty,107
2024-09-10,SKU_013,Beauty,115
2024-09-11,SKU_013,Beauty,116
2024-09-12,SKU_013,Beauty,134
2024-09-13,SKU_013,Beauty,165
2024-09-14,SKU_013,Beauty,164
2024-09-15,SKU_013,Beauty,138
2024-09-16,SKU_013,Beauty,109
2024-09-17,SKU_013,Beauty,99
2024-09-18,SKU_013,Beauty,117
2024-09-19,SKU_013,Beauty,141
2024-09-20,SKU_013,Beauty,142
2024-09-21,SKU_013,Beauty,165
2024-09-22,SKU_013,Beauty,137
2024-09-23,SKU_013,Beauty,110
2024-09-24,SKU_013,Beauty,114
2024-09-25,SKU_013,Beauty,136
2024-09-26,SKU_013,Beauty,162
2024-09-27,SKU_013,Beauty,182
2024-09-28,SKU_013,Beauty,151
2024-09-29,SKU_013,Beauty,154
2024-09-30,SKU_013,Beauty,102
2024-10-01,SKU_013,Beauty,107
2024-10-02,SKU_013,Beauty,158
2024-10-03,SKU_013,Beauty,163
2024-10-04,SKU_013,Beauty,185
2024-10-05,SKU_013,Beauty,162
2024-10-06,SKU_013,Beauty,148
2024-10-07,SKU_013,Beauty,132
2024-10-08,SKU_013,Beauty,113
2024-10-09,SKU_013,Beauty,138
2024-10-10,SKU_013,Beauty,159
2024-10-11,SKU_013,Beauty,193
2024-10-12,SKU_013,Beauty,183
2024-10-13,SKU_013,Beauty,155
2024-10-14,SKU_013,Beauty,132
2024-10-15,SKU_013,Beauty,119
2024-10-16,SKU_013,Beauty,166
2024-10-17,SKU_013,Beauty,177
2024-10-18,SKU_013,Beauty,175
2024-10-19,SKU_013,Beauty,180
2024-10-20,SKU_013,Beauty,141
2024-10-21,SKU_013,Beauty,151
2024-10-22,SKU_013,Beauty,114
2024-10-23,SKU_013,Beauty,143
2024-10-24,SKU_013,Beauty,170
2024-10-25,SKU_013,Beauty,206
2024-10-26,SKU_013,Beauty,193
2024-10-27,SKU_013,Beauty,156
2024-10-28,SKU_013,Beauty,119
2024-10-29,SKU_013,Beauty,134
2024-10-30,SKU_013,Beauty,151
2024-10-31,SKU_013,Beauty,194
2024-11-01,SKU_013,Beauty,202
2024-11-02,SKU_013,Beauty,196
2024-11-03,SKU_013,Beauty,160
2024-11-04,SKU_013,Beauty,149
2024-11-05,SKU_013,Beauty,128
2024-11-06,SKU_013,Beauty,132
2024-11-07,SKU_013,Beauty,205
2024-11-08,SKU_013,Beauty,213
2024-11-09,SKU_013,Beauty,189
2024-11-10,SKU_013,Beauty,166
2024-11-11,SKU_013,Beauty,133
2024-11-12,SKU_013,Beauty,170
2024-11-13,SKU_013,Beauty,155
2024-11-14,SKU_013,Beauty,212
2024-11-15,SKU_013,Beauty,208
2024-11-16,SKU_013,Beauty,198
2024-11-17,SKU_013,Beauty,180
2024-11-18,SKU_013,Beauty,155
2024-11-19,SKU_013,Beauty,148
2024-11-20,SKU_013,Beauty,177
2024-11-21,SKU_013,Beauty,209
2024-11-22,SKU_013,Beauty,249
2024-11-23,SKU_013,Beauty,202
2024-11-24,SKU_013,Beauty,183
2024-11-25,SKU_013,Beauty,134
2024-11-26,SKU_013,Beauty,157
2024-11-27,SKU_013,Beauty,159
2024-11-28,SKU_013,Beauty,232
2024-11-29,SKU_013,Beauty,234
2024-11-30,SKU_013,Beauty,227
2024-12-01,SKU_013,Beauty,190
2024-12-02,SKU_013,Beauty,154
2024-12-03,SKU_013,Beauty,168
2024-12-04,SKU_013,Beauty,192
2024-12-05,SKU_013,Beauty,229
2024-12-06,SKU_013,Beauty,256
2024-12-07,SKU_013,Beauty,220
2024-12-08,SKU_013,Beauty,170
2024-12-09,SKU_013,Beauty,178
2024-12-10,SKU_013,Beauty,189
2024-12-11,SKU_013,Beauty,205
2024-12-12,SKU_013,Beauty,233
2024-12-13,SKU_013,Beauty,272
2024-12-14,SKU_013,Beauty,254
2024-12-15,SKU_013,Beauty,221
2024-12-16,SKU_013,Beauty,168
2024-12-17,SKU_013,Beauty,175
2024-12-18,SKU_013,Beauty,203
2024-12-19,SKU_013,Beauty,241
2024-12-20,SKU_013,Beauty,255
2024-12-21,SKU_013,Beauty,266
2024-12-22,SKU_013,Beauty,201
2024-12-23,SKU_013,Beauty,190
2024-12-24,SKU_013,Beauty,175
2024-12-25,SKU_013,Beauty,236
2024-12-26,SKU_013,Beauty,262
2024-12-27,SKU_013,Beauty,264
2024-12-28,SKU_013,Beauty,248
2024-12-29,SKU_013,Beauty,224
2024-12-30,SKU_013,Beauty,199
2023-01-01,SKU_014,Beauty,125
2023-01-02,SKU_014,Beauty,114
2023-01-03,SKU_014,Beauty,124
2023-01-04,SKU_014,Beauty,148
2023-01-05,SKU_014,Beauty,183
2023-01-06,SKU_014,Beauty,190
2023-01-07,SKU_014,Beauty,183
2023-01-08,SKU_014,Beauty,139
2023-01-09,SKU_014,Beauty,114
2023-01-10,SKU_014,Beauty,109
2023-01-11,SKU_014,Beauty,148
2023-01-12,SKU_014,Beauty,185
2023-01-13,SKU_014,Beauty,196
2023-01-14,SKU_014,Beauty,196
2023-01-15,SKU_014,Beauty,158
2023-01-16,SKU_014,Beauty,142
2023-01-17,SKU_014,Beauty,110
2023-01-18,SKU_014,Beauty,146
2023-01-19,SKU_014,Beauty,186
2023-01-20,SKU_014,Beauty,186
2023-01-21,SKU_014,Beauty,140
2023-01-22,SKU_014,Beauty,152
2023-01-23,SKU_014,Beauty,122
2023-01-24,SKU_014,Beauty,136
2023-01-25,SKU_014,Beauty,150
2023-01-26,SKU_014,Beauty,193
2023-01-27,SKU_014,Beauty,188
2023-01-28,SKU_014,Beauty,154
2023-01-29,SKU_014,Beauty,152
2023-01-30,SKU_014,Beauty,143
2023-01-31,SKU_014,Beauty,122
2023-02-01,SKU_014,Beauty,136
2023-02-02,SKU_014,Beauty,188
2023-02-03,SKU_014,Beauty,192
2023-02-04,SKU_014,Beauty,204
2023-02-05,SKU_014,Beauty,169
2023-02-06,SKU_014,Beauty,137
2023-02-07,SKU_014,Beauty,127
2023-02-08,SKU_014,Beauty,163
2023-02-09,SKU_014,Beauty,171
2023-02-10,SKU_014,Beauty,185
2023-02-11,SKU_014,Beauty,160
2023-02-12,SKU_014,Beauty,135
2023-02-13,SKU_014,Beauty,111
2023-02-14,SKU_014,Beauty,119
2023-02-15,SKU_014,Beauty,155
2023-02-16,SKU_014,Beauty,208
2023-02-17,SKU_014,Beauty,214
2023-02-18,SKU_014,Beauty,140
2023-02-19,SKU_014,Beauty,162
2023-02-20,SKU_014,Beauty,114
2023-02-21,SKU_014,Beauty,154
2023-02-22,SKU_014,Beauty,158
2023-02-23,SKU_014,Beauty,201
2023-02-24,SKU_014,Beauty,183
2023-02-25,SKU_014,Beauty,167
2023-02-26,SKU_014,Beauty,156
2023-02-27,SKU_014,Beauty,130
2023-02-28,SKU_014,Beauty,108
2023-03-01,SKU_014,Beauty,135
2023-03-02,SKU_014,Beauty,160
2023-03-03,SKU_014,Beauty,188
2023-03-04,SKU_014,Beauty,167
2023-03-05,SKU_014,Beauty,136
2023-03-06,SKU_014,Beauty,111
2023-03-07,SKU_014,Beauty,135
2023-03-08,SKU_014,Beauty,138
2023-03-09,SKU_014,Beauty,169
2023-03-10,SKU_014,Beauty,156
2023-03-11,SKU_014,Beauty,168
2023-03-12,SKU_014,Beauty,134
2023-03-13,SKU_014,Beauty,133
2023-03-14,SKU_014,Beauty,138
2023-03-15,SKU_014,Beauty,149
2023-03-16,SKU_014,Beauty,181
2023-03-17,SKU_014,Beauty,188
2023-03-18,SKU_014,Beauty,172
2023-03-19,SKU_014,Beauty,132
2023-03-20,SKU_014,Beauty,134
2023-03-21,SKU_014,Beauty,105
2023-03-22,SKU_014,Beauty,168
2023-03-23,SKU_014,Beauty,175
2023-03-24,SKU_014,Beauty,191
2023-03-25,SKU_014,Beauty,178
2023-03-26,SKU_014,Beauty,148
2023-03-27,SKU_014,Beauty,93
2023-03-28,SKU_014,Beauty,121
2023-03-29,SKU_014,Beauty,152
2023-03-30,SKU_014,Beauty,176
2023-03-31,SKU_014,Beauty,191
2023-04-01,SKU_014,Beauty,169
2023-04-02,SKU_014,Beauty,128
2023-04-03,SKU_014,Beauty,111
2023-04-04,SKU_014,Beauty,113
2023-04-05,SKU_014,Beauty,140
2023-04-06,SKU_014,Beauty,161
2023-04-07,SKU_014,Beauty,188
2023-04-08,SKU_014,Beauty,147
2023-04-09,SKU_014,Beauty,126
2023-04-10,SKU_014,Beauty,109
2023-04-11,SKU_014,Beauty,106
2023-04-12,SKU_014,Beauty,150
2023-04-13,SKU_014,Beauty,145
2023-04-14,SKU_014,Beauty,186
2023-04-15,SKU_014,Beauty,187
2023-04-16,SKU_014,Beauty,139
2023-04-17,SKU_014,Beauty,112
2023-04-18,SKU_014,Beauty,124
2023-04-19,SKU_014,Beauty,126
2023-04-20,SKU_014,Beauty,171
2023-04-21,SKU_014,Beauty,180
2023-04-22,SKU_014,Beauty,173
2023-04-23,SKU_014,Beauty,137
2023-04-24,SKU_014,Beauty,115
2023-04-25,SKU_014,Beauty,111
2023-04-26,SKU_014,Beauty,131
2023-04-27,SKU_014,Beauty,149
2023-04-28,SKU_014,Beauty,153
2023-04-29,SKU_014,Beauty,136
2023-04-30,SKU_014,Beauty,106
2023-05-01,SKU_014,Beauty,98
2023-05-02,SKU_014,Beauty,120
2023-05-03,SKU_014,Beauty,112
2023-05-04,SKU_014,Beauty,144
2023-05-05,SKU_014,Beauty,176
2023-05-06,SKU_014,Beauty,154
2023-05-07,SKU_014,Beauty,129
2023-05-08,SKU_014,Beauty,104
2023-05-09,SKU_014,Beauty,95
2023-05-10,SKU_014,Beauty,128
2023-05-11,SKU_014,Beauty,142
2023-05-12,SKU_014,Beauty,158
2023-05-13,SKU_014,Beauty,127
2023-05-14,SKU_014,Beauty,118
2023-05-15,SKU_014,Beauty,93
2023-05-16,SKU_014,Beauty,97
2023-05-17,SKU_014,Beauty,115
2023-05-18,SKU_014,Beauty,136
2023-05-19,SKU_014,Beauty,148
2023-05-20,SKU_014,Beauty,166
2023-05-21,SKU_014,Beauty,116
2023-05-22,SKU_014,Beauty,80
2023-05-23,SKU_014,Beauty,89
2023-05-24,SKU_014,Beauty,115
2023-05-25,SKU_014,Beauty,143
2023-05-26,SKU_014,Beauty,152
2023-05-27,SKU_014,Beauty,136
2023-05-28,SKU_014,Beauty,109
2023-05-29,SKU_014,Beauty,98
2023-05-30,SKU_014,Beauty,90
2023-05-31,SKU_014,Beauty,118
2023-06-01,SKU_014,Beauty,122
2023-06-02,SKU_014,Beauty,137
2023-06-03,SKU_014,Beauty,119
2023-06-04,SKU_014,Beauty,121
2023-06-05,SKU_014,Beauty,65
2023-06-06,SKU_014,Beauty,92
2023-06-07,SKU_014,Beauty,95
2023-06-08,SKU_014,Beauty,134
2023-06-09,SKU_014,Beauty,137
2023-06-10,SKU_014,Beauty,121
2023-06-11,SKU_014,Beauty,118
2023-06-12,SKU_014,Beauty,85
2023-06-13,SKU_014,Beauty,81
2023-06-14,SKU_014,Beauty,78
2023-06-15,SKU_014,Beauty,126
2023-06-16,SKU_014,Beauty,127
2023-06-17,SKU_014,Beauty,113
2023-06-18,SKU_014,Beauty,86
2023-06-19,SKU_014,Beauty,76
2023-06-20,SKU_014,Beauty,71
2023-06-21,SKU_014,Beauty,83
2023-06-22,SKU_014,Beauty,121
2023-06-23,SKU_014,Beauty,125
2023-06-24,SKU_014,Beauty,103
2023-06-25,SKU_014,Beauty,106
2023-06-26,SKU_014,Beauty,69
2023-06-27,SKU_014,Beauty,66
2023-06-28,SKU_014,Beauty,92
2023-06-29,SKU_014,Beauty,120
2023-06-30,SKU_014,Beauty,125
2023-07-01,SKU_014,Beauty,109
2023-07-02,SKU_014,Beauty,108
2023-07-03,SKU_014,Beauty,82
2023-07-04,SKU_014,Beauty,81
2023-07-05,SKU_014,Beauty,79
2023-07-06,SKU_014,Beauty,117
2023-07-07,SKU_014,Beauty,123
2023-07-08,SKU_014,Beauty,118
2023-07-09,SKU_014,Beauty,89
2023-07-10,SKU_014,Beauty,79
2023-07-11,SKU_014,Beauty,77
2023-07-12,SKU_014,Beauty,74
2023-07-13,SKU_014,Beauty,103
2023-07-14,SKU_014,Beauty,114
2023-07-15,SKU_014,Beauty,114
2023-07-16,SKU_014,Beauty,86
2023-07-17,SKU_014,Beauty,72
2023-07-18,SKU_014,Beauty,74
2023-07-19,SKU_014,Beauty,91
2023-07-20,SKU_014,Beauty,97
2023-07-21,SKU_014,Beauty,116
2023-07-22,SKU_014,Beauty,112
2023-07-23,SKU_014,Beauty,93
2023-07-24,SKU_014,Beauty,56
2023-07-25,SKU_014,Beauty,80
2023-07-26,SKU_014,Beauty,93
2023-07-27,SKU_014,Beauty,112
2023-07-28,SKU_014,Beauty,116
2023-07-29,SKU_014,Beauty,94
2023-07-30,SKU_014,Beauty,88
2023-07-31,SKU_014,Beauty,66
2023-08-01,SKU_014,Beauty,66
2023-08-02,SKU_014,Beauty,97
2023-08-03,SKU_014,Beauty,109
2023-08-04,SKU_014,Beauty,109
2023-08-05,SKU_014,Beauty,98
2023-08-06,SKU_014,Beauty,91
2023-08-07,SKU_014,Beauty,69
2023-08-08,SKU_014,Beauty,74
2023-08-09,SKU_014,Beauty,82
2023-08-10,SKU_014,Beauty,125
2023-08-11,SKU_014,Beauty,107
2023-08-12,SKU_014,Beauty,88
2023-08-13,SKU_014,Beauty,92
2023-08-14,SKU_014,Beauty,69
2023-08-15,SKU_014,Beauty,80
2023-08-16,SKU_014,Beauty,80
2023-08-17,SKU_014,Beauty,83
2023-08-18,SKU_014,Beauty,104
2023-08-19,SKU_014,Beauty,102
2023-08-20,SKU_014,Beauty,92
2023-08-21,SKU_014,Beauty,69
2023-08-22,SKU_014,Beauty,64
2023-08-23,SKU_014,Beauty,84
2023-08-24,SKU_014,Beauty,105
2023-08-25,SKU_014,Beauty,106
2023-08-26,SKU_014,Beauty,109
2023-08-27,SKU_014,Beauty,84
2023-08-28,SKU_014,Beauty,73
2023-08-29,SKU_014,Beauty,61
2023-08-30,SKU_014,Beauty,78
2023-08-31,SKU_014,Beauty,99
2023-09-01,SKU_014,Beauty,108
2023-09-02,SKU_014,Beauty,103
2023-09-03,SKU_014,Beauty,80
2023-09-04,SKU_014,Beauty,74
2023-09-05,SKU_014,Beauty,69
2023-09-06,SKU_014,Beauty,83
2023-09-07,SKU_014,Beauty,116
2023-09-08,SKU_014,Beauty,110
2023-09-09,SKU_014,Beauty,113
2023-09-10,SKU_014,Beauty,79
2023-09-11,SKU_014,Beauty,82
2023-09-12,SKU_014,Beauty,79
2023-09-13,SKU_014,Beauty,98
2023-09-14,SKU_014,Beauty,86
2023-09-15,SKU_014,Beauty,115
2023-09-16,SKU_014,Beauty,113
2023-09-17,SKU_014,Beauty,99
2023-09-18,SKU_014,Beauty,76
2023-09-19,SKU_014,Beauty,73
2023-09-20,SKU_014,Beauty,86
2023-09-21,SKU_014,Beauty,96
2023-09-22,SKU_014,Beauty,110
2023-09-23,SKU_014,Beauty,105
2023-09-24,SKU_014,Beauty,94
2023-09-25,SKU_014,Beauty,83
2023-09-26,SKU_014,Beauty,78
2023-09-27,SKU_014,Beauty,94
2023-09-28,SKU_014,Beauty,111
2023-09-29,SKU_014,Beauty,108
2023-09-30,SKU_014,Beauty,120
2023-10-01,SKU_014,Beauty,100
2023-10-02,SKU_014,Beauty,87
2023-10-03,SKU_014,Beauty,82
2023-10-04,SKU_014,Beauty,87
2023-10-05,SKU_014,Beauty,110
2023-10-06,SKU_014,Beauty,114
2023-10-07,SKU_014,Beauty,119
2023-10-08,SKU_014,Beauty,80
2023-10-09,SKU_014,Beauty,68
2023-10-10,SKU_014,Beauty,89
2023-10-11,SKU_014,Beauty,105
2023-10-12,SKU_014,Beauty,113
2023-10-13,SKU_014,Beauty,126
2023-10-14,SKU_014,Beauty,110
2023-10-15,SKU_014,Beauty,128
2023-10-16,SKU_014,Beauty,79
2023-10-17,SKU_014,Beauty,74
2023-10-18,SKU_014,Beauty,93
2023-10-19,SKU_014,Beauty,117
2023-10-20,SKU_014,Beauty,136
2023-10-21,SKU_014,Beauty,146
2023-10-22,SKU_014,Beauty,125
2023-10-23,SKU_014,Beauty,89
2023-10-24,SKU_014,Beauty,87
2023-10-25,SKU_014,Beauty,120
2023-10-26,SKU_014,Beauty,124
2023-10-27,SKU_014,Beauty,130
2023-10-28,SKU_014,Beauty,127
2023-10-29,SKU_014,Beauty,112
2023-10-30,SKU_014,Beauty,104
2023-10-31,SKU_014,Beauty,146
2023-11-01,SKU_014,Beauty,111
2023-11-02,SKU_014,Beauty,128
2023-11-03,SKU_014,Beauty,137
2023-11-04,SKU_014,Beauty,137
2023-11-05,SKU_014,Beauty,121
2023-11-06,SKU_014,Beauty,87
2023-11-07,SKU_014,Beauty,88
2023-11-08,SKU_014,Beauty,151
2023-11-09,SKU_014,Beauty,135
2023-11-10,SKU_014,Beauty,147
2023-11-11,SKU_014,Beauty,150
2023-11-12,SKU_014,Beauty,120
2023-11-13,SKU_014,Beauty,87
2023-11-14,SKU_014,Beauty,94
2023-11-15,SKU_014,Beauty,112
2023-11-16,SKU_014,Beauty,136
2023-11-17,SKU_014,Beauty,152
2023-11-18,SKU_014,Beauty,136
2023-11-19,SKU_014,Beauty,145
2023-11-20,SKU_014,Beauty,99
2023-11-21,SKU_014,Beauty,120
2023-11-22,SKU_014,Beauty,131
2023-11-23,SKU_014,Beauty,173
2023-11-24,SKU_014,Beauty,150
2023-11-25,SKU_014,Beauty,162
2023-11-26,SKU_014,Beauty,122
2023-11-27,SKU_014,Beauty,108
2023-11-28,SKU_014,Beauty,105
2023-11-29,SKU_014,Beauty,133
2023-11-30,SKU_014,Beauty,156
2023-12-01,SKU_014,Beauty,181
2023-12-02,SKU_014,Beauty,130
2023-12-03,SKU_014,Beauty,164
2023-12-04,SKU_014,Beauty,129
2023-12-05,SKU_014,Beauty,105
2023-12-06,SKU_014,Beauty,141
2023-12-07,SKU_014,Beauty,169
2023-12-08,SKU_014,Beauty,185
2023-12-09,SKU_014,Beauty,178
2023-12-10,SKU_014,Beauty,132
2023-12-11,SKU_014,Beauty,115
2023-12-12,SKU_014,Beauty,114
2023-12-13,SKU_014,Beauty,123
2023-12-14,SKU_014,Beauty,178
2023-12-15,SKU_014,Beauty,197
2023-12-16,SKU_014,Beauty,164
2023-12-17,SKU_014,Beauty,150
2023-12-18,SKU_014,Beauty,126
2023-12-19,SKU_014,Beauty,145
2023-12-20,SKU_014,Beauty,162
2023-12-21,SKU_014,Beauty,166
2023-12-22,SKU_014,Beauty,167
2023-12-23,SKU_014,Beauty,172
2023-12-24,SKU_014,Beauty,141
2023-12-25,SKU_014,Beauty,104
2023-12-26,SKU_014,Beauty,113
2023-12-27,SKU_014,Beauty,160
2023-12-28,SKU_014,Beauty,180
2023-12-29,SKU_014,Beauty,190
2023-12-30,SKU_014,Beauty,176
2023-12-31,SKU_014,Beauty,142
2024-01-01,SKU_014,Beauty,111
2024-01-02,SKU_014,Beauty,113
2024-01-03,SKU_014,Beauty,137
2024-01-04,SKU_014,Beauty,179
2024-01-05,SKU_014,Beauty,198
2024-01-06,SKU_014,Beauty,174
2024-01-07,SKU_014,Beauty,154
2024-01-08,SKU_014,Beauty,137
2024-01-09,SKU_014,Beauty,147
2024-01-10,SKU_014,Beauty,135
2024-01-11,SKU_014,Beauty,210
2024-01-12,SKU_014,Beauty,211
2024-01-13,SKU_014,Beauty,186
2024-01-14,SKU_014,Beauty,135
2024-01-15,SKU_014,Beauty,128
2024-01-16,SKU_014,Beauty,138
2024-01-17,SKU_014,Beauty,156
2024-01-18,SKU_014,Beauty,181
2024-01-19,SKU_014,Beauty,209
2024-01-20,SKU_014,Beauty,175
2024-01-21,SKU_014,Beauty,164
2024-01-22,SKU_014,Beauty,130
2024-01-23,SKU_014,Beauty,137
2024-01-24,SKU_014,Beauty,171
2024-01-25,SKU_014,Beauty,192
2024-01-26,SKU_014,Beauty,214
2024-01-27,SKU_014,Beauty,185
2024-01-28,SKU_014,Beauty,160
2024-01-29,SKU_014,Beauty,131
2024-01-30,SKU_014,Beauty,130
2024-01-31,SKU_014,Beauty,160
2024-02-01,SKU_014,Beauty,197
2024-02-02,SKU_014,Beauty,230
2024-02-03,SKU_014,Beauty,180
2024-02-04,SKU_014,Beauty,141
2024-02-05,SKU_014,Beauty,155
2024-02-06,SKU_014,Beauty,146
2024-02-07,SKU_014,Beauty,181
2024-02-08,SKU_014,Beauty,164
2024-02-09,SKU_014,Beauty,203
2024-02-10,SKU_014,Beauty,194
2024-02-11,SKU_014,Beauty,173
2024-02-12,SKU_014,Beauty,147
2024-02-13,SKU_014,Beauty,134
2024-02-14,SKU_014,Beauty,179
2024-02-15,SKU_014,Beauty,183
2024-02-16,SKU_014,Beauty,222
2024-02-17,SKU_014,Beauty,201
2024-02-18,SKU_014,Beauty,150
2024-02-19,SKU_014,Beauty,149
2024-02-20,SKU_014,Beauty,123
2024-02-21,SKU_014,Beauty,147
2024-02-22,SKU_014,Beauty,199
2024-02-23,SKU_014,Beauty,220
2024-02-24,SKU_014,Beauty,202
2024-02-25,SKU_014,Beauty,160
2024-02-26,SKU_014,Beauty,125
2024-02-27,SKU_014,Beauty,141
2024-02-28,SKU_014,Beauty,144
2024-02-29,SKU_014,Beauty,194
2024-03-01,SKU_014,Beauty,179
2024-03-02,SKU_014,Beauty,180
2024-03-03,SKU_014,Beauty,151
2024-03-04,SKU_014,Beauty,124
2024-03-05,SKU_014,Beauty,146
2024-03-06,SKU_014,Beauty,156
2024-03-07,SKU_014,Beauty,203
2024-03-08,SKU_014,Beauty,201
2024-03-09,SKU_014,Beauty,189
2024-03-10,SKU_014,Beauty,143
2024-03-11,SKU_014,Beauty,130
2024-03-12,SKU_014,Beauty,148
2024-03-13,SKU_014,Beauty,146
2024-03-14,SKU_014,Beauty,189
2024-03-15,SKU_014,Beauty,196
2024-03-16,SKU_014,Beauty,188
2024-03-17,SKU_014,Beauty,160
2024-03-18,SKU_014,Beauty,127
2024-03-19,SKU_014,Beauty,111
2024-03-20,SKU_014,Beauty,179
2024-03-21,SKU_014,Beauty,198
2024-03-22,SKU_014,Beauty,210
2024-03-23,SKU_014,Beauty,158
2024-03-24,SKU_014,Beauty,139
2024-03-25,SKU_014,Beauty,143
2024-03-26,SKU_014,Beauty,134
2024-03-27,SKU_014,Beauty,139
2024-03-28,SKU_014,Beauty,194
2024-03-29,SKU_014,Beauty,180
2024-03-30,SKU_014,Beauty,159
2024-03-31,SKU_014,Beauty,146
2024-04-01,SKU_014,Beauty,135
2024-04-02,SKU_014,Beauty,114
2024-04-03,SKU_014,Beauty,167
2024-04-04,SKU_014,Beauty,174
2024-04-05,SKU_014,Beauty,228
2024-04-06,SKU_014,Beauty,158
2024-04-07,SKU_014,Beauty,157
2024-04-08,SKU_014,Beauty,119
2024-04-09,SKU_014,Beauty,117
2024-04-10,SKU_014,Beauty,159
2024-04-11,SKU_014,Beauty,183
2024-04-12,SKU_014,Beauty,189
2024-04-13,SKU_014,Beauty,183
2024-04-14,SKU_014,Beauty,131
2024-04-15,SKU_014,Beauty,130
2024-04-16,SKU_014,Beauty,120
2024-04-17,SKU_014,Beauty,157
2024-04-18,SKU_014,Beauty,167
2024-04-19,SKU_014,Beauty,190
2024-04-20,SKU_014,Beauty,167
2024-04-21,SKU_014,Beauty,152
2024-04-22,SKU_014,Beauty,111
2024-04-23,SKU_014,Beauty,111
2024-04-24,SKU_014,Beauty,137
2024-04-25,SKU_014,Beauty,159
2024-04-26,SKU_014,Beauty,173
2024-04-27,SKU_014,Beauty,159
2024-04-28,SKU_014,Beauty,147
2024-04-29,SKU_014,Beauty,120
2024-04-30,SKU_014,Beauty,134
2024-05-01,SKU_014,Beauty,140
2024-05-02,SKU_014,Beauty,155
2024-05-03,SKU_014,Beauty,181
2024-05-04,SKU_014,Beauty,144
2024-05-05,SKU_014,Beauty,136
2024-05-06,SKU_014,Beauty,109
2024-05-07,SKU_014,Beauty,105
2024-05-08,SKU_014,Beauty,125
2024-05-09,SKU_014,Beauty,150
2024-05-10,SKU_014,Beauty,180
2024-05-11,SKU_014,Beauty,154
2024-05-12,SKU_014,Beauty,115
2024-05-13,SKU_014,Beauty,121
2024-05-14,SKU_014,Beauty,107
2024-05-15,SKU_014,Beauty,124
2024-05-16,SKU_014,Beauty,152
2024-05-17,SKU_014,Beauty,159
2024-05-18,SKU_014,Beauty,142
2024-05-19,SKU_014,Beauty,110
2024-05-20,SKU_014,Beauty,93
2024-05-21,SKU_014,Beauty,77
2024-05-22,SKU_014,Beauty,115
2024-05-23,SKU_014,Beauty,167
2024-05-24,SKU_014,Beauty,142
2024-05-25,SKU_014,Beauty,172
2024-05-26,SKU_014,Beauty,130
2024-05-27,SKU_014,Beauty,112
2024-05-28,SKU_014,Beauty,115
2024-05-29,SKU_014,Beauty,141
2024-05-30,SKU_014,Beauty,149
2024-05-31,SKU_014,Beauty,142
2024-06-01,SKU_014,Beauty,135
2024-06-02,SKU_014,Beauty,101
2024-06-03,SKU_014,Beauty,93
2024-06-04,SKU_014,Beauty,110
2024-06-05,SKU_014,Beauty,125
2024-06-06,SKU_014,Beauty,133
2024-06-07,SKU_014,Beauty,134
2024-06-08,SKU_014,Beauty,135
2024-06-09,SKU_014,Beauty,110
2024-06-10,SKU_014,Beauty,103
2024-06-11,SKU_014,Beauty,94
2024-06-12,SKU_014,Beauty,123
2024-06-13,SKU_014,Beauty,144
2024-06-14,SKU_014,Beauty,142
2024-06-15,SKU_014,Beauty,134
2024-06-16,SKU_014,Beauty,97
2024-06-17,SKU_014,Beauty,67
2024-06-18,SKU_014,Beauty,82
2024-06-19,SKU_014,Beauty,102
2024-06-20,SKU_014,Beauty,137
2024-06-21,SKU_014,Beauty,116
2024-06-22,SKU_014,Beauty,122
2024-06-23,SKU_014,Beauty,103
2024-06-24,SKU_014,Beauty,84
2024-06-25,SKU_014,Beauty,80
2024-06-26,SKU_014,Beauty,91
2024-06-27,SKU_014,Beauty,124
2024-06-28,SKU_014,Beauty,115
2024-06-29,SKU_014,Beauty,111
2024-06-30,SKU_014,Beauty,113
2024-07-01,SKU_014,Beauty,80
2024-07-02,SKU_014,Beauty,72
2024-07-03,SKU_014,Beauty,100
2024-07-04,SKU_014,Beauty,115
2024-07-05,SKU_014,Beauty,132
2024-07-06,SKU_014,Beauty,110
2024-07-07,SKU_014,Beauty,109
2024-07-08,SKU_014,Beauty,90
2024-07-09,SKU_014,Beauty,88
2024-07-10,SKU_014,Beauty,104
2024-07-11,SKU_014,Beauty,95
2024-07-12,SKU_014,Beauty,130
2024-07-13,SKU_014,Beauty,103
2024-07-14,SKU_014,Beauty,106
2024-07-15,SKU_014,Beauty,84
2024-07-16,SKU_014,Beauty,80
2024-07-17,SKU_014,Beauty,89
2024-07-18,SKU_014,Beauty,120
2024-07-19,SKU_014,Beauty,138
2024-07-20,SKU_014,Beauty,96
2024-07-21,SKU_014,Beauty,92
2024-07-22,SKU_014,Beauty,79
2024-07-23,SKU_014,Beauty,90
2024-07-24,SKU_014,Beauty,87
2024-07-25,SKU_014,Beauty,115
2024-07-26,SKU_014,Beauty,112
2024-07-27,SKU_014,Beauty,132
2024-07-28,SKU_014,Beauty,97
2024-07-29,SKU_014,Beauty,75
2024-07-30,SKU_014,Beauty,75
2024-07-31,SKU_014,Beauty,99
2024-08-01,SKU_014,Beauty,102
2024-08-02,SKU_014,Beauty,115
2024-08-03,SKU_014,Beauty,105
2024-08-04,SKU_014,Beauty,86
2024-08-05,SKU_014,Beauty,73
2024-08-06,SKU_014,Beauty,82
2024-08-07,SKU_014,Beauty,94
2024-08-08,SKU_014,Beauty,120
2024-08-09,SKU_014,Beauty,123
2024-08-10,SKU_014,Beauty,117
2024-08-11,SKU_014,Beauty,68
2024-08-12,SKU_014,Beauty,68
2024-08-13,SKU_014,Beauty,63
2024-08-14,SKU_014,Beauty,95
2024-08-15,SKU_014,Beauty,132
2024-08-16,SKU_014,Beauty,101
2024-08-17,SKU_014,Beauty,106
2024-08-18,SKU_014,Beauty,99
2024-08-19,SKU_014,Beauty,91
2024-08-20,SKU_014,Beauty,81
2024-08-21,SKU_014,Beauty,75
2024-08-22,SKU_014,Beauty,109
2024-08-23,SKU_014,Beauty,111
2024-08-24,SKU_014,Beauty,95
2024-08-25,SKU_014,Beauty,85
2024-08-26,SKU_014,Beauty,80
2024-08-27,SKU_014,Beauty,82
2024-08-28,SKU_014,Beauty,83
2024-08-29,SKU_014,Beauty,108
2024-08-30,SKU_014,Beauty,111
2024-08-31,SKU_014,Beauty,106
2024-09-01,SKU_014,Beauty,91
2024-09-02,SKU_014,Beauty,85
2024-09-03,SKU_014,Beauty,71
2024-09-04,SKU_014,Beauty,81
2024-09-05,SKU_014,Beauty,96
2024-09-06,SKU_014,Beauty,113
2024-09-07,SKU_014,Beauty,95
2024-09-08,SKU_014,Beauty,93
2024-09-09,SKU_014,Beauty,71
2024-09-10,SKU_014,Beauty,82
2024-09-11,SKU_014,Beauty,109
2024-09-12,SKU_014,Beauty,98
2024-09-13,SKU_014,Beauty,113
2024-09-14,SKU_014,Beauty,112
2024-09-15,SKU_014,Beauty,92
2024-09-16,SKU_014,Beauty,100
2024-09-17,SKU_014,Beauty,88
2024-09-18,SKU_014,Beauty,97
2024-09-19,SKU_014,Beauty,131
2024-09-20,SKU_014,Beauty,124
2024-09-21,SKU_014,Beauty,103
2024-09-22,SKU_014,Beauty,95
2024-09-23,SKU_014,Beauty,82
2024-09-24,SKU_014,Beauty,87
2024-09-25,SKU_014,Beauty,91
2024-09-26,SKU_014,Beauty,135
2024-09-27,SKU_014,Beauty,134
2024-09-28,SKU_014,Beauty,128
2024-09-29,SKU_014,Beauty,100
2024-09-30,SKU_014,Beauty,99
2024-10-01,SKU_014,Beauty,54
2024-10-02,SKU_014,Beauty,118
2024-10-03,SKU_014,Beauty,152
2024-10-04,SKU_014,Beauty,145
2024-10-05,SKU_014,Beauty,139
2024-10-06,SKU_014,Beauty,93
2024-10-07,SKU_014,Beauty,92
2024-10-08,SKU_014,Beauty,81
2024-10-09,SKU_014,Beauty,94
2024-10-10,SKU_014,Beauty,135
2024-10-11,SKU_014,Beauty,115
2024-10-12,SKU_014,Beauty,123
2024-10-13,SKU_014,Beauty,106
2024-10-14,SKU_014,Beauty,105
2024-10-15,SKU_014,Beauty,75
2024-10-16,SKU_014,Beauty,120
2024-10-17,SKU_014,Beauty,133
2024-10-18,SKU_014,Beauty,137
2024-10-19,SKU_014,Beauty,130
2024-10-20,SKU_014,Beauty,103
2024-10-21,SKU_014,Beauty,88
2024-10-22,SKU_014,Beauty,101
2024-10-23,SKU_014,Beauty,127
2024-10-24,SKU_014,Beauty,140
2024-10-25,SKU_014,Beauty,165
2024-10-26,SKU_014,Beauty,166
2024-10-27,SKU_014,Beauty,120
2024-10-28,SKU_014,Beauty,103
2024-10-29,SKU_014,Beauty,98
2024-10-30,SKU_014,Beauty,126
2024-10-31,SKU_014,Beauty,167
2024-11-01,SKU_014,Beauty,174
2024-11-02,SKU_014,Beauty,162
2024-11-03,SKU_014,Beauty,115
2024-11-04,SKU_014,Beauty,107
2024-11-05,SKU_014,Beauty,95
2024-11-06,SKU_014,Beauty,118
2024-11-07,SKU_014,Beauty,148
2024-11-08,SKU_014,Beauty,156
2024-11-09,SKU_014,Beauty,149
2024-11-10,SKU_014,Beauty,120
2024-11-11,SKU_014,Beauty,101
2024-11-12,SKU_014,Beauty,112
2024-11-13,SKU_014,Beauty,162
2024-11-14,SKU_014,Beauty,156
2024-11-15,SKU_014,Beauty,155
2024-11-16,SKU_014,Beauty,174
2024-11-17,SKU_014,Beauty,138
2024-11-18,SKU_014,Beauty,119
2024-11-19,SKU_014,Beauty,112
2024-11-20,SKU_014,Beauty,141
2024-11-21,SKU_014,Beauty,168
2024-11-22,SKU_014,Beauty,179
2024-11-23,SKU_014,Beauty,153
2024-11-24,SKU_014,Beauty,139
2024-11-25,SKU_014,Beauty,123
2024-11-26,SKU_014,Beauty,106
2024-11-27,SKU_014,Beauty,162
2024-11-28,SKU_014,Beauty,170
2024-11-29,SKU_014,Beauty,187
2024-11-30,SKU_014,Beauty,204
2024-12-01,SKU_014,Beauty,164
2024-12-02,SKU_014,Beauty,118
2024-12-03,SKU_014,Beauty,123
2024-12-04,SKU_014,Beauty,152
2024-12-05,SKU_014,Beauty,176
2024-12-06,SKU_014,Beauty,193
2024-12-07,SKU_014,Beauty,168
2024-12-08,SKU_014,Beauty,150
2024-12-09,SKU_014,Beauty,109
2024-12-10,SKU_014,Beauty,115
2024-12-11,SKU_014,Beauty,164
2024-12-12,SKU_014,Beauty,190
2024-12-13,SKU_014,Beauty,198
2024-12-14,SKU_014,Beauty,172
2024-12-15,SKU_014,Beauty,144
2024-12-16,SKU_014,Beauty,130
2024-12-17,SKU_014,Beauty,122
2024-12-18,SKU_014,Beauty,185
2024-12-19,SKU_014,Beauty,188
2024-12-20,SKU_014,Beauty,188
2024-12-21,SKU_014,Beauty,179
2024-12-22,SKU_014,Beauty,168
2024-12-23,SKU_014,Beauty,129
2024-12-24,SKU_014,Beauty,157
2024-12-25,SKU_014,Beauty,134
2024-12-26,SKU_014,Beauty,206
2024-12-27,SKU_014,Beauty,203
2024-12-28,SKU_014,Beauty,191
2024-12-29,SKU_014,Beauty,153
2024-12-30,SKU_014,Beauty,129
2023-01-01,SKU_015,Beauty,102
2023-01-02,SKU_015,Beauty,77
2023-01-03,SKU_015,Beauty,75
2023-01-04,SKU_015,Beauty,81
2023-01-05,SKU_015,Beauty,106
2023-01-06,SKU_015,Beauty,115
2023-01-07,SKU_015,Beauty,97
2023-01-08,SKU_015,Beauty,86
2023-01-09,SKU_015,Beauty,72
2023-01-10,SKU_015,Beauty,66
2023-01-11,SKU_015,Beauty,85
2023-01-12,SKU_015,Beauty,88
2023-01-13,SKU_015,Beauty,102
2023-01-14,SKU_015,Beauty,97
2023-01-15,SKU_015,Beauty,96
2023-01-16,SKU_015,Beauty,79
2023-01-17,SKU_015,Beauty,77
2023-01-18,SKU_015,Beauty,79
2023-01-19,SKU_015,Beauty,119
2023-01-20,SKU_015,Beauty,119
2023-01-21,SKU_015,Beauty,104
2023-01-22,SKU_015,Beauty,93
2023-01-23,SKU_015,Beauty,67
2023-01-24,SKU_015,Beauty,83
2023-01-25,SKU_015,Beauty,94
2023-01-26,SKU_015,Beauty,105
2023-01-27,SKU_015,Beauty,129
2023-01-28,SKU_015,Beauty,97
2023-01-29,SKU_015,Beauty,93
2023-01-30,SKU_015,Beauty,84
2023-01-31,SKU_015,Beauty,79
2023-02-01,SKU_015,Beauty,95
2023-02-02,SKU_015,Beauty,106
2023-02-03,SKU_015,Beauty,137
2023-02-04,SKU_015,Beauty,115
2023-02-05,SKU_015,Beauty,89
2023-02-06,SKU_015,Beauty,69
2023-02-07,SKU_015,Beauty,71
2023-02-08,SKU_015,Beauty,95
2023-02-09,SKU_015,Beauty,109
2023-02-10,SKU_015,Beauty,123
2023-02-11,SKU_015,Beauty,120
2023-02-12,SKU_015,Beauty,94
2023-02-13,SKU_015,Beauty,66
2023-02-14,SKU_015,Beauty,73
2023-02-15,SKU_015,Beauty,92
2023-02-16,SKU_015,Beauty,106
2023-02-17,SKU_015,Beauty,119
2023-02-18,SKU_015,Beauty,125
2023-02-19,SKU_015,Beauty,100
2023-02-20,SKU_015,Beauty,73
2023-02-21,SKU_015,Beauty,79
2023-02-22,SKU_015,Beauty,92
2023-02-23,SKU_015,Beauty,124
2023-02-24,SKU_015,Beauty,115
2023-02-25,SKU_015,Beauty,98
2023-02-26,SKU_015,Beauty,103
2023-02-27,SKU_015,Beauty,82
2023-02-28,SKU_015,Beauty,84
2023-03-01,SKU_015,Beauty,94
2023-03-02,SKU_015,Beauty,110
2023-03-03,SKU_015,Beauty,123
2023-03-04,SKU_015,Beauty,105
2023-03-05,SKU_015,Beauty,74
2023-03-06,SKU_015,Beauty,94
2023-03-07,SKU_015,Beauty,85
2023-03-08,SKU_015,Beauty,89
2023-03-09,SKU_015,Beauty,118
2023-03-10,SKU_015,Beauty,111
2023-03-11,SKU_015,Beauty,103
2023-03-12,SKU_015,Beauty,78
2023-03-13,SKU_015,Beauty,78
2023-03-14,SKU_015,Beauty,74
2023-03-15,SKU_015,Beauty,103
2023-03-16,SKU_015,Beauty,121
2023-03-17,SKU_015,Beauty,122
2023-03-18,SKU_015,Beauty,106
2023-03-19,SKU_015,Beauty,96
2023-03-20,SKU_015,Beauty,83
2023-03-21,SKU_015,Beauty,79
2023-03-22,SKU_015,Beauty,92
2023-03-23,SKU_015,Beauty,98
2023-03-24,SKU_015,Beauty,85
2023-03-25,SKU_015,Beauty,104
2023-03-26,SKU_015,Beauty,91
2023-03-27,SKU_015,Beauty,73
2023-03-28,SKU_015,Beauty,78
2023-03-29,SKU_015,Beauty,80
2023-03-30,SKU_015,Beauty,110
2023-03-31,SKU_015,Beauty,116
2023-04-01,SKU_015,Beauty,105
2023-04-02,SKU_015,Beauty,92
2023-04-03,SKU_015,Beauty,90
2023-04-04,SKU_015,Beauty,76
2023-04-05,SKU_015,Beauty,98
2023-04-06,SKU_015,Beauty,118
2023-04-07,SKU_015,Beauty,98
2023-04-08,SKU_015,Beauty,96
2023-04-09,SKU_015,Beauty,85
2023-04-10,SKU_015,Beauty,80
2023-04-11,SKU_015,Beauty,81
2023-04-12,SKU_015,Beauty,88
2023-04-13,SKU_015,Beauty,108
2023-04-14,SKU_015,Beauty,120
2023-04-15,SKU_015,Beauty,119
2023-04-16,SKU_015,Beauty,80
2023-04-17,SKU_015,Beauty,66
2023-04-18,SKU_015,Beauty,78
2023-04-19,SKU_015,Beauty,74
2023-04-20,SKU_015,Beauty,93
2023-04-21,SKU_015,Beauty,93
2023-04-22,SKU_015,Beauty,92
2023-04-23,SKU_015,Beauty,110
2023-04-24,SKU_015,Beauty,77
2023-04-25,SKU_015,Beauty,62
2023-04-26,SKU_015,Beauty,100
2023-04-27,SKU_015,Beauty,96
2023-04-28,SKU_015,Beauty,99
2023-04-29,SKU_015,Beauty,91
2023-04-30,SKU_015,Beauty,78
2023-05-01,SKU_015,Beauty,67
2023-05-02,SKU_015,Beauty,73
2023-05-03,SKU_015,Beauty,79
2023-05-04,SKU_015,Beauty,105
2023-05-05,SKU_015,Beauty,96
2023-05-06,SKU_015,Beauty,98
2023-05-07,SKU_015,Beauty,107
2023-05-08,SKU_015,Beauty,60
2023-05-09,SKU_015,Beauty,63
2023-05-10,SKU_015,Beauty,60
2023-05-11,SKU_015,Beauty,89
2023-05-12,SKU_015,Beauty,89
2023-05-13,SKU_015,Beauty,95
2023-05-14,SKU_015,Beauty,76
2023-05-15,SKU_015,Beauty,65
2023-05-16,SKU_015,Beauty,55
2023-05-17,SKU_015,Beauty,58
2023-05-18,SKU_015,Beauty,93
2023-05-19,SKU_015,Beauty,93
2023-05-20,SKU_015,Beauty,89
2023-05-21,SKU_015,Beauty,73
2023-05-22,SKU_015,Beauty,57
2023-05-23,SKU_015,Beauty,56
2023-05-24,SKU_015,Beauty,62
2023-05-25,SKU_015,Beauty,77
2023-05-26,SKU_015,Beauty,95
2023-05-27,SKU_015,Beauty,78
2023-05-28,SKU_015,Beauty,81
2023-05-29,SKU_015,Beauty,54
2023-05-30,SKU_015,Beauty,59
2023-05-31,SKU_015,Beauty,75
2023-06-01,SKU_015,Beauty,73
2023-06-02,SKU_015,Beauty,92
2023-06-03,SKU_015,Beauty,76
2023-06-04,SKU_015,Beauty,76
2023-06-05,SKU_015,Beauty,43
2023-06-06,SKU_015,Beauty,44
2023-06-07,SKU_015,Beauty,63
2023-06-08,SKU_015,Beauty,69
2023-06-09,SKU_015,Beauty,94
2023-06-10,SKU_015,Beauty,69
2023-06-11,SKU_015,Beauty,57
2023-06-12,SKU_015,Beauty,65
2023-06-13,SKU_015,Beauty,64
2023-06-14,SKU_015,Beauty,72
2023-06-15,SKU_015,Beauty,60
2023-06-16,SKU_015,Beauty,74
2023-06-17,SKU_015,Beauty,84
2023-06-18,SKU_015,Beauty,60
2023-06-19,SKU_015,Beauty,48
2023-06-20,SKU_015,Beauty,46
2023-06-21,SKU_015,Beauty,58
2023-06-22,SKU_015,Beauty,68
2023-06-23,SKU_015,Beauty,84
2023-06-24,SKU_015,Beauty,75
2023-06-25,SKU_015,Beauty,55
2023-06-26,SKU_015,Beauty,36
2023-06-27,SKU_015,Beauty,52
2023-06-28,SKU_015,Beauty,77
2023-06-29,SKU_015,Beauty,63
2023-06-30,SKU_015,Beauty,73
2023-07-01,SKU_015,Beauty,71
2023-07-02,SKU_015,Beauty,51
2023-07-03,SKU_015,Beauty,41
2023-07-04,SKU_015,Beauty,44
2023-07-05,SKU_015,Beauty,43
2023-07-06,SKU_015,Beauty,87
2023-07-07,SKU_015,Beauty,89
2023-07-08,SKU_015,Beauty,75
2023-07-09,SKU_015,Beauty,53
2023-07-10,SKU_015,Beauty,46
2023-07-11,SKU_015,Beauty,57
2023-07-12,SKU_015,Beauty,69
2023-07-13,SKU_015,Beauty,66
2023-07-14,SKU_015,Beauty,71
2023-07-15,SKU_015,Beauty,59
2023-07-16,SKU_015,Beauty,56
2023-07-17,SKU_015,Beauty,42
2023-07-18,SKU_015,Beauty,47
2023-07-19,SKU_015,Beauty,52
2023-07-20,SKU_015,Beauty,69
2023-07-21,SKU_015,Beauty,65
2023-07-22,SKU_015,Beauty,52
2023-07-23,SKU_015,Beauty,54
2023-07-24,SKU_015,Beauty,42
2023-07-25,SKU_015,Beauty,47
2023-07-26,SKU_015,Beauty,57
2023-07-27,SKU_015,Beauty,73
2023-07-28,SKU_015,Beauty,63
2023-07-29,SKU_015,Beauty,62
2023-07-30,SKU_015,Beauty,54
2023-07-31,SKU_015,Beauty,46
2023-08-01,SKU_015,Beauty,45
2023-08-02,SKU_015,Beauty,53
2023-08-03,SKU_015,Beauty,64
2023-08-04,SKU_015,Beauty,63
2023-08-05,SKU_015,Beauty,56
2023-08-06,SKU_015,Beauty,58
2023-08-07,SKU_015,Beauty,47
2023-08-08,SKU_015,Beauty,42
2023-08-09,SKU_015,Beauty,51
2023-08-10,SKU_015,Beauty,85
2023-08-11,SKU_015,Beauty,57
2023-08-12,SKU_015,Beauty,63
2023-08-13,SKU_015,Beauty,46
2023-08-14,SKU_015,Beauty,50
2023-08-15,SKU_015,Beauty,38
2023-08-16,SKU_015,Beauty,48
2023-08-17,SKU_015,Beauty,74
2023-08-18,SKU_015,Beauty,68
2023-08-19,SKU_015,Beauty,56
2023-08-20,SKU_015,Beauty,54
2023-08-21,SKU_015,Beauty,47
2023-08-22,SKU_015,Beauty,37
2023-08-23,SKU_015,Beauty,56
2023-08-24,SKU_015,Beauty,59
2023-08-25,SKU_015,Beauty,54
2023-08-26,SKU_015,Beauty,57
2023-08-27,SKU_015,Beauty,64
2023-08-28,SKU_015,Beauty,43
2023-08-29,SKU_015,Beauty,51
2023-08-30,SKU_015,Beauty,58
2023-08-31,SKU_015,Beauty,58
2023-09-01,SKU_015,Beauty,73
2023-09-02,SKU_015,Beauty,59
2023-09-03,SKU_015,Beauty,45
2023-09-04,SKU_015,Beauty,44
2023-09-05,SKU_015,Beauty,56
2023-09-06,SKU_015,Beauty,58
2023-09-07,SKU_015,Beauty,54
2023-09-08,SKU_015,Beauty,80
2023-09-09,SKU_015,Beauty,79
2023-09-10,SKU_015,Beauty,46
2023-09-11,SKU_015,Beauty,49
2023-09-12,SKU_015,Beauty,38
2023-09-13,SKU_015,Beauty,62
2023-09-14,SKU_015,Beauty,69
2023-09-15,SKU_015,Beauty,99
2023-09-16,SKU_015,Beauty,85
2023-09-17,SKU_015,Beauty,68
2023-09-18,SKU_015,Beauty,50
2023-09-19,SKU_015,Beauty,54
2023-09-20,SKU_015,Beauty,56
2023-09-21,SKU_015,Beauty,58
2023-09-22,SKU_015,Beauty,94
2023-09-23,SKU_015,Beauty,56
2023-09-24,SKU_015,Beauty,55
2023-09-25,SKU_015,Beauty,57
2023-09-26,SKU_015,Beauty,40
2023-09-27,SKU_015,Beauty,48
2023-09-28,SKU_015,Beauty,71
2023-09-29,SKU_015,Beauty,77
2023-09-30,SKU_015,Beauty,75
2023-10-01,SKU_015,Beauty,56
2023-10-02,SKU_015,Beauty,31
2023-10-03,SKU_015,Beauty,46
2023-10-04,SKU_015,Beauty,59
2023-10-05,SKU_015,Beauty,66
2023-10-06,SKU_015,Beauty,85
2023-10-07,SKU_015,Beauty,101
2023-10-08,SKU_015,Beauty,52
2023-10-09,SKU_015,Beauty,49
2023-10-10,SKU_015,Beauty,48
2023-10-11,SKU_015,Beauty,66
2023-10-12,SKU_015,Beauty,83
2023-10-13,SKU_015,Beauty,90
2023-10-14,SKU_015,Beauty,98
2023-10-15,SKU_015,Beauty,66
2023-10-16,SKU_015,Beauty,52
2023-10-17,SKU_015,Beauty,50
2023-10-18,SKU_015,Beauty,57
2023-10-19,SKU_015,Beauty,93
2023-10-20,SKU_015,Beauty,84
2023-10-21,SKU_015,Beauty,76
2023-10-22,SKU_015,Beauty,66
2023-10-23,SKU_015,Beauty,61
2023-10-24,SKU_015,Beauty,54
2023-10-25,SKU_015,Beauty,58
2023-10-26,SKU_015,Beauty,87
2023-10-27,SKU_015,Beauty,105
2023-10-28,SKU_015,Beauty,77
2023-10-29,SKU_015,Beauty,75
2023-10-30,SKU_015,Beauty,67
2023-10-31,SKU_015,Beauty,67
2023-11-01,SKU_015,Beauty,74
2023-11-02,SKU_015,Beauty,84
2023-11-03,SKU_015,Beauty,76
2023-11-04,SKU_015,Beauty,84
2023-11-05,SKU_015,Beauty,62
2023-11-06,SKU_015,Beauty,60
2023-11-07,SKU_015,Beauty,65
2023-11-08,SKU_015,Beauty,75
2023-11-09,SKU_015,Beauty,97
2023-11-10,SKU_015,Beauty,112
2023-11-11,SKU_015,Beauty,82
2023-11-12,SKU_015,Beauty,71
2023-11-13,SKU_015,Beauty,73
2023-11-14,SKU_015,Beauty,87
2023-11-15,SKU_015,Beauty,79
2023-11-16,SKU_015,Beauty,90
2023-11-17,SKU_015,Beauty,104
2023-11-18,SKU_015,Beauty,84
2023-11-19,SKU_015,Beauty,76
2023-11-20,SKU_015,Beauty,70
2023-11-21,SKU_015,Beauty,63
2023-11-22,SKU_015,Beauty,87
2023-11-23,SKU_015,Beauty,106
2023-11-24,SKU_015,Beauty,109
2023-11-25,SKU_015,Beauty,110
2023-11-26,SKU_015,Beauty,90
2023-11-27,SKU_015,Beauty,75
2023-11-28,SKU_015,Beauty,57
2023-11-29,SKU_015,Beauty,89
2023-11-30,SKU_015,Beauty,91
2023-12-01,SKU_015,Beauty,103
2023-12-02,SKU_015,Beauty,101
2023-12-03,SKU_015,Beauty,83
2023-12-04,SKU_015,Beauty,73
2023-12-05,SKU_015,Beauty,71
2023-12-06,SKU_015,Beauty,79
2023-12-07,SKU_015,Beauty,94
2023-12-08,SKU_015,Beauty,108
2023-12-09,SKU_015,Beauty,104
2023-12-10,SKU_015,Beauty,75
2023-12-11,SKU_015,Beauty,52
2023-12-12,SKU_015,Beauty,89
2023-12-13,SKU_015,Beauty,74
2023-12-14,SKU_015,Beauty,106
2023-12-15,SKU_015,Beauty,116
2023-12-16,SKU_015,Beauty,110
2023-12-17,SKU_015,Beauty,91
2023-12-18,SKU_015,Beauty,67
2023-12-19,SKU_015,Beauty,79
2023-12-20,SKU_015,Beauty,111
2023-12-21,SKU_015,Beauty,99
2023-12-22,SKU_015,Beauty,112
2023-12-23,SKU_015,Beauty,102
2023-12-24,SKU_015,Beauty,95
2023-12-25,SKU_015,Beauty,83
2023-12-26,SKU_015,Beauty,71
2023-12-27,SKU_015,Beauty,92
2023-12-28,SKU_015,Beauty,112
2023-12-29,SKU_015,Beauty,129
2023-12-30,SKU_015,Beauty,116
2023-12-31,SKU_015,Beauty,93
2024-01-01,SKU_015,Beauty,74
2024-01-02,SKU_015,Beauty,81
2024-01-03,SKU_015,Beauty,81
2024-01-04,SKU_015,Beauty,123
2024-01-05,SKU_015,Beauty,119
2024-01-06,SKU_015,Beauty,102
2024-01-07,SKU_015,Beauty,77
2024-01-08,SKU_015,Beauty,83
2024-01-09,SKU_015,Beauty,72
2024-01-10,SKU_015,Beauty,93
2024-01-11,SKU_015,Beauty,106
2024-01-12,SKU_015,Beauty,108
2024-01-13,SKU_015,Beauty,118
2024-01-14,SKU_015,Beauty,100
2024-01-15,SKU_015,Beauty,88
2024-01-16,SKU_015,Beauty,83
2024-01-17,SKU_015,Beauty,95
2024-01-18,SKU_015,Beauty,113
2024-01-19,SKU_015,Beauty,140
2024-01-20,SKU_015,Beauty,111
2024-01-21,SKU_015,Beauty,91
2024-01-22,SKU_015,Beauty,74
2024-01-23,SKU_015,Beauty,70
2024-01-24,SKU_015,Beauty,111
2024-01-25,SKU_015,Beauty,133
2024-01-26,SKU_015,Beauty,121
2024-01-27,SKU_015,Beauty,113
2024-01-28,SKU_015,Beauty,99
2024-01-29,SKU_015,Beauty,91
2024-01-30,SKU_015,Beauty,82
2024-01-31,SKU_015,Beauty,100
2024-02-01,SKU_015,Beauty,128
2024-02-02,SKU_015,Beauty,120
2024-02-03,SKU_015,Beauty,99
2024-02-04,SKU_015,Beauty,103
2024-02-05,SKU_015,Beauty,83
2024-02-06,SKU_015,Beauty,83
2024-02-07,SKU_015,Beauty,109
2024-02-08,SKU_015,Beauty,136
2024-02-09,SKU_015,Beauty,138
2024-02-10,SKU_015,Beauty,103
2024-02-11,SKU_015,Beauty,105
2024-02-12,SKU_015,Beauty,78
2024-02-13,SKU_015,Beauty,78
2024-02-14,SKU_015,Beauty,116
2024-02-15,SKU_015,Beauty,113
2024-02-16,SKU_015,Beauty,130
2024-02-17,SKU_015,Beauty,118
2024-02-18,SKU_015,Beauty,106
2024-02-19,SKU_015,Beauty,95
2024-02-20,SKU_015,Beauty,86
2024-02-21,SKU_015,Beauty,107
2024-02-22,SKU_015,Beauty,112
2024-02-23,SKU_015,Beauty,126
2024-02-24,SKU_015,Beauty,110
2024-02-25,SKU_015,Beauty,103
2024-02-26,SKU_015,Beauty,72
2024-02-27,SKU_015,Beauty,79
2024-02-28,SKU_015,Beauty,107
2024-02-29,SKU_015,Beauty,121
2024-03-01,SKU_015,Beauty,130
2024-03-02,SKU_015,Beauty,131
2024-03-03,SKU_015,Beauty,91
2024-03-04,SKU_015,Beauty,85
2024-03-05,SKU_015,Beauty,77
2024-03-06,SKU_015,Beauty,107
2024-03-07,SKU_015,Beauty,102
2024-03-08,SKU_015,Beauty,143
2024-03-09,SKU_015,Beauty,113
2024-03-10,SKU_015,Beauty,95
2024-03-11,SKU_015,Beauty,84
2024-03-12,SKU_015,Beauty,102
2024-03-13,SKU_015,Beauty,78
2024-03-14,SKU_015,Beauty,130
2024-03-15,SKU_015,Beauty,130
2024-03-16,SKU_015,Beauty,120
2024-03-17,SKU_015,Beauty,98
2024-03-18,SKU_015,Beauty,86
2024-03-19,SKU_015,Beauty,78
2024-03-20,SKU_015,Beauty,93
2024-03-21,SKU_015,Beauty,126
2024-03-22,SKU_015,Beauty,115
2024-03-23,SKU_015,Beauty,106
2024-03-24,SKU_015,Beauty,91
2024-03-25,SKU_015,Beauty,87
2024-03-26,SKU_015,Beauty,84
2024-03-27,SKU_015,Beauty,89
2024-03-28,SKU_015,Beauty,132
2024-03-29,SKU_015,Beauty,145
2024-03-30,SKU_015,Beauty,124
2024-03-31,SKU_015,Beauty,95
2024-04-01,SKU_015,Beauty,86
2024-04-02,SKU_015,Beauty,87
2024-04-03,SKU_015,Beauty,112
2024-04-04,SKU_015,Beauty,102
2024-04-05,SKU_015,Beauty,114
2024-04-06,SKU_015,Beauty,122
2024-04-07,SKU_015,Beauty,78
2024-04-08,SKU_015,Beauty,80
2024-04-09,SKU_015,Beauty,77
2024-04-10,SKU_015,Beauty,93
2024-04-11,SKU_015,Beauty,119
2024-04-12,SKU_015,Beauty,127
2024-04-13,SKU_015,Beauty,127
2024-04-14,SKU_015,Beauty,102
2024-04-15,SKU_015,Beauty,63
2024-04-16,SKU_015,Beauty,91
2024-04-17,SKU_015,Beauty,96
2024-04-18,SKU_015,Beauty,110
2024-04-19,SKU_015,Beauty,119
2024-04-20,SKU_015,Beauty,118
2024-04-21,SKU_015,Beauty,85
2024-04-22,SKU_015,Beauty,70
2024-04-23,SKU_015,Beauty,67
2024-04-24,SKU_015,Beauty,79
2024-04-25,SKU_015,Beauty,112
2024-04-26,SKU_015,Beauty,94
2024-04-27,SKU_015,Beauty,120
2024-04-28,SKU_015,Beauty,83
2024-04-29,SKU_015,Beauty,84
2024-04-30,SKU_015,Beauty,77
2024-05-01,SKU_015,Beauty,77
2024-05-02,SKU_015,Beauty,90
2024-05-03,SKU_015,Beauty,114
2024-05-04,SKU_015,Beauty,95
2024-05-05,SKU_015,Beauty,85
2024-05-06,SKU_015,Beauty,64
2024-05-07,SKU_015,Beauty,60
2024-05-08,SKU_015,Beauty,76
2024-05-09,SKU_015,Beauty,91
2024-05-10,SKU_015,Beauty,195
2024-05-11,SKU_015,Beauty,177
2024-05-12,SKU_015,Beauty,76
2024-05-13,SKU_015,Beauty,72
2024-05-14,SKU_015,Beauty,64
2024-05-15,SKU_015,Beauty,82
2024-05-16,SKU_015,Beauty,107
2024-05-17,SKU_015,Beauty,118
2024-05-18,SKU_015,Beauty,100
2024-05-19,SKU_015,Beauty,84
2024-05-20,SKU_015,Beauty,74
2024-05-21,SKU_015,Beauty,59
2024-05-22,SKU_015,Beauty,73
2024-05-23,SKU_015,Beauty,73
2024-05-24,SKU_015,Beauty,118
2024-05-25,SKU_015,Beauty,84
2024-05-26,SKU_015,Beauty,73
2024-05-27,SKU_015,Beauty,64
2024-05-28,SKU_015,Beauty,54
2024-05-29,SKU_015,Beauty,77
2024-05-30,SKU_015,Beauty,79
2024-05-31,SKU_015,Beauty,99
2024-06-01,SKU_015,Beauty,93
2024-06-02,SKU_015,Beauty,82
2024-06-03,SKU_015,Beauty,60
2024-06-04,SKU_015,Beauty,73
2024-06-05,SKU_015,Beauty,69
2024-06-06,SKU_015,Beauty,88
2024-06-07,SKU_015,Beauty,94
2024-06-08,SKU_015,Beauty,80
2024-06-09,SKU_015,Beauty,73
2024-06-10,SKU_015,Beauty,62
2024-06-11,SKU_015,Beauty,49
2024-06-12,SKU_015,Beauty,66
2024-06-13,SKU_015,Beauty,72
2024-06-14,SKU_015,Beauty,85
2024-06-15,SKU_015,Beauty,71
2024-06-16,SKU_015,Beauty,77
2024-06-17,SKU_015,Beauty,58
2024-06-18,SKU_015,Beauty,60
2024-06-19,SKU_015,Beauty,59
2024-06-20,SKU_015,Beauty,91
2024-06-21,SKU_015,Beauty,68
2024-06-22,SKU_015,Beauty,84
2024-06-23,SKU_015,Beauty,58
2024-06-24,SKU_015,Beauty,68
2024-06-25,SKU_015,Beauty,61
2024-06-26,SKU_015,Beauty,69
2024-06-27,SKU_015,Beauty,87
2024-06-28,SKU_015,Beauty,76
2024-06-29,SKU_015,Beauty,84
2024-06-30,SKU_015,Beauty,67
2024-07-01,SKU_015,Beauty,40
2024-07-02,SKU_015,Beauty,52
2024-07-03,SKU_015,Beauty,55
2024-07-04,SKU_015,Beauty,63
2024-07-05,SKU_015,Beauty,83
2024-07-06,SKU_015,Beauty,61
2024-07-07,SKU_015,Beauty,72
2024-07-08,SKU_015,Beauty,51
2024-07-09,SKU_015,Beauty,46
2024-07-10,SKU_015,Beauty,42
2024-07-11,SKU_015,Beauty,53
2024-07-12,SKU_015,Beauty,83
2024-07-13,SKU_015,Beauty,69
2024-07-14,SKU_015,Beauty,76
2024-07-15,SKU_015,Beauty,45
2024-07-16,SKU_015,Beauty,41
2024-07-17,SKU_015,Beauty,55
2024-07-18,SKU_015,Beauty,67
2024-07-19,SKU_015,Beauty,87
2024-07-20,SKU_015,Beauty,65
2024-07-21,SKU_015,Beauty,60
2024-07-22,SKU_015,Beauty,52
2024-07-23,SKU_015,Beauty,42
2024-07-24,SKU_015,Beauty,58
2024-07-25,SKU_015,Beauty,68
2024-07-26,SKU_015,Beauty,81
2024-07-27,SKU_015,Beauty,72
2024-07-28,SKU_015,Beauty,53
2024-07-29,SKU_015,Beauty,48
2024-07-30,SKU_015,Beauty,38
2024-07-31,SKU_015,Beauty,54
2024-08-01,SKU_015,Beauty,66
2024-08-02,SKU_015,Beauty,80
2024-08-03,SKU_015,Beauty,69
2024-08-04,SKU_015,Beauty,50
2024-08-05,SKU_015,Beauty,45
2024-08-06,SKU_015,Beauty,43
2024-08-07,SKU_015,Beauty,47
2024-08-08,SKU_015,Beauty,76
2024-08-09,SKU_015,Beauty,59
2024-08-10,SKU_015,Beauty,68
2024-08-11,SKU_015,Beauty,52
2024-08-12,SKU_015,Beauty,56
2024-08-13,SKU_015,Beauty,53
2024-08-14,SKU_015,Beauty,63
2024-08-15,SKU_015,Beauty,65
2024-08-16,SKU_015,Beauty,81
2024-08-17,SKU_015,Beauty,70
2024-08-18,SKU_015,Beauty,49
2024-08-19,SKU_015,Beauty,43
2024-08-20,SKU_015,Beauty,47
2024-08-21,SKU_015,Beauty,61
2024-08-22,SKU_015,Beauty,61
2024-08-23,SKU_015,Beauty,86
2024-08-24,SKU_015,Beauty,78
2024-08-25,SKU_015,Beauty,68
2024-08-26,SKU_015,Beauty,54
2024-08-27,SKU_015,Beauty,45
2024-08-28,SKU_015,Beauty,47
2024-08-29,SKU_015,Beauty,69
2024-08-30,SKU_015,Beauty,69
2024-08-31,SKU_015,Beauty,68
2024-09-01,SKU_015,Beauty,66
2024-09-02,SKU_015,Beauty,41
2024-09-03,SKU_015,Beauty,61
2024-09-04,SKU_015,Beauty,48
2024-09-05,SKU_015,Beauty,60
2024-09-06,SKU_015,Beauty,84
2024-09-07,SKU_015,Beauty,66
2024-09-08,SKU_015,Beauty,51
2024-09-09,SKU_015,Beauty,38
2024-09-10,SKU_015,Beauty,54
2024-09-11,SKU_015,Beauty,65
2024-09-12,SKU_015,Beauty,68
2024-09-13,SKU_015,Beauty,91
2024-09-14,SKU_015,Beauty,69
2024-09-15,SKU_015,Beauty,49
2024-09-16,SKU_015,Beauty,53
2024-09-17,SKU_015,Beauty,45
2024-09-18,SKU_015,Beauty,61
2024-09-19,SKU_015,Beauty,68
2024-09-20,SKU_015,Beauty,75
2024-09-21,SKU_015,Beauty,84
2024-09-22,SKU_015,Beauty,74
2024-09-23,SKU_015,Beauty,53
2024-09-24,SKU_015,Beauty,47
2024-09-25,SKU_015,Beauty,68
2024-09-26,SKU_015,Beauty,77
2024-09-27,SKU_015,Beauty,93
2024-09-28,SKU_015,Beauty,67
2024-09-29,SKU_015,Beauty,54
2024-09-30,SKU_015,Beauty,64
2024-10-01,SKU_015,Beauty,50
2024-10-02,SKU_015,Beauty,41
2024-10-03,SKU_015,Beauty,83
2024-10-04,SKU_015,Beauty,64
2024-10-05,SKU_015,Beauty,76
2024-10-06,SKU_015,Beauty,72
2024-10-07,SKU_015,Beauty,63
2024-10-08,SKU_015,Beauty,47
2024-10-09,SKU_015,Beauty,81
2024-10-10,SKU_015,Beauty,81
2024-10-11,SKU_015,Beauty,78
2024-10-12,SKU_015,Beauty,80
2024-10-13,SKU_015,Beauty,73
2024-10-14,SKU_015,Beauty,60
2024-10-15,SKU_015,Beauty,55
2024-10-16,SKU_015,Beauty,77
2024-10-17,SKU_015,Beauty,73
2024-10-18,SKU_015,Beauty,77
2024-10-19,SKU_015,Beauty,88
2024-10-20,SKU_015,Beauty,77
2024-10-21,SKU_015,Beauty,50
2024-10-22,SKU_015,Beauty,68
2024-10-23,SKU_015,Beauty,90
2024-10-24,SKU_015,Beauty,82
2024-10-25,SKU_015,Beauty,98
2024-10-26,SKU_015,Beauty,77
2024-10-27,SKU_015,Beauty,91
2024-10-28,SKU_015,Beauty,67
2024-10-29,SKU_015,Beauty,72
2024-10-30,SKU_015,Beauty,69
2024-10-31,SKU_015,Beauty,78
2024-11-01,SKU_015,Beauty,113
2024-11-02,SKU_015,Beauty,113
2024-11-03,SKU_015,Beauty,88
2024-11-04,SKU_015,Beauty,78
2024-11-05,SKU_015,Beauty,73
2024-11-06,SKU_015,Beauty,78
2024-11-07,SKU_015,Beauty,94
2024-11-08,SKU_015,Beauty,92
2024-11-09,SKU_015,Beauty,104
2024-11-10,SKU_015,Beauty,75
2024-11-11,SKU_015,Beauty,71
2024-11-12,SKU_015,Beauty,74
2024-11-13,SKU_015,Beauty,72
2024-11-14,SKU_015,Beauty,97
2024-11-15,SKU_015,Beauty,126
2024-11-16,SKU_015,Beauty,95
2024-11-17,SKU_015,Beauty,91
2024-11-18,SKU_015,Beauty,59
2024-11-19,SKU_015,Beauty,57
2024-11-20,SKU_015,Beauty,84
2024-11-21,SKU_015,Beauty,83
2024-11-22,SKU_015,Beauty,115
2024-11-23,SKU_015,Beauty,106
2024-11-24,SKU_015,Beauty,91
2024-11-25,SKU_015,Beauty,79
2024-11-26,SKU_015,Beauty,62
2024-11-27,SKU_015,Beauty,86
2024-11-28,SKU_015,Beauty,102
2024-11-29,SKU_015,Beauty,110
2024-11-30,SKU_015,Beauty,103
2024-12-01,SKU_015,Beauty,86
2024-12-02,SKU_015,Beauty,78
2024-12-03,SKU_015,Beauty,74
2024-12-04,SKU_015,Beauty,103
2024-12-05,SKU_015,Beauty,120
2024-12-06,SKU_015,Beauty,117
2024-12-07,SKU_015,Beauty,107
2024-12-08,SKU_015,Beauty,87
2024-12-09,SKU_015,Beauty,78
2024-12-10,SKU_015,Beauty,68
2024-12-11,SKU_015,Beauty,97
2024-12-12,SKU_015,Beauty,108
2024-12-13,SKU_015,Beauty,113
2024-12-14,SKU_015,Beauty,98
2024-12-15,SKU_015,Beauty,78
2024-12-16,SKU_015,Beauty,82
2024-12-17,SKU_015,Beauty,82
2024-12-18,SKU_015,Beauty,107
2024-12-19,SKU_015,Beauty,108
2024-12-20,SKU_015,Beauty,103
2024-12-21,SKU_015,Beauty,115
2024-12-22,SKU_015,Beauty,108
2024-12-23,SKU_015,Beauty,76
2024-12-24,SKU_015,Beauty,74
2024-12-25,SKU_015,Beauty,113
2024-12-26,SKU_015,Beauty,106
2024-12-27,SKU_015,Beauty,151
2024-12-28,SKU_015,Beauty,113
2024-12-29,SKU_015,Beauty,85
2024-12-30,SKU_015,Beauty,82
